Title,Sentiment,Comment
1,0,All the tosspots focusing on Vitaliks wealth completely miss the point.
2,,
3,,
4,0,Too many trolls here.
5,,
6,,
7,0,* Price information is currently the most transparent and available information in the ecosystem
8,,
9,,
10,,
11,,
12,,
13,,
14,,
15,,
16,,
17,,
18,,
19,,
20,,
21,,
22,,
23,,
24,,
25,,
26,,
27,0,"Everyone here seems to be of the mind *""Well he is rich and already made his money""*"
28,,
29,,
30,,
31,,
32,,
33,,
34,,
35,,
36,,
37,,
38,,
39,,
40,0,Respect for him for doing this!
41,0,Says the guy on the richest youngest people list...
42,0,Profit is meaningful
43,0,"profit attracts talent so that the technology will surely survive. Like tech bubble, did burst but what left turely changed the course of mankind"
44,0,"I'm very happy that there are still people around like mr. Buterin, that realize that 'money' (be it fiat, crypto or bare gold) is nothing more than a practical exchange item. It has no value on it's own."
45,,
46,,
47,,
48,,
49,,
50,,
51,,
52,,
53,,
54,,
55,,
56,,
57,0,"I agree with him,  since the harmful financial bubbles are the result of driving the price up without increasing the value of the product. This is caused by large numbers of uninformed people investing just to ""hop on the ride"" to make profits, very similar to what happened in crypto last months."
58,,
59,,
60,0,Why can't it be both?
61,0,Vitalik knows whats up. Respect to the guy.
62,0,I would think one of the first steps to cryptos achieving something meaningful is widespread adoption and public awareness. Price surges are a result of those two things.
63,0,For example Siaüëå
64,1,This is why Ethereum is great. The fact that it's a computing platform and not just a currency will only make it valuable as time goes on unlike something like Bitcoin.
65,0,The success of Ethereum has increased the number of douche bags in this forum.  That will happen with anything that gets popular though.  I know he will see through all the BS and keep working hard on Ethereum.
66,0,I still think he was sent here from another galaxy to help humanity :). he is also correct in his statement.
67,0,"He's clearly thinking on another level from a seeming majority of people on crypto-related subs, and that saddens me, though I can't say I'm surprised."
68,,
69,,
70,1,"Distributed autonomous organizations are hard to explain to people, but 100x return on investment is easy"
71,0,"I understand the sentiment but as presented, it is a **false dichotomy**."
72,,
73,,
74,,
75,,
76,,
77,0,"I don't think this is a bad thing. Prices right now are almost all driven by speculation. If the technology behind it proves, with time, to be a valuable real asset it will be good because then prices will be backed up by something more.than speculation."
78,0,headline: Young impressionable genius finds out the truth about business
79,0,The important thing being done is proving that crypto is useful and has a purpose. I'm not convinced any of these first round technologies will last but the are paving the way for sure.
80,0,"I mean, he's not wrong..."
81,0,"The big focus these days for many people is simply profit.  Society appears so dark to me, and in many ways increasingly going in a direction I feel is wrong.  I believe the crypto world is achieving something meaningful simply for it's disruptive technological factor.  All of it is giving the younger generations a greater chance to understand the underlying mechanisms at play in this world through a greater transparency of systems of scalability.  This whole universe is energy and there's many different forms of 'coin' that energy comes in.  Learning these dynamics are spiritually enlightening to me.  It's kind of nice to be able to profit while learning and so it's meaningful to me.  If others miss this message for the sake of profit, well that's their loss.  Some carve meaning out of their existence here on Earth, some show others how not to."
82,0,When you completely agree but you also want to be rich
83,0,That is why there shouldn't be support for centralized cryptos.
84,,
85,,
86,,
87,,
88,0,Like fast and reliable wallet. I still can't use Mist or Parity on my PC because it won't sync.
89,0,Most alt coins just talk about something meaningful
90,0,"Yeah, well for most of us that's exactly what crypto profits are : meaningful to us."
91,0,"just remember he didn't do it to get rich he liked the idea behind blockchain and the future it could provide, when you see him in public does he look like he has millions? you don't get much more down to earth than him really"
92,0,"Well yeah, I mean, there are few things that don't fit into that sentence."
93,,
94,,
95,,
96,,
97,,
98,,
99,0,"Easy to say when you‚Äôve already made your fortune. I mean he‚Äôs not wrong, but I think he‚Äôd be better off continuing to lead by example."
100,0,"Yeah, these price memes are flooding into XRP as well, wtf!!!!"
101,0,Pretty sure he wants more lambo memes and sharding jokes.  /s
102,0,"There are so many investors on Reddit claiming they put their money into crypto because they ""believe"" in what is still an early, basically beta stage technology and who knows where it will be and which coins survive in 2-5 years."
103,,
104,,
105,,
106,,
107,,
108,,
109,0,easy to say when you have billions of dollars worth of crypto
110,0,The insider trader talks about ethics... cute.
111,0,[deleted]
112,0,PROFIT is a big word to overcome
113,0,Treat it as an ends in itself not a means to an end.
114,,
115,,
116,,
117,,
118,,
119,,
120,,
121,,
122,,
123,,
124,,
125,,
126,0,"But if you achieve something meaningful in the crypto realm, it will turn into profit"
127,0,I think he was referring to CryptoKitties!
128,0,"I'd say it's better to focus on money considering that ""something meaningful"" as of today means having a parallel currency which still hasn't faced the elephant in the room of how governments would enforce fiscal , monetary and debt policy if it gains traction ."
129,,
130,,
131,,
132,,
133,,
134,,
135,0,"Wow, how deep."
136,0,Bitcoin: No
137,0,You mean like when /u/coblee sold his stack for fear of conflicting interests?
138,0,Why not both?
139,1,Alot of people making sick gains right now. When the bubble ultimately does come the bull shit will fall to the wayside.
140,0,"Vitalik, the philosipher and do-gooder, is using cryptocurrency to make the world good again."
141,,
142,0,Vitalik should really point the finger at all those b.s. ERC20 token ICO's on the Ethereum block chain...majority of them are scam tokens.
143,0,Says the guy with the biggest lambo collection on earth
144,0,Let‚Äôs focus on that after I buy a lambo
145,0,Say it with me now
146,,
147,,
148,,
149,0,He says that afterrrr hes rich
150,0,"I thought making money for wealthy/early investors was the only upside to crypto?  Want to do something meaningful, maybe do something other than work on what's only used as a toy for the rich."
151,0,Totally agree. The improvment upon daily life that can be made thru this tech should be the main focus.
152,0,"He has a great point, for himself. But most people only want to provide for their family and live a comfortable life."
153,-1,"Why do people believe cryptocommodities will replace reserve currencies when other, more liquid and secure commodities have not?"
154,0,"This exact reason is why I refused to invest into XRP. Profit would be nice, but I don't like a few things the company was doing in hopes of profiting from."
155,0,Should I report this for price discussion ;-)
156,1,Why not both? I mean for me that is the biggest promise of smart contracts - that we can take that enormous power of human greed and somehow direct it so people will automatically help each other. It could work with something like Steemit (not actually Steemit ofcourse because unfortunatelly it's not decentralized but controled by oligarchy).
157,0,"Do your research; they have already - it is called BOINC and GridCoin, and Folding@home and CureCoin.."
158,0,[deleted]
159,0,Respect
160,0,I want to contribute to achieving something meaningful but simply don't know how.
161,,
162,,
163,,
164,0,He want achieving something meaningful? Well how about  if he gives all hes erh to a man in a third world country? For me a third world man that  wil be meaningful
165,-1,"One word, bubble. Be safe all."
166,-1,"Cryptocurrency is a failure. If you can't buy bread with it, it's not a currency."
167,0,"Translated: ""fucking ripple... Really?"""
168,-1,I don't see how more money into the crypto space is a problem. Frankly it seems like the development side is not meeting the needs of the people. Ethereum network slumped when crypto kitties launched. Really? A fucking game crashed your precious ether. I remember ether transactions being delayed 24hrs because of it. It sounds like Vitalek needs to stop talking about the price and focus on developing ether. Or we could just use a better coin. Like ubiq. Probably just solidifies an incoming bear market for crypto in general. The hype has been there for a year. Now it's time for devs and teams to take profits and start developing for the next couple years until the next wave of mainstream adoption.
169,0,"What? Meaning? Ideals? I guess I'm out of here; I'm too poor to have the luxury of having those things. It doesn't matter how good my ideas and meaningful achievements are/can be if I'm starving on the street, or on the verge of being homeless. So many people went to college because they think they'll be achieving something meaningful end up being unhireable because they insist that they exist on the Earth not to be some drones on a corporate machine, but to ""Achieve Something Meaningful""- they may have dreams, but then they keep on dreaming, until they dream forever."
170,0,"Hey, welcome to Gridcoin!"
171,,
172,,
173,,
174,,
175,0,thats one hell of a PR photo
176,0,What would be great would be the electronic currency that could be turned back into electrical power. A watt/hour equivalency. The first person to get a Kilowatt would be the first  Killionaire!
177,,
178,,
179,0,"If you build it they will come is what I got from that.   Do something revolutionary with the protocols he developed and the profits will stay forever.  If not, it'll burn out like a fad."
180,0,When the smoke clears the proper value creating teams and companies will remain.
181,0,That comes later
182,0,"I disagree, focusing on profit keeps the money coming in enabling those with the right skills the ability through funding to further the technology"
183,0,It's like he predicted today's Ripple rush.
184,0,Hear hear
185,0,"As long as he doesn't get to ""You could have had paradise, but your greed has punctured the border of wickedness! I am abandoning the project! "" then everything will work out fine."
186,0,"why not both? Come for the profit, stay for the revolution."
187,-1,"Go to https://bitcoin.org/bitcoin.pdf and search for words like ""money"", ""profit"", ""value"", and ""dollar"" and see if any of them suggest economic prosperity outside of the network. Ether guy is right, crypto isn't for profit."
188,0,"Say it with me now ""currency"" Crypto. Currency."
189,,
190,0,Possibly fix the horribly flawed and resource hungry current Mist/Geth problems?
191,0,"this is the world of financial markets, I understand his peers in apps are producing lots of shit without producing anyone profits, but he can go on guilt free knowing he is contributing to the real fruits of our future labor, decentralized life, live it, love it"
192,0,Cryptocharity ?
193,0,Tosh 3.0 over here lol
194,0,"In other news, the sky is blue.."
195,0,It‚Äôs Amazing how much meaning you can create when you have a ton of money. I suggest he puts his money where his mouth is.
196,0,when everyone gets a pair of lambo we can then talk about tech
197,0,He has it all wrong it‚Äôs
198,,
199,,
200,,
201,,
202,,
203,0,"My exact thoughts Vitalik. I've been talking about this for a while now and. I even sent you an email about it not too long ago, but I'm not sure if you received it. Glad to hear something in that respect coming from someone in your position of the Cryptocurrency Arena"
204,0,It's really high time to do that.
205,0,"Lots of good quotes from Vitalik in http://strategiccoin.com/chronicles-1/. Tried to create a #VitalikSpeaks thread on Twitter, but haven't gotten any takers yet."
206,0,I would believe after he donates randomly all his wealthy and start working for food like some 'Jesus'
207,0,"Take this for the ominous warning, that the bubble is not sustainable, and we will enter the next phase of development."
208,,
209,,
210,,
211,,
212,0,"Let's keep this community tight and give Vitalik our support! The moon chasers are just in it for quick fix, I'm here to stay, say it with me!"
213,-1,He knows ETH is done for:)
214,0,Good guy vitalick
215,0,"Vitalik is the epitome of the naive basement-dwelling redditor. The guy is brilliant, but his idealism is stifling."
216,0,"Nobody wants to tell the world how much money they have, and it‚Äôs my understanding that that is what ethereum does."
217,,
218,,
219,0,And that's his vision.
220,,
221,,
222,0,"Translation: the revenge of centralized systems is upon us, all hail the new crypto overlord, Ripple."
223,0,Well he is quite right to say that but looking at him he is the most richest young guy out there so it is easy to say that as well.
224,0,"He should give away all his premined tokens if he believes this. Otherwise admit that personally enriching himself drove him to build Ethereum, and that's actually good."
225,0,Sorry but... profit is meaningful...
226,0,Said the billionaire
227,0,I‚Äôm an ethereum app developer
228,,
229,,
230,0,I think a paid off house and a new Tesla is something meaningful.
231,,
232,,
233,0,Easy to say when you‚Äôre rich. Fuck off
234,0,This guy needs to get a grip on reality.
235,-1,Cryptocurrencies currently do not have much real value but people are pumping a fuck ton of money into it because they think it's going to rise in value. That's extremely dangerous.
236,,
237,,
238,,
239,,
240,,
241,,
242,,
243,,
244,0,Vital' seriously overestimates mankind.
245,0,"‚Äúokay, you first.‚Äù"
246,,
247,,
248,0,Is it just me or does he seem to whine and moan too much? Every article I read he is either threatening to leave ETH or moaning about people making money. Makes me want to backhand him.
249,0,"Yo... it's called free markets... they innovate because they are driven by competition. ""Buy my currency because I can't give it to you for free""... ""c'mon guys it's about the movement"""
250,,
251,,
252,0,tfw your crypto is no longer #2.
253,0,his dickhead is starting to get a bit prickish
254,0,"This is why at YawLife we're trying to combat misinformation (e.g. fake news) and plagiarism through a content originality engine. Our goal is to improve the internet as a whole, and not even just our own platform. I would love to get your guys thoughts on our whitepaper. Just looking for feedback from anyone interested; our google doc for people to comment is located here: https://docs.google.com/a/yaw.life/document/d/1PdmG_dSQKt5sg2g72Zf_Nqz55_2jR_U4tniSP5n6pFk/edit?usp=sharing"
255,0,Classic is coming!
256,0,[deleted]
257,0,Profit IS ‚ÄòSomething meaningful‚Äô
258,0,"Dang, get that guy some food"
259,0,Well the vast majority of us have no experience coding or building a business. What else are we supposed to do?
260,0,ok money skeleton whatever you say
261,0,"Playa got his, fuck your PoW."
262,0,HODL
263,0,"Profit is meaningful, and profit gives business a reason to use it."
264,,
265,,
266,,
267,0,"Fuck communists and socialists, censorship is wrong."
268,0,so what kind of name is vitalik? is that like vitality? like some rpg game where you have vilaty? why does his head look like a block of cement?
269,0,"Someone shut this guy up. Hes a spoiled rich kid now. Go donate all your money to the poorest people on this planet, then you can talk."
270,0,kinda hypocritical pumping up a coin like bch trying to split the bitcoin community in hopes for his to rise.  Love this kid but this comment is absolutely hypocritical of him.
271,0,"Not only that, but the article‚Äôs headline misconstrued his statement in the first place."
272,,
273,,
274,,
275,,
276,,
277,,
278,,
279,,
280,,
281,,
282,-1,It's infuriating that the majority of people in this sub don't get this. Vitalik created Ethereum and I genuinely believe he has good intentions. The crypto dream has been corrupted by greed. We need real world value not just speculation. I would welcome a strong correction to flush these lambo-douches out.
283,-1,"Except that every token being created faces the immediate label of being a pump and dump, get rich quick scheme. While I agree that most are, it‚Äôs becoming an increasing battle to make a case for making your own token as opposed to using the underlying blockchain coin. It‚Äôs even becoming to the point where you discuss ICO or crowdsale and you are immediate looked down upon. So unless, we expect projects with zero resources,  I‚Äôd be hard pressed to see any motivation for getting crypto other than to speculate. So what do we actually mean when we say purpose here?"
284,0,As soon as you started insulting people I stopped reading your post
285,0,Unless your developers run on photosynthesis I don't think it would end well for the technology.
286,,
287,,
288,,
289,,
290,,
291,,
292,-1,"True, the Raiden-Token stunt is perfect example of people caring more about money than tech. This subreddit is spammed by bullshit moneygrabs on a daily. Time to stop this nonsense by a good old crash so people who only believe in the money side will lose interest."
293,0,"Well, I think you might be right!"
294,,
295,,
296,-1,It would actually be good for innovation. A downturn in the market would make the existing infrastructure cheaper.
297,1,Damn eth is fine. The people tripping about ripple over taking eth are clueless.  Blue chips alts all 100x.
298,,
299,,
300,,
301,,
302,,
303,,
304,,
305,,
306,0,A system of commercial exchange that isn't about the money.... Gimme some time to process that one...
307,0,[deleted]
308,0,Hi all I just began writing dapps and love it so much more than traditional full stack development.
309,,
310,,
311,0,"This is basically why I made this [Truffle Box](https://github.com/adrianmcli/truffle-next/) for React devs looking to start making dapps. I even wrote a [blog post](https://medium.com/@adrianli/rapid-ethereum-dapp-development-with-next-js-f6354400e4d4) about it, but it didn't really catch on."
312,0,"Layman here. Why do you think it has the potential to change the world? If it replaces my means of payment for goods and services, I guess I don't see how that's going to change my life."
313,0,Press 'F' to pay respects in ETH.
314,0,He got that way by thinking the way he does. Actual value is a better long bet than perceived value.
315,,
316,,
317,0,"What's that got to with anything? He didn't say people shouldn't focus on profit, he said cryptocurrencies shouldn't. And he's absolutely right. There are thousands of shitcoins now and bitcoin hard forks coming by the day that provide nothing new. The only reason they exist is so their creators can offload them to traders to pump and dump."
318,0,So? Vitalik has always focused on the tech and has never been a pumper. He has every right to express this.
319,0,"Rich people shouldn't complain about greed, because they're rich and hypocrites."
320,,
321,,
322,,
323,,
324,,
325,,
326,0,He did not say that. The article title did.
327,,
328,,
329,,
330,,
331,0,[deleted]
332,0,What if I told you he became the one of the richest/youngest not because he wanted to be the richest/youngest but because he believed in his vision and followed his passion.
333,0,"Actually, I don't see how this is relevant. Can you explain?"
334,0,"On paper - yes, in reallity - no.If he decides to dump his ETH, Ethereum will die reeeeeally quickly and probably will drop its price."
335,-1,You guys are pretty stupid huh. He is talking about the necessary mindset to make crypto a lasting and widespread phenomena. Currently it doesn't work well enough for it to be reasonable for worldwide use. Therefore any value attributed to crypto is more of a bubble than actual value.
336,0,I don‚Äôt think he would care much if he loses it. He hasn‚Äôt changed a bit. In fact he is working more and more passionate about his project.
337,0,He's got a point though? $0.25 /u/tippr
338,0,"Somebody might say *""This comment is stupid""* or *""You might have the brain the size of a walnut.""*, but that would be pointless and probably kind of mean."
339,,
340,,
341,,
342,,
343,,
344,,
345,,
346,,
347,0,Airbrushed photo?
348,0,"but you have to admit, I think his statement is what got him his wealth. Being a pioneer of invitation, wanting to create something meaningful usually comes with wealth."
349,0,Or maybe he followed his own advice and knows what hes talking about.
350,0,The best way to ensure that it continues to be valuable is that there is some use of it outside of just hodling it.
351,,
352,,
353,0,He really doesn't give me the impression that it changed him. He's still working hard at his goal and not living the coke and hooked lifestyle.
354,0,That‚Äôs not at all what 40 under 40 is.
355,0,To be fair he sold off a large portion of his Ethereum holdings some time ago. His net worth is based on a bit more than how much crypto he owns.
356,0,"Lol what would you rather him say, that we should only be focusing on pumping more money into it..?"
357,0,"Vitalik is not $ oriented lol, he's the opposite of that. Didn't he donate most of his coins? Also he mentioned that he's only willing to advise projects in which he believes will have a meaningful and positive impact to society."
358,,
359,,
360,,
361,,
362,0,Do you honestly believe Vitalik is motivated by financial wealth?! The guy is straight up doing this to make the world a better place. Whether this makes him rich or not. If you don' get that there's no helping you.
363,0,Right. Fuck this nerd
364,0,"Cute, but breathtakingly obtuse."
365,0,"Well technically achieving something meaningful will increase the value of cryptocurrency as a whole, so win win for everyone"
366,0,His fault for creating something amazing and inadvertently profiting from it?
367,,
368,,
369,0,Vitalik should probably explain why he bought hundreds of thousands of ETH in the beginning. In fact he should sell all his ETH to be a good example.
370,0,I was thinking the same thing. So many delusional rich people say this...
371,-1,Thanks to a massive pre-mine on ETH.
372,0,Ad hominem.
373,0,The profit motive is what is driving the technology into mainstream society. And it's not like the two are mutually exclusive anyways.
374,0,"99% percent of meaningful development in society/history is/has been driven by some sort of profit. To quote a cliche, ""Greed is good"". Most things without profit are not sustainable long term. Yes, greed has created many bad things, but there are very, very few things that last without it generating a profit for someone."
375,-1,"Right, it seems clear that this is a giant bubble and is about to burst."
376,,
377,,
378,,
379,,
380,0,"> capitalistic approach tries to ignore the source of our well being: labour, resources of raw materials, services"
381,,
382,,
383,,
384,,
385,,
386,,
387,,
388,,
389,,
390,,
391,,
392,,
393,,
394,,
395,,
396,,
397,0,"Stopped reading after ""for-filled."""
398,0,"No, it's not! As 98% of so called ""investors"" just *buy but never use* the different crypto tokens. Remember the days when the bitcoin subreddit told you: ""Once the price hits the moon,  you won't need to exchange back to fiat""?"
399,,
400,,
401,,
402,0,How is it a dichotomy at all when he explicitly qualified his statement with *less*?
403,,
404,,
405,,
406,0,Profit is the very mechanism that drives people to do something meaningful.  It's why capitalist societies have been the most successful ones thus far.
407,0,"Corporations should focus less on profits.  The are three groups of stakeholders, and profits only directly benefit one - executives/shareholders."
408,,
409,,
410,,
411,,
412,,"So what? Doesn't make it less true! I heard the headline ""biggest shift of wealth distribution ever"", well true but 99% still get poorer and the 1% still get richer, this needs to change, this would be something meaningful at least to me. We have enough people to solve technical problems like scaleability and privacy, but do we have any people changing political and socio economical problems? All this beautiful tech is only reserved for the 1%which really sucks and yes if you have an income above 2000$ you probably are part of the 1%. Let's try to make it available to the top 2% as a goal for 2018 :D Just as a start guys!"
413,0,Name a few of them? I see mostly shiet.
414,1,The rats will HODL! Buy when the sink ships then TO THE MOOOOON!
415,0,"No, it's when you get rich that you realize money isn't everything. Most 'regular' people always dream of being rich, and wealthy. They don't realize that there is more to life than just money."
416,0,"Throwing a stone through a window causes business for the window-maker, thus profits. It will also be counted in the GDP of a country."
417,,
418,,
419,0,"This is the biggest garbage comment out there. Profit can also happen when there's deceit, manipulation, and greed. It makes a manufacturing company more profitable when they don't have to dispose of waste properly. A financial institution can be more profitable by betting against their own interests or hiding their profits offshore. Or an information company that sells the privacy of its own users. Or a department store that pays its employees an unlivable wage."
420,,
421,,
422,0,"These cryptocurrencies weren't built for someone to double their money. They weren't made so you could make money, and then convert to fiat and then use that money. They were to have a decentralized currency that nobody could control. They were made to use them, to buy and transact with them."
423,0,"Nope. These currencies were mean't for you to use and buy and sell things with them. Not to buy some, and then put it back into fiat to actually use it. There's a reason why then call them crypto*currencies*."
424,0,wtf is sharting? not the bathroom joke Im assuming
425,0,>It's infuriating that the majority of people in crypto ~~this sub~~ don't get this
426,,
427,,
428,,
429,,
430,,
431,,
432,,
433,,
434,0,"corrupted by greed'. lol, this is the only reason money exists.
201        Well done. Here is an internet chip for ya shoulder;-)
202        You mean the end of the comment?
203        > now you have a lot of people wanting to make a quick buck fast and displaying no interest to educate themselves about what they buy, the worst part is that they are loud and pollute the discussions.

The worst part is that, at least for now and over the past few months, those people are also *right*... you could have put a chart of the top 100 cryptos by market cap circa Jan 2017 on a dart board, closed your eyes and thrown three darts, put a few thousand bucks into each of them, and be a millionaire today. I bet only about 1% of all crypto holders worldwide actually have a deep understanding of the tech behind the crypto they hold. The other 99% only understand two things: how/where to buy, and price trend. They don't know and frankly don't care how the tech works, because while the entire crypto market is still in its mania phase, there's almost no difference between the smart money and stupid money in the market.
204        The discourse obviously moved...

/r/ethereum used to get things like Swarm and IPFS updates, tooling and relevant ecosystem announcements

Photos of Ethereum logo sculptures and posts addressed in the first and second person filled the vacuum... 

Pet peeve: You guy's! ___"""
435,,
436,,
437,0,It must be hard to be a good mod in a crypto reddit. Must be a lot of dealing with pump and dumpers.
438,0,an caps are dumb as shit
439,0,"The thing is, these people will realize how ""useless"" this technology is at the moment and will leave it hating it. I'm just saying that this is not the right moment to attract all this attention."
440,0,> Unless your developers run on photosynthesis I don't think it would end well for the technology.
441,,
442,,
443,0,"Look at any subreddit for a crypto outside of the top-50 in market cap today... they're all flooded with people talking about how the market cap is low, will almost certainly rise to the billions, and saying to buy now before the moon."
444,0,"The genie is out of the bottle. It‚Äôs nice to think that investors are dummies who just throw money at trends, and maybe some are. But the fact is, a good portion of the money pouring in understand what ethereum is and what it will enable. The money is here, because it‚Äôs a world changer."
445,0,"Or at least BTC.  Shock the system and get all the ""investors"" out for the time being."
446,0,cryptozombies.io can be of help!
447,0,[deleted]
448,0,Application and services with out a central server. (Distributed)
449,,
450,,
451,0,"Yeah, for me most aspects pointed at are stupid and no way more practical, but for me this has huge potential in IoT, that is IMO one of the most valid advantages... Mainly feeless cryptos"
452,0,This is a short podcast that explains the potential.
453,,
454,,
455,0,F
456,0,P
457,0,D
458,0,Well said
459,0,Fact
460,0,[deleted]
461,0,"Not exactly true. He was in support of the issuance reduction, after all, and partly because it does tend to correlate with price increases. That's not exactly focusing on ""tech first""."
462,0,"If people were really being greedy they would be working on those meaningful things to help make their coins more valuable.  Greed isn't the problem, lazy, shilling and trolling is."
463,-1,But a currency that exist just to inflate eventually pops... If it doesn't do anything useful no one will use it and thus it will lose value over time.
464,,
465,,
466,0,"He didn't drive the price up. Speculators, traders, and people like you and me did. My point is, he isn't saying this because he is rich, he is saying this _despite_ being rich. While I'm sure he enjoys being rich, money hasn't been the main motivator driving his developments."
467,0,>Gotta love when unbelievably wealthy people say we shouldn‚Äôt care about money.
468,,
469,,
470,0,"On the other hand, what if they do believe it? Should they stop saying it just because they have become rich?"
471,0,Jim Carey once said he wishes everyone was rich so they'd see it's not about money or something.
472,,
473,,
474,,
475,,
476,0,"To be fair, I don't care about money... I don't have a job for money, money is just the means of commerce... I have a job so I can eat, And I can have a place to sleep (so I'm not tired when I go to my job), and a way to cloth my body (So people aren't offended at my job...) and a way to get around (like to my job), shit I basically have a job so I can have a job."
477,0,"Technically, only a wealthy person can say we shouldn't care about money. A person who has never been wealthy can't really say that...because they have never been wealthy."
478,,
479,,
480,0,"Money isn't happiness, but its sure a helluva a lot easier to focus on the things that make you happy when you're not worried about how you're gonna eat your next meal."
481,0,Literally the most annoying thing ever.
482,0,>Money is the root of all evil
483,,
484,,
485,0,"Yupp. Same way Beautiful people ""aren't concerned with looks"". It's easy to be pompous and righteous on easy street."
486,0,He only became wealthy after creating something he thought could achieve something meaningful. And google Ad hominem.
487,0,The whole point of crypto currencies was to overturn the Current financial system whether he's rich or poor adopting cryptocurrencies is what's making him Rich naked and making a lot of people on here rich. Only because people still use Fiat currencies.
488,0,Pretty sure the dude didn't invent ethereum just to get rich.
489,0,"This has always been Vitalik‚Äôs opinion, long before he had any wealth"
490,-1,"It's fact, though. You should not treat a currency as a money making venture. I swear, I'm probably going to get shit for saying this in the pump and dump forum"
491,0,"What if, people would try to find, uh, Idunno, **a middle ground**???"
492,,
493,,
494,0,It's easy to not worry about money when you have all of it.
495,0,Litecoin's creator did just that and it's still doing ok for some reason
496,0,Obviously he wouldn‚Äôt dump at once.
497,0,"u/yDN0QdO0K9CSDf, you've received `0.00009042 BCH ($0.25 USD)`!"
498,,
499,,
500,,
501,0,"Something is ""Capitalistic"" for me when ""capital"" is the focus."
502,,
503,,
504,,
505,,
506,,
507,,
508,,
509,,
510,,
511,,
512,,
513,,
514,,
515,0,"thanks for the help, not a native English speaking person, fixed it."
516,0,"And he uses the word 'more', as in that he is presenting a contrast that doing one thing more means doing one thing less. Even using the word 'focus', indicates doing one thing at a time, not two things at once. I honestly don't think he meant that there is a dichotomy, but some people can easily interpret it that way in what he said. And I really do get the sentiment, I mean there are projects out there that link to coinmarketcap in their about-page as if that is the only purpose of their coin."
517,,
518,0,"-4 points? Damn! I kinda get Vitalik, he probably went into this project like ""Yaay let's change the world to the better"" and realizes slowly that he only created a tool that makes the world go in the same direction it went before but now even faster! Must be really frustrating... :("
519,0,I dont think the 99% keeps getting poorer
520,0,"I'm sorry but 99% of the world does not makes less than $2,000... Just being a burger flipper at McDonalds will net you a higher income. Not sure where you're getting your statistics, but you may want to look elsewhere."
521,0,"While I agree with your posts' sentiment, I think you overestimate where we are right now as a technology."
522,,
523,,
524,,
525,,
526,,
527,,
528,,
529,,
530,0,I sure hope they achieve their goals.
531,0,I'm guessing it's a pun on sharding
532,0,Yeah. It‚Äôs scary. I can‚Äôt believe all the wrong info and macho attitudes I‚Äôve been only recently seeing in the reddit crypto community. Makes me think we need a new place to meaningfully discuss crypto.
533,0,"It just means Bitcoin is almost at the height of the hype cycle. First the early adopters, then everybody thinking it's the promised land and silver bullet, the thing crashes and the serious people get to work."
534,0,thanks buddy
535,0,"but i mean using vernacular like ""tosspot"", there's no real benefit to that, your anger dilutes the point."
536,0,?
537,0,"Cryptos skyrocketing in 2017 is the best marketing for this tech. Now that dump money is invested, the devs should really not fuck up and focus on creating an ecosystem that can be useful to dumb money. At the end of the day, that's what everything is for - to be useful to lay people without exposing the complexity under the hood."
538,0,"Except they wouldn't be millionaires, because either they wouldn't sell, or they wouldn't get millions for what they sold."
539,0,"I agree with the mania but we don‚Äôt invest our money into stocks/companies because we have, or want, a deep understanding of the inner workings of the company we believe in. Maybe it‚Äôs an ethos or a product they have that we feel good about along with the good faith that they will do us well in the future and that we want to support."
540,0,It's an example of an interesting ideology being taken to the logical extreme in search of ideological purity.  Realistic ideologies have to settle with being hypocritical in a lot of areas when you get into the ancomms and ancaps you get pretty much pure ideology but it's clearly unworkable.
541,0,"VC are much pickier than the average people putting money in ICO and don't give the same level of freedom to the teams, for the second: worst case they will whine or throw some insults to express their discontent."
542,,
543,,
544,,
545,,
546,0,You mean like game it so it crashed and everyone dumped their coin.... Genius...
547,0,Current software engineer that has created small iOS apps as well as enterprise level apps but only has a few years experience
548,0,U
549,0,Half a year ago he started saying some pretty dumb shit over at Twitter like saying already made child porn vids shouldn't be illegal because they don't hurt anyone anymore
550,0,I totally agree with you. Cryptocurrency communities should focus more on adoption of coins as a cheaper and faster means of payment. That way it won't lose value in the long term.
551,,
552,,
553,,
554,,
555,0,"Exactly. He just kept a portion of the tokens he created, then they skyrocketed in price. He wasn‚Äôt rich before. Also correct me if I‚Äôm wrong but I think so far he hasn‚Äôt spent a single ether from his own stash nor has he converted anything to another currency, which means if he stops working and ETH crashes, he won‚Äôt be rich anymore."
556,,
557,,
558,0,"You're correct but do you think if he was dirt poor and just barely getting by, eth would be as far along as it is now? Money has given him the freedom to devote all his time to this. I'm sure originally he wanted his development to change the world but you cannot devote all your energy to that if you still have bills to pay, so by the price increasing it has allowed him to put all his time into this instead of worrying about how he would pay next months rent"
559,0,or that's what they want you to think.
560,0,"He supported an issuance reduction. He supports a deflationary currency model, which in crypto had historically driven price increases."
561,,
562,,
563,0,"I agree with your point, but saying he didn't drive the price up is lucrative. He's an inventor, trader, investor. It's decentralized, he is one of us."
564,0,I have never driven up the price of digital currencies. I have only used digital currencies as currency. I've been doing this since 2011.
565,0,"I would disagree, a bit. The outlook of Ethereum and most other crypto coin is to support private property and the transfer of value. That's inherently about accumulating money."
566,0,"You only have to watch one interview with this guy to know he is legit. He lives and breaths it, truly admirable really."
567,1,"In my opinion, Vitalik Buterin is a man of incredible integrity compared to the leaders of other cryptos out there who are e.g. anonymous, shady, bullies, or sell outs. This makes me more willing to buy and hold ETH."
568,0,So why does he not donate the overwhelming majority of his holdings of Ethereum to charity or into an escrow account which will eventual used for charitable causes in the future when the price is much higher and leave an amount that he can live comfortably off behind?
569,,
570,,
571,0,True. All these fancy kitty cat shirts have their price!
572,0,He knew what would happen
573,0,This is a very important point.  The best developers and entrepreneurs focus on delivering a great product or service.  Wide user adoption and monetization follows that core requirement.
574,0,"His developments are ""money"". Lol."
575,-1,"I find it extremely similar to the first internet bubble. People bumbling around figuring out what to actually use the technology for and how to leverage it. I‚Äôm liking the phrase blood in the streets more and more, we will see it soon as we have little useful products for extremely capable, but infant, tech."
576,0,Totally agree with you
577,0,Circular argument is circular
578,0,Literally? Literally?!?
579,0,Not quite. It is the love of money that is the root of all evil
580,0,"That might be right, money doen't make happy, as long as you have enough of it."
581,,
582,,
583,,
584,0,Why should it be about what's easy?
585,,
586,,
587,0,What? Really? That would be a huge red sign for me. If the person who created the blockchain decides to dump his currency. Looks reaaaally sketchy to me. Looks like even he doesnt believe in the technology he created and thinks its in his prime. Hmmm...
588,-1,He will dump 1 eth a second. No one will notice....
589,0,"(1) ""Cheapness sells like hell"" - So do expensive things if they are worth it. Businesses deliver what consumers demand & choose to buy, lower-cost items with a lot of value is popular. VALUE."
590,,
591,,
592,,
593,,
594,,
595,,
596,,
597,,
598,0,I don't think it's necessary to apologise for being part of the large majority of the planet.
599,0,"No but the gap keeps getting wider, which is the real problem."
600,0,https://www.investopedia.com/articles/personal-finance/050615/are-you-top-one-percent-world.asp
601,,
602,,
603,0,Yea why tf don't those ethiopians pull up their bootstraps and get a job
604,0,"> Not really. There's a huge talent shortage still, especially at the protocol level. It's extremely complex tech, too, so it's pretty much reserved for mathematicians and computer scientists. This is why we aren't at visa level already."
605,,
606,,
607,,
608,,
609,0,"Once the bubble bursts, and it will, we will see the real tech emerge and thrive but for now I‚Äôm not sure rational and meaningful conversations can happen on public forums. The amount of misinformation and lack of knowledge out there currently is ridiculous and has invaded most if not all public forums."
610,0,"I've been looking for at least a Telegram/Discord or Forum, but haven't found anything that isn't oozing with the 7 letter word. When you find it, please let me know."
611,,
612,0,>the thing crashes and the serious people get to work.
613,,
614,,
615,,
616,,
617,,
618,0,Anarcho-capitalism breeds a special type of toxicity.  Not to mention that commodifying every human interaction sounds exhausting and tyrannical.
619,0,Truffle. And cryptozombies.
620,0,Your interest illustrates the point I was trying to make.  Ethereum developer resources are scarce/fragmented.
621,0,"I bought a course on Udemy, but if you learn the geth, truffle, and web3 api's on your own, you wont need the course. I alredy stopped using it."
622,,
623,,
624,,
625,,
626,0,D
627,0,"Sounds like a big blooper, so he is merely a human"
628,0,"He has sold some of his eth and said on Twitter that he wouldn't apologize for sound financial planning, but even with that in mind, $ is not what fuels his passion for this technology. By selling his coin he was essentially ensuring that he'd be able to focus his time and energy exclusively on Etheruem. Was a sound and smart move!"
629,0,"It's actually even weirder and stupider than that, most of the tokens with actual uses and real value have some of the lowest marketcaps. I.e sia, zrx, bat."
630,0,Yes he has.  He liquidated 20% or more of his ether without disclosing to the public which if it was a regular company would be super illegal to do.  So he doesn't automatically achieve sainthood in my book.
631,,
632,,
633,0,"his paid partnerships were not all paid in crypto, guaranteed."
634,0,Can't this just be a currency and not a market it then. Backing a currency is meaningful. Day trading the value of a currency is not going to help it stablize? Idk
635,0,"You're not rich if you can't spend it. He doesn't have money, he has ether."
636,0,"He kept an asset that skyrocketed in price? Well, that‚Äôs how getting rich usually works. So did Bill Gates with stocks."
637,0,Novograts mentioned that Joe Lubin hasn't sold any of his stack... But that probably has a lot to do with Lubin being a millionaire before being an Ethereum founder.
638,,
639,,
640,0,"I find the direction the whole Crypto sphere has taken of late is quite distasteful. Youtube, Discord, Reddit all full of wannabe traders and the money grab and shilling of ""ICOs"" just demonstrate how the capatilist society works. In the early days of Crypto the vision was so much more noble, and I was enjoying the slow growth of the asset until all the trading fiasco really kicked in. I think its too late now and it's become a real money grab. But I commend these comments from Vitalik."
641,0,wasn't he rich before ethereum? pretty sure I read that he was due to bitcoin.
642,0,"Fun fact, ethereum was created because he learned of bitcoin at the time he quit WoW and needed something to occupy his time. Imagine where we‚Äôd be if he never quit WoW."
643,0,Definitely no argument there. Although we sometimes over-estimate the amount of money we need to pursue a passion like this. If you have enough money to get by on rent+food+necessary bills you're free to devote whatever amount of time you have to a project.
644,0,If Ethereum is (just) money to you you need to take another look at what it is
645,0,[deleted]
646,0,"Bro money makes you happy, don‚Äôt lie."
647,0,"He was the first to just blatantly copy bitcoin‚Äôs source making just a few small adjustments. Then started selling it as the ‚Äúsilver to bitcoin gold!‚Äù Weaseled his way into Coinbase and got it listed. Then dumped all his holdings at what was likely the top of litecoin. He‚Äôs a shitcoin pioneer, played the game and got extremely rich in just under 6 years. Good for him I suppose."
648,0,[deleted]
649,0,ltc has dropt since CL dumpt
650,0,It‚Äôs better for the currency to have a wide distribution of wealth. Ethereum is the most ‚Äòunequal‚Äô by far. It basically means that non-wealthy creators can be instantly killed by much larger investment from wealthy investors.
651,0,I actually agree...probably why it's been steadily but slowly declining
652,0,"What do you mean ‚Äúlooks like‚Äù? You haven‚Äôt looked at anything, you‚Äôre just jumping to the first conclusion you drew in your head. If you were capable of thinking for yourself, you could look into the complete explanation as to WHY he did that in the first place. Amazing how people like you are so willing to remove any and all effort to actually research anything concerning a conflict of interest in the world of crypto currency. The mother to your comment LITERALLY threw out everything Vitalik said because he‚Äôs ‚Äúrich‚Äù. What Charlie did was removed himself from that possibility, so morons can‚Äôt throw out everything he says concerning money because he‚Äôs rich due to it. It‚Äôs concerning how you‚Äôre not able to make this separation."
653,0,"Actually yes, people would notice. Vitalik‚Äôs ETH account is well known and you can check all its transactions which, correct me if I‚Äôm wrong, are still non existent from the moment he made the first and only deposit."
654,,
655,,
656,0,One ETH per hour would probably work.
657,0,That‚Äôs not a dump but ok
658,0,"That's right, did an edit;)"
659,0,"Are you serious? What are you 7 years old? Classic, envy combined with economic illiteracy."
660,0,"Yes they do, products made for the 99% are produced on the back of poor people that get exploited more and more so we can have our shiny smartphones. Additionally things get more expensive while wages go not up accordingly. Maybe you haven't seen much outside of your bubble bro?"
661,,
662,,
663,0,I kinda compare it to dot com
664,0,7 letter word?
665,,
666,,
667,0,Massive Shillllll
668,0,"No different than any kind of utilitarianism and not too different than the dialectic classifying all interactions as class struggles. People who think they are ideologically pure and objectively right always end up toxic because they can easily label every other person as ""wrong""."
669,0,[deleted]
670,0,[deleted]
671,0,"He is in a Catch 22. Elsewhere I see people complaining about coin developers selling off their stashes. Sell it off and people get pissed, keep it and people get pissed."
672,0,If a passion project takes off and gives someone the opportunity to comfortably further pursue that project then I'm happy with how life works out for some people.
673,0,"You have to understand that we're dealing with a 20 year old personality here. 405k ETH earlier this year roughs out to 283 Million. I imagine he's been trading and has other investments that are growing as well, being as intelligent as he is."
674,,
675,,
676,,
677,,
678,,
679,,
680,0,You talk as though crypto is fully regulated... It is not.
681,0,Less than 10% but whose counting right...
682,,
683,,
684,0,"Exactly. It‚Äôs his project, it worked, he made a huge amount of money one way or the other and now he‚Äôs spending part of it (I already made a correction in my original comment). People are going to be pissed off no matter what he does. If he didn‚Äôt spend a coin, they‚Äôd say he‚Äôs got more unknown addresses. When he‚Äôs actually spending it, some complain that he did everything to get rich and nothing more. I don‚Äôt see people complaining about other technology related fortunes or questioning their legitimacy."
685,0,Level 80 warlock kitties
686,0,"Cryptocurrency is focusing on what it is, isn't he talking about investors' focus?"
687,0,He also has to fly around meeting governments and companies etc.
688,0,"I don't know where you live, but most places it's hard to secure shelter, sustenance, and utilities without devoting most of your free time to pay for such things. Unless you're socially privileged to some extent."
689,0,"Oh, im sorry. Its the cryptocurrency that uses how much power on POW? Every damn ether post i see is 20k worth of GPUS to pollute the shit out of the planet for invisible ether that will buy a ton of bullshit scam ICOs."
690,,
691,,
692,0,deleted  ^^^^^^^^^^^^^^^^0.7536  [^^^What ^^^is ^^^this?](https://pastebin.com/FcrFs94k/65778)
693,0,":) Yes, I understand that, it's also easy to say the same saying if you don't have a lot of money."
694,,
695,0,It's not shitcoin anymore. Litecoin transactions are over 10x faster and cheaper than Bitcoin. It's the best Bitcoin alternative.
696,0,Weasel is the perfect word for this guy.
697,0,This is totally false. He dumped them when they were trading at 6 cents trying to buy them all back cheaper. He has lamented  that he should have believed in his creation instead of trying to manipulate the market.
698,,
699,0,If the CEO of any company sold off all his shares it's because he doesn't give a fuck about the company anymore. That's essentially what Charlie did.
700,,
701,,
702,,
703,,
704,,
705,,
706,0,"That's a transparent cop-out, it really says something about the crypto market that he can say that and it hardly effects the price - just because something surges and even holds value for some time doesn't mean there's substance behind it."
707,,
708,,
709,0,Oh yeah let me tell you about that steady ‚Äúdecline‚Äù with 300% return in the past month. What are you even talking about? LTC is doing phenomenally well right next to its counterparts.
710,0,That's 86400 ETH a day.
711,,
712,,
713,,
714,,
715,0,https://www.ted.com/talks/richard_wilkinson
716,0,"Do you even know me? I am not 7 years old and I am certainly not envy of anyone who made a fortune with crypto, I did so too! Such ignorance makes me sad."
717,0,Am I sensing an ICO?
718,0,Profits
719,,
720,0,lol what a weird post/superficial analysis.
721,,
722,,
723,0,Starting on the truffle tutorials is a good start.
724,0,haha seriously... People are relentless critics!!
725,0,"Sell enough to live and work comfortably, hold the rest.  Simple."
726,,
727,,
728,0,It's not the selling that matters.  It's the not disclosing it to maximize your individual profit that matters.
729,,
730,,
731,,
732,,
733,,
734,,
735,0,"No no no, you gave to look at it like start ups."
736,,
737,,
738,,
739,,
740,,
741,,
742,,
743,,
744,0,People get pissed when they keep it?
745,0,I mean you basically run into that literally any time you have more than 100 people paying attention to you.
746,0,He should just pull a Charlie Lee and sell it all. (Admittedly Charlie had  very good timing selling his LTC and very poor timing announcing that he did).
747,,
748,,
749,,
750,,
751,0,My statement isn't about regulation. It's about hypocrisy.
752,,
753,,
754,,
755,,
756,,
757,,
758,0,Where are you getting your number from? I'm basing my 20% off of this article which actually says it's 25%
759,,
760,,
761,,
762,,
763,0,I do. Affluenza. Tax evasion. Being shitbags to others to gain. Etc.
764,0,I think if you had to check you bank account before you put gas in your car you'd be a little bit more worried about money
765,0,"It‚Äôs only faster because block times are 2.5 minutes instead of 10 minutes with bitcoin (this is a developer choice not some coding efficiency or optmization, it‚Äôs a hard coded value that can be easily changed to every 15 seconds if someone wanted to roll out a blockchain with that blocktime)"
766,,
767,,
768,0,"wait what? I don't know about him dumping at 6 cents, but he most definitely did just dump all his LTC very close to the top, last month."
769,,
770,,
771,0,"Litecoin is not a company, there is no CEO. Also, a CEO's tweets shouldn't cause gigantic fluctuations in price."
772,,
773,,
774,0,[deleted]
775,0,"He made the announcement and the price has dropped over 10% ever since, that's exactly what I'm talking about. Or were you just ignoring that fact?"
776,0,Go outside
777,0,Damn bro you watched a video I'm convinced
778,0,"Why should you care what other people have, then?"
779,,
780,,
781,0,Bleh no clue what to build Ive had lots of ideas. Im wondering about ICOing this: www.cashgrounds.com.
782,,
783,,
784,0,Shillllll
785,0,"You've made a very ungenerous summary of my points. The fact that a realized ancap dream world be dystopian is a side fact that I agreed with, what I'm talking about is why people become ancaps and any other ideology that is obviously unworkable to an outside observer."
786,,
787,,
788,0,[deleted]
789,0,Never listen to people.
790,0,Yeah fuck people...
791,0,"I'm talking specifically about people that got pissed when they saw Vitalik transferred like 1% of his stash out a few months ago. Which is exactly what you just described. Granted, there's no telling what it was actually spent on, so I think complaining about cashing out to buy luxuries is pretty misguided since there is no confirmation of that."
792,0,"Comparing shares to Ether is ridiculous, they're nowhere near the same thing"
793,0,Stocks have regulations.
794,,
795,0,But they have to disclose their selling of shares to other investors i.e. the public
796,0,"But it is about regulation you mention how if it was a regular company it would be illegal that is irrelevant if you are simply talking about Vitaliks hypocrisy.... Also he sold very early when eth marketcap may have been around a billion, with total marketcap maybe around 10-12 billion. It was around the time ethereum had released homestead and were working hard on other issues so not sure why investors would even care... Imo Vitalik and ethereum have always been focused on the tech not the money."
797,0,"I don't think you know what ""insider trading"" is and if you do then you are a liar."
798,0,"Oh my bad I thought you were talking about the 30,000 ether he moved the other day which is less than 10% of the 400k ether he has."
799,,
800,,
801,,
802,,
803,,
804,,
805,,
806,,
807,,
808,,
809,0,Didn't litecoin adopt all kinds of new tech for testing like Segwit and Lightning before Bitcoin did? I thought Litecoin  was a bit like the beta environment for Bitcoin
810,0,"I sold mine after that, so far so good."
811,0,"True, we don't know. But human nature is often a predictable thing. And this remains true:"
812,,
813,,
814,,
815,,
816,0,Do you know what else dropped with it?
817,,
818,,
819,,
820,,
821,0,"Lol, you aren't too bright of a kid, huh?"
822,,
823,,
824,0,!
825,0,"I wasn't trying to convince you by bragging about having watched a video. That would be quite silly. I'm trying to convince you with the statistics presented in the video. They convinced me. I encourage you to watch it. If you have a compelling reason why this guy's premise is unsound, I'd be interested to hear it."
826,0,"Why should you care what other people have, then?, yeah why should anyone care about others? Seems like you are not the person that does such things. Glad not everyone is like you!"
827,,
828,,
829,0,your last paragraph which is why I said that you were making a superficial analysis.  I'm sure you believe in horse shoe theory as well.
830,0,"haha subtle, i like it"
831,0,‚ÄúA person is smart. People are stupid.‚Äù - Agent K
832,0,"Yes, they are very near the same thing. His ether is his stake in a public project. If he does his job well the value goes up, over the long term, just like a share."
833,,
834,,
835,0,cog¬∑ni¬∑tive dis¬∑so¬∑nance
836,,
837,,
838,,
839,,
840,0,Why do you think regulations were put in place? Because people used to get scammed out of their life savings investing in fake corporations
841,,
842,0,"Obviously, the point is why would you sell something for a dollar if tomorrow will be worth 10? A ceo is supposed to have faith in his company and hold it."
843,,
844,,
845,0,‚ÄúInsider trading is the buying or selling of a security by someone who has access to material nonpublic information about the security. Insider trading can be illegal or legal depending on when the insider makes the trade. It is illegal when the material information is still nonpublic.‚Äù
846,,
847,,
848,,
849,,
850,,
851,,
852,,
853,,
854,,
855,,
856,,
857,,
858,,
859,,
860,,
861,,
862,,
863,0,Or he's rich enough to not care anymore.
864,0,"False, Bitcoin went up almost 1% and Ethereum actually went up almost 6%."
865,,
866,,
867,,
868,,
869,0,I can tell you have other stuff going on and this isn‚Äôt actually about me. Not a good look to be getting in fights in the comment section of a crypto sub Reddit :(
870,0,"I have seen this video. It's very highly touted by the Reddit community. The entire premise that wealth or income inequality matters is flawed for reasons you wouldn't accept if you already believe that it's expedient for society as a whole to extort funds from the most productive people to squander them on entitlements. If you really care to know, lmk. I really do not feel like typing shit out for some redditor to then say but poor people need the money or the rich person doesn't need all that money or something like that. Those are 1st grade thoughts."
871,0,I meant quite obviously that you should only be concerned with how much money rich people have if you are jealous or if they got it any other way than voluntarily market interactions. Even if you don't want to admit it to yourself.
872,,
873,,
874,0,"I'm talking about how reality isn't black and white so systems have to become either hypocritical or sacrifice ideological purity. It's one of many things that ideologies taken to their logical extreme have in common, there are many things that separate these ideologies as well, as is so with pretty much anything."
875,,
876,,
877,0,I prefer to capitalize my statements.
878,,
879,0,The ether is not a stake any more than dollars are a stake
880,0,"And this Wikipedia quote relates to what I said, how?"
881,0,"Yes.  My point was simply that insider trading, collusion to raise or lower prices or owners selling coins is totally legal in the crypto world, and folks should have their eyes wide open as to what this means. i.e people are getting scammed  in the crypto world."
882,0,> a security
883,,
884,,
885,,
886,,
887,,
888,,
889,,
890,,
891,,
892,,
893,0,>Do you even check before you spit out bullshit?
894,,
895,,
896,,
897,,
898,,
899,,
900,0,"No, all the facts are not there. You have no idea why the other two dropped mysteriously right before that, or why it went down 10% in a day and back up 8%. It‚Äôs almost like there are a thousand three factors you‚Äôre trying to ignore."
901,,
902,,
903,0,"I'm confused your response goes perfectly to your Go Outside response. I'm just pointing out your stupidity is all. Really easy with you when you think 70 million dollar isn't a dump. But children will be children. Just remember who started the comment fight. If you can't remember that, then you are in trouble mentally."
904,0,"So rather than explain your reasoning, you insult mine. I don't think we'll get anywhere by starting with the assumption that the person we're talking to is stupid. Let me try to reassure you that I will listen to your thoughts on the matter and try to fully grapple with them before either discarding or adopting them. And I am actually interested in having this premise tested, because I base a lot of political opinions on it."