Index,title,timestamp,date,Market,,,,,,,,,,,,,,,,,,,,,
507,What were you doing in 2016?,2021-07-20 19:21:56+00:00,2021-07-20,Bear,,,,,,,,,,,,,,,,,,,,,
510,"A year ago $BTC was $11,000 and $ETH was $320. A year later everyone is panicking because $BTC is $29,000 and $ETH is $1,700. Don't worry about short term price movements when you're in it for the long run .",2021-07-20 07:58:51+00:00,2021-07-20,Bear,,,,,,,,,,,,,,,,,,,,,
183,What it feels like talking about crypto lately lol,2021-07-19 10:41:37+00:00,2021-07-19,Bear,,,,,,,,,,,,,,,,,,,,,
370,You you bought near the ATH and are deeply in the red… “zoom out & chill”,2021-07-19 23:05:58+00:00,2021-07-19,Bear,,,,,,,,,,,,,,,,,,,,,
277,Free Brittany,2021-07-18 20:10:39+00:00,2021-07-18,Bear,,,,,,,,,,,,,,,,,,,,,
637,Lmao,2021-07-18 09:11:22+00:00,2021-07-18,Bear,,,,,,,,,,,,,,,,,,,,,
310,My Goal,2021-07-17 08:10:53+00:00,2021-07-17,Bear,,,,,,,,,,,,,,,,,,,,,
483,Is this guy still alive?,2021-07-17 23:15:25+00:00,2021-07-17,Bear,,,,,,,,,,,,,,,,,,,,,
586,It’s finally here!,2021-07-16 14:23:52+00:00,2021-07-16,Bear,,,,,,,,,,,,,,,,,,,,,
677,Holders Assemble!,2021-07-16 23:22:20+00:00,2021-07-16,Bear,,,,,,,,,,,,,,,,,,,,,
253,And that’s why we need decentralised finance.,2021-07-15 11:48:15+00:00,2021-07-15,Bear,,,,,,,,,,,,,,,,,,,,,
689,"Your move, Elon",2021-07-15 08:19:53+00:00,2021-07-15,Bear,,,,,,,,,,,,,,,,,,,,,
182,My $20,2021-07-14 06:43:17+00:00,2021-07-14,Bear,,,,,,,,,,,,,,,,,,,,,
317,God this was an underrated tweet there years ago.,2021-07-14 21:40:39+00:00,2021-07-14,Bear,,,,,,,,,,,,,,,,,,,,,
65,"People say crypto ruin lives, but it has brought our family closer. We now live in one bedroom unit.",2021-07-13 15:53:03+00:00,2021-07-13,Bear,,,,,,,,,,,,,,,,,,,,,
263,I’m finally the proud holder of 1 whole ETH after 2 months since I first got into crypto. I was also lucky enough to not buy at ATH and I kept DCAing all this time. My wife and I are also getting the keys to OUR first house tomorrow after years of renting. So this is definitely a good week.,2021-07-13 03:13:01+00:00,2021-07-13,Bear,,,,,,,,,,,,,,,,,,,,,
198,My dad asking me how the crypto investment going,2021-07-11 07:35:33+00:00,2021-07-11,Bear,,,,,,,,,,,,,,,,,,,,,
248,AI is the future,2021-07-11 22:44:19+00:00,2021-07-11,Bear,,,,,,,,,,,,,,,,,,,,,
293,Normies are confused,2021-07-11 19:31:52+00:00,2021-07-11,Bear,,,,,,,,,,,,,,,,,,,,,
441,True. We strive to be friendly to newbies here at r/ethtrader !!!,2021-07-11 00:46:18+00:00,2021-07-11,Bear,,,,,,,,,,,,,,,,,,,,,
780,Fascinating,2021-07-11 03:15:23+00:00,2021-07-11,Bear,,,,,,,,,,,,,,,,,,,,,
34,Keep Hodling!,2021-07-09 04:57:00+00:00,2021-07-09,Bear,,,,,,,,,,,,,,,,,,,,,
640,Elon's negative tweet had absolutely no impact. The market is ignoring him,2021-07-09 01:41:07+00:00,2021-07-09,Bear,,,,,,,,,,,,,,,,,,,,,
57,Vitalik Appreciation Post,2021-07-08 06:42:10+00:00,2021-07-08,Bear,,,,,,,,,,,,,,,,,,,,,
356,Buy $20 every single day for the past 56 days - finally breaking even,2021-07-07 11:25:48+00:00,2021-07-07,Bear,,,,,,,,,,,,,,,,,,,,,
320,When they say they're competing,2021-07-06 07:19:10+00:00,2021-07-06,Bear,,,,,,,,,,,,,,,,,,,,,
471,New mining center in Texas United States,2021-07-06 15:26:42+00:00,2021-07-06,Bear,,,,,,,,,,,,,,,,,,,,,
283,If this isn’t the most accurate portrayal of crypto investing I don’t know what is,2021-07-05 02:37:17+00:00,2021-07-05,Bear,,,,,,,,,,,,,,,,,,,,,
434,Mining migration,2021-07-04 13:28:25+00:00,2021-07-04,Bear,,,,,,,,,,,,,,,,,,,,,
601,Every one will be using it soon,2021-07-04 07:36:57+00:00,2021-07-04,Bear,,,,,,,,,,,,,,,,,,,,,
387,"There is no better feeling than waking up and seeing green, wish you all green portfolios, ETHtraders.",2021-07-03 02:59:27+00:00,2021-07-03,Bear,,,,,,,,,,,,,,,,,,,,,
450,Not much but it's honest work.,2021-07-03 22:09:23+00:00,2021-07-03,Bear,,,,,,,,,,,,,,,,,,,,,
814,Can we Remove all Doge and Shitcoin Posts on here. This is an Ethereum Sub not a Shitcoin Circus,2021-07-03 09:29:47+00:00,2021-07-03,Bear,,,,,,,,,,,,,,,,,,,,,
701,Probably >90% of the public don’t know this yet...🤯,2021-07-02 19:04:40+00:00,2021-07-02,Bear,,,,,,,,,,,,,,,,,,,,,
376,"Good grief, Elon’s latest tweet is super cringe",2021-07-01 03:54:13+00:00,2021-07-01,Bear,,,,,,,,,,,,,,,,,,,,,
579,"Just bought $10k worth of ETH taking me well pass 50 ETH!!! It’s Party 🎉 time!!! HODL to $100,000 per ETH in 5 years, or sooner!!! Long and Strong 💪 ETHEREUM!",2021-06-30 11:23:23+00:00,2021-06-30,Bear,,,,,,,,,,,,,,,,,,,,,
712,Inflation is a silent thief.,2021-06-30 12:35:14+00:00,2021-06-30,Bear,,,,,,,,,,,,,,,,,,,,,
790,Hard truth!,2021-06-30 19:05:07+00:00,2021-06-30,Bear,,,,,,,,,,,,,,,,,,,,,
168,Is this the best way to introduce blockchain to a new person?,2021-06-29 02:22:38+00:00,2021-06-29,Bear,,,,,,,,,,,,,,,,,,,,,
800,When friends ask me about ETH reaching 10K,2021-06-29 06:25:09+00:00,2021-06-29,Bear,,,,,,,,,,,,,,,,,,,,,
817,Bullish!,2021-06-29 20:32:17+00:00,2021-06-29,Bear,,,,,,,,,,,,,,,,,,,,,
125,When your portfolio is down 75% instead of 80%,2021-06-28 02:30:57+00:00,2021-06-28,Bear,,,,,,,,,,,,,,,,,,,,,
599,Sweet Jesus - Looking forward to the future of ETH,2021-06-28 17:04:06+00:00,2021-06-28,Bear,,,,,,,,,,,,,,,,,,,,,
609,Guys after months of buying the dips working my minimum wage job I finally own 1 ETH,2021-06-28 00:39:13+00:00,2021-06-28,Bear,,,,,,,,,,,,,,,,,,,,,
309,Thoughts on this??,2021-06-27 02:21:52+00:00,2021-06-27,Bear,,,,,,,,,,,,,,,,,,,,,
463,That's crazy high returns,2021-06-27 06:38:04+00:00,2021-06-27,Bear,,,,,,,,,,,,,,,,,,,,,
70,Life lessons,2021-06-26 10:06:47+00:00,2021-06-26,Bear,,,,,,,,,,,,,,,,,,,,,
160,I canceled my Tesla Model X order to buy more ETH!,2021-06-25 16:37:54+00:00,2021-06-25,Bear,,,,,,,,,,,,,,,,,,,,,
336,I get satisfaction from buying ETH at 60% off,2021-06-25 04:27:24+00:00,2021-06-25,Bear,,,,,,,,,,,,,,,,,,,,,
439,This is wonderful!!,2021-06-25 00:55:48+00:00,2021-06-25,Bear,,,,,,,,,,,,,,,,,,,,,
702,"ETH will be used as a payment option for 50,000 electric vehicle charging stations across Europe!",2021-06-25 13:34:45+00:00,2021-06-25,Bear,,,,,,,,,,,,,,,,,,,,,
132,Never Forget,2021-06-24 05:58:30+00:00,2021-06-24,Bear,,,,,,,,,,,,,,,,,,,,,
410,Damn right it is,2021-06-24 00:47:52+00:00,2021-06-24,Bear,,,,,,,,,,,,,,,,,,,,,
451,I lold,2021-06-24 16:01:31+00:00,2021-06-24,Bear,,,,,,,,,,,,,,,,,,,,,
224,Metamask*,2021-06-23 00:47:34+00:00,2021-06-23,Bear,,,,,,,,,,,,,,,,,,,,,
389,Love this gif,2021-06-23 13:22:46+00:00,2021-06-23,Bear,,,,,,,,,,,,,,,,,,,,,
781,Only Pain,2021-06-23 03:45:43+00:00,2021-06-23,Bear,,,,,,,,,,,,,,,,,,,,,
95,"Hodl on lads! This too shall pass! Currently down $2,400,000 from all time high! IM NOT F*CKING SELLING! Who’s with me?!",2021-06-22 07:42:52+00:00,2021-06-22,Bear,,,,,,,,,,,,,,,,,,,,,
152,"This is how simple, and quick, it is to send a payment in El Salvador 🇸🇻. It really feels like magic internet money.",2021-06-22 00:19:47+00:00,2021-06-22,Bear,,,,,,,,,,,,,,,,,,,,,
593,When you see other people buying the dips,2021-06-22 05:02:12+00:00,2021-06-22,Bear,,,,,,,,,,,,,,,,,,,,,
113,Dip after dip,2021-06-21 04:21:50+00:00,2021-06-21,Bear,,,,,,,,,,,,,,,,,,,,,
153,Celebrating 2 ETH 🎊,2021-06-21 11:26:03+00:00,2021-06-21,Bear,,,,,,,,,,,,,,,,,,,,,
272,Maybe the real gain was the friends we made along the way,2021-06-21 12:05:52+00:00,2021-06-21,Bear,,,,,,,,,,,,,,,,,,,,,
735,"Bois, ETH is under $2k again!",2021-06-21 05:03:48+00:00,2021-06-21,Bear,,,,,,,,,,,,,,,,,,,,,
897,Dont worry. Just HODL,2021-06-21 05:38:12+00:00,2021-06-21,Bear,,,,,,,,,,,,,,,,,,,,,
22,"A new economy is coming, just HODL on",2021-06-20 00:57:09+00:00,2021-06-20,Bear,,,,,,,,,,,,,,,,,,,,,
50,"I gave my dad 100 ETH 4 years ago for Father’s Day and now it’s currently worth ~$225,000 — when ETH hits $10,000 this year, I will have made my dad a millionaire.",2021-06-20 15:57:16+00:00,2021-06-20,Bear,,,,,,,,,,,,,,,,,,,,,
247,Just a little reminder...,2021-06-20 13:43:37+00:00,2021-06-20,Bear,,,,,,,,,,,,,,,,,,,,,
12,Interesting,2021-06-19 03:45:18+00:00,2021-06-19,Bear,,,,,,,,,,,,,,,,,,,,,
204,You know what not to do,2021-06-18 06:45:18+00:00,2021-06-18,Bear,,,,,,,,,,,,,,,,,,,,,
337,Second time?,2021-06-18 12:09:01+00:00,2021-06-18,Bear,,,,,,,,,,,,,,,,,,,,,
739,Lmao,2021-06-18 14:08:24+00:00,2021-06-18,Bear,,,,,,,,,,,,,,,,,,,,,
64,Crypto market be like...,2021-06-17 03:58:48+00:00,2021-06-17,Bear,,,,,,,,,,,,,,,,,,,,,
276,High APR !,2021-06-17 22:13:29+00:00,2021-06-17,Bear,,,,,,,,,,,,,,,,,,,,,
624,BREAKING: Mark Cuban calls for more stablecoin regulation after trading DeFi token that crashed to zero 🤣,2021-06-17 10:30:14+00:00,2021-06-17,Bear,,,,,,,,,,,,,,,,,,,,,
61,News flash,2021-06-14 08:52:25+00:00,2021-06-14,Bear,,,,,,,,,,,,,,,,,,,,,
853,Wait...what? This is new,2021-06-14 03:31:29+00:00,2021-06-14,Bear,,,,,,,,,,,,,,,,,,,,,
157,Venezuelans using worthless bank notes to make handcrafts!!,2021-06-13 00:37:14+00:00,2021-06-13,Bear,,,,,,,,,,,,,,,,,,,,,
279,Real steep curve,2021-06-13 13:23:08+00:00,2021-06-13,Bear,,,,,,,,,,,,,,,,,,,,,
91,My Eth gains,2021-06-11 23:28:57+00:00,2021-06-11,Bear,,,,,,,,,,,,,,,,,,,,,
521,Why I'm bullish on ethereum!,2021-06-11 11:11:33+00:00,2021-06-11,Bear,,,,,,,,,,,,,,,,,,,,,
855,"THIS IS ACTUALLY AMAZING . El SALVADOR. What you are seeing in a video is a new well, that will provide approximately 95MW of 100% clean, 0 emissions geothermal energy from volcanos 🌋",2021-06-11 09:25:55+00:00,2021-06-11,Bear,,,,,,,,,,,,,,,,,,,,,
58,Don't be this guy!,2021-06-10 07:27:19+00:00,2021-06-10,Bear,,,,,,,,,,,,,,,,,,,,,
415,Sooner or later fiat currency will disappear,2021-06-10 18:41:46+00:00,2021-06-10,Bear,,,,,,,,,,,,,,,,,,,,,
72,Prayers 🙏,2021-06-09 04:01:25+00:00,2021-06-09,Bear,,,,,,,,,,,,,,,,,,,,,
77,paradoxical,2021-06-09 14:34:52+00:00,2021-06-09,Bear,,,,,,,,,,,,,,,,,,,,,
24,Rolling in the dip,2021-06-08 13:14:40+00:00,2021-06-08,Bear,,,,,,,,,,,,,,,,,,,,,
84,lmao,2021-06-08 05:39:52+00:00,2021-06-08,Bear,,,,,,,,,,,,,,,,,,,,,
51,Do you agree?,2021-06-07 15:43:48+00:00,2021-06-07,Bear,,,,,,,,,,,,,,,,,,,,,
109,Penguin Flag forming bro. It's now Bullish,2021-06-07 02:12:40+00:00,2021-06-07,Bear,,,,,,,,,,,,,,,,,,,,,
595,NHL team will begin accepting Ethereum,2021-06-07 13:46:32+00:00,2021-06-07,Bear,,,,,,,,,,,,,,,,,,,,,
844,I mean he is right,2021-06-07 03:53:25+00:00,2021-06-07,Bear,,,,,,,,,,,,,,,,,,,,,
36,Story of my life,2021-06-06 09:11:52+00:00,2021-06-06,Bear,,,,,,,,,,,,,,,,,,,,,
170,This guy saw Bitcoin’s potential at $1. He’s now bullish on Ethereum!,2021-06-06 05:35:13+00:00,2021-06-06,Bear,,,,,,,,,,,,,,,,,,,,,
240,I think this sums the Miami Conference perfectly,2021-06-06 11:06:29+00:00,2021-06-06,Bear,,,,,,,,,,,,,,,,,,,,,
671,Indeed,2021-06-06 11:36:10+00:00,2021-06-06,Bear,,,,,,,,,,,,,,,,,,,,,
13,That’s so true,2021-06-05 06:40:36+00:00,2021-06-05,Bear,,,,,,,,,,,,,,,,,,,,,
60,Floyd Mayweather wearing an Ethereum shirt to his face off with Logan Paul,2021-06-05 18:42:45+00:00,2021-06-05,Bear,,,,,,,,,,,,,,,,,,,,,
653,El Salvador has just become the world’s first nation to adopt cryptocurrency as legal tender.,2021-06-05 22:50:35+00:00,2021-06-05,Bear,,,,,,,,,,,,,,,,,,,,,
39,Many people need to understand this,2021-06-04 15:21:07+00:00,2021-06-04,Bear,,,,,,,,,,,,,,,,,,,,,
48,Lost the V-Card today,2021-06-04 03:12:03+00:00,2021-06-04,Bear,,,,,,,,,,,,,,,,,,,,,
582,Saw this at Miami,2021-06-04 16:17:13+00:00,2021-06-04,Bear,,,,,,,,,,,,,,,,,,,,,
89,The guy she tells you not to worry about,2021-06-03 07:17:03+00:00,2021-06-03,Bear,,,,,,,,,,,,,,,,,,,,,
45,"Crypto is like family, it has its up and downs",2021-06-01 01:26:25+00:00,2021-06-01,Bear,,,,,,,,,,,,,,,,,,,,,
231,No lies there,2021-06-01 16:34:27+00:00,2021-06-01,Bear,,,,,,,,,,,,,,,,,,,,,
437,This is the truth,2021-06-01 07:40:24+00:00,2021-06-01,Bear,,,,,,,,,,,,,,,,,,,,,
898,Imagine telling people this 50 years ago. They would have called you crazy!,2021-06-01 13:31:36+00:00,2021-06-01,Bear,,,,,,,,,,,,,,,,,,,,,
6,Me keeping track of my 50$ of ETH,2021-05-31 06:27:43+00:00,2021-05-31,Bear,,,,,,,,,,,,,,,,,,,,,
541,Alive but dead inside.,2021-05-31 08:39:10+00:00,2021-05-31,Bear,,,,,,,,,,,,,,,,,,,,,
62,The Market right now,2021-05-30 00:17:05+00:00,2021-05-30,Bear,,,,,,,,,,,,,,,,,,,,,
99,It is theft!,2021-05-30 07:20:51+00:00,2021-05-30,Bear,,,,,,,,,,,,,,,,,,,,,
131,Love the old reporter who thinks Amazon is a joke. They are doing the same with crypto now.,2021-05-30 18:43:52+00:00,2021-05-30,Bear,,,,,,,,,,,,,,,,,,,,,
381,Eth subs Fact,2021-05-30 00:44:22+00:00,2021-05-30,Bear,,,,,,,,,,,,,,,,,,,,,
94,This is Adoption,2021-05-29 04:29:12+00:00,2021-05-29,Bear,,,,,,,,,,,,,,,,,,,,,
92,He's a good Gwei,2021-05-28 03:42:04+00:00,2021-05-28,Bear,,,,,,,,,,,,,,,,,,,,,
121,Finally reached my 1 coin goal!,2021-05-28 15:12:38+00:00,2021-05-28,Bear,,,,,,,,,,,,,,,,,,,,,
453,Diversification is the key,2021-05-28 15:44:15+00:00,2021-05-28,Bear,,,,,,,,,,,,,,,,,,,,,
29,I agree do you???,2021-05-27 06:43:51+00:00,2021-05-27,Bear,,,,,,,,,,,,,,,,,,,,,
643,Ethereum is the internet 🔥,2021-05-27 17:12:32+00:00,2021-05-27,Bear,,,,,,,,,,,,,,,,,,,,,
114,just another monday,2021-05-26 19:24:10+00:00,2021-05-26,Bear,,,,,,,,,,,,,,,,,,,,,
205,Yolo'ed my life savings at Eth in the fat dip because I believe that the rest of this year is gonna prove it to be the best decision I've ever made. Holding on for dear life for at least a couple years so I'm going to be smart and stake the lot. Best of luck to us all and I'll see you in two years🤙,2021-05-26 07:44:32+00:00,2021-05-26,Bear,,,,,,,,,,,,,,,,,,,,,
711,Pure truth,2021-05-26 05:33:26+00:00,2021-05-26,Bear,,,,,,,,,,,,,,,,,,,,,
856,I don’t have anybody to share this with but I just hit 1 ETH🥳,2021-05-26 21:45:58+00:00,2021-05-26,Bear,,,,,,,,,,,,,,,,,,,,,
5,Checkmate Bill,2021-05-25 16:41:45+00:00,2021-05-25,Bear,,,,,,,,,,,,,,,,,,,,,
321,Not today Satan,2021-05-25 04:00:58+00:00,2021-05-25,Bear,,,,,,,,,,,,,,,,,,,,,
955,Lmao... this market is not for everyone .,2021-05-25 05:16:56+00:00,2021-05-25,Bear,,,,,,,,,,,,,,,,,,,,,
267,Ahhh...right,2021-05-24 19:26:08+00:00,2021-05-24,Bear,,,,,,,,,,,,,,,,,,,,,
384,They only believe when it's green,2021-05-24 15:16:19+00:00,2021-05-24,Bear,,,,,,,,,,,,,,,,,,,,,
514,Lol! This is so true! Facts indeed.,2021-05-24 22:27:52+00:00,2021-05-24,Bear,,,,,,,,,,,,,,,,,,,,,
707,The future is bright,2021-05-24 14:02:10+00:00,2021-05-24,Bear,,,,,,,,,,,,,,,,,,,,,
881,when..,2021-05-24 13:15:30+00:00,2021-05-24,Bear,,,,,,,,,,,,,,,,,,,,,
10,Tension...,2021-05-23 07:56:32+00:00,2021-05-23,Bear,,,,,,,,,,,,,,,,,,,,,
124,"After months of crypto trading, I am now behind the wheel of a brand new Mercedes.",2021-05-23 11:24:48+00:00,2021-05-23,Bear,,,,,,,,,,,,,,,,,,,,,
216,The power of $DOGE,2021-05-23 06:50:00+00:00,2021-05-23,Bear,,,,,,,,,,,,,,,,,,,,,
194,How are they faring now with those 'rich stakeholders'?,2021-05-22 04:50:25+00:00,2021-05-22,Bear,,,,,,,,,,,,,,,,,,,,,
622,So far...,2021-05-22 07:23:02+00:00,2021-05-22,Bear,,,,,,,,,,,,,,,,,,,,,
693,he might be onto something,2021-05-22 08:22:14+00:00,2021-05-22,Bear,,,,,,,,,,,,,,,,,,,,,
804,He needed to clear some things up,2021-05-22 00:26:49+00:00,2021-05-22,Bear,,,,,,,,,,,,,,,,,,,,,
17,Buy high sell low,2021-05-21 05:36:36+00:00,2021-05-21,Bear,,,,,,,,,,,,,,,,,,,,,
23,Please.,2021-05-21 15:44:25+00:00,2021-05-21,Bear,,,,,,,,,,,,,,,,,,,,,
495,Truth💯💯💯,2021-05-21 09:10:31+00:00,2021-05-21,Bear,,,,,,,,,,,,,,,,,,,,,
19,"The more he tweets, the less the market will respond.",2021-05-20 14:51:28+00:00,2021-05-20,Bear,,,,,,,,,,,,,,,,,,,,,
32,"If this is your first >30% dip and you still HODLed, then congrats and welcome to the diamond hands club!",2021-05-20 08:24:26+00:00,2021-05-20,Bear,,,,,,,,,,,,,,,,,,,,,
102,Not having money to buy the dip is the worst fucking feeling,2021-05-20 04:28:34+00:00,2021-05-20,Bear,,,,,,,,,,,,,,,,,,,,,
884,Just another day in the life of ethTrader,2021-05-20 08:16:46+00:00,2021-05-20,Bear,,,,,,,,,,,,,,,,,,,,,
9,Diamond hands boiis,2021-05-19 04:50:14+00:00,2021-05-19,Bear,,,,,,,,,,,,,,,,,,,,,
42,I don't think this is what he meant,2021-05-19 09:55:49+00:00,2021-05-19,Bear,,,,,,,,,,,,,,,,,,,,,
63,Hold,2021-05-19 15:16:43+00:00,2021-05-19,Bear,,,,,,,,,,,,,,,,,,,,,
301,Pump it.,2021-05-19 23:41:01+00:00,2021-05-19,Bear,,,,,,,,,,,,,,,,,,,,,
374,1 Eth = 1 Eth. Nothing is Lost,2021-05-19 12:22:42+00:00,2021-05-19,Bear,,,,,,,,,,,,,,,,,,,,,
736,"STOP blaming anyone but YOU for losing money. Pay your bills, feed your kids, get some gas and make sure you are able to do so the next month. Why on earth would you put everything you have into something before maintaining a roof over your head is beyond me. It's YOUR FAULT. Not his, not China's.",2021-05-19 11:48:40+00:00,2021-05-19,Bear,,,,,,,,,,,,,,,,,,,,,
68,Know the difference,2021-05-18 00:11:46+00:00,2021-05-18,Bear,,,,,,,,,,,,,,,,,,,,,
210,when you buy the dip but it keeps dipping,2021-05-18 19:51:09+00:00,2021-05-18,Bear,,,,,,,,,,,,,,,,,,,,,
499,Should have been a dead giveaway that he was shady.,2021-05-18 04:01:32+00:00,2021-05-18,Bear,,,,,,,,,,,,,,,,,,,,,
330,"The more he tweets,the less it affects the market",2021-05-17 02:35:17+00:00,2021-05-17,Bear,,,,,,,,,,,,,,,,,,,,,
930,"I've been here since 2017, Paid my house off 2 months ago. Next step? Retirement!",2021-05-17 06:36:56+00:00,2021-05-17,Bear,,,,,,,,,,,,,,,,,,,,,
40,Finally Grew Up & Traded All My Dogecoin For Ethereum,2021-05-16 10:32:06+00:00,2021-05-16,Bear,,,,,,,,,,,,,,,,,,,,,
119,"He didn’t win, Hands down",2021-05-16 01:57:27+00:00,2021-05-16,Bear,,,,,,,,,,,,,,,,,,,,,
246,LoL.,2021-05-16 15:07:20+00:00,2021-05-16,Bear,,,,,,,,,,,,,,,,,,,,,
749,A little explanation for what is happening today,2021-05-16 11:24:14+00:00,2021-05-16,Bear,,,,,,,,,,,,,,,,,,,,,
888,"Ethereum 2 has failed, Ethereum is not secure, etc etc We really need Vitalik to debunk the FUD Charles is spewing once and for all. New people are being mislead en-masse as Charles is gaining more and more air time. Up-vote if you'd like to see them debate the tech and get to the bottom of it.",2021-05-16 18:26:04+00:00,2021-05-16,Bear,,,,,,,,,,,,,,,,,,,,,
847,Why I still think Ethereum will pass Bitcoin and never look back,2018-12-24 09:01:12+00:00,2018-12-24,Bear,,,,,,,,,,,,,,,,,,,,,
951,Thought experiment on long term value of ETH,2018-12-13 06:04:17+00:00,2018-12-13,Bear,,,,,,,,,,,,,,,,,,,,,
918,BAT's Brave browser confirmed as default browser on new HTC phone!,2018-12-08 12:32:20+00:00,2018-12-08,Bear,,,,,,,,,,,,,,,,,,,,,
719,#DrButerin #VitalikButerin,2018-11-30 13:53:10+00:00,2018-11-30,Bear,,,,,,,,,,,,,,,,,,,,,
946,Where do you think we are in the market cycle?,2018-11-22 12:14:46+00:00,2018-11-22,Bear,,,,,,,,,,,,,,,,,,,,,
349,How would you react to further ETH price declines?,2018-11-20 17:00:40+00:00,2018-11-20,Bear,,,,,,,,,,,,,,,,,,,,,
300,Has ETH bottomed?,2018-11-19 05:15:57+00:00,2018-11-19,Bear,,,,,,,,,,,,,,,,,,,,,
343,Whose the biggest bagholder of them all?,2018-11-19 17:08:20+00:00,2018-11-19,Bear,,,,,,,,,,,,,,,,,,,,,
522,Poll : Which platform do you consider to be a worthy opponent to Ethereum?,2018-10-25 08:56:59+00:00,2018-10-25,Bear,,,,,,,,,,,,,,,,,,,,,
536,To HODLers - What is your average buying price ?,2018-10-18 01:45:39+00:00,2018-10-18,Bear,,,,,,,,,,,,,,,,,,,,,
273,What's the Highest Price you think ETH will hit in the last 3 months of 2018?,2018-10-16 06:39:28+00:00,2018-10-16,Bear,,,,,,,,,,,,,,,,,,,,,
866,Your Thoughts on Tether [Poll],2018-10-15 08:54:13+00:00,2018-10-15,Bear,,,,,,,,,,,,,,,,,,,,,
466,How Low Will She Go? What's the lowest you think ETH will hit in 2018?,2018-10-14 15:27:30+00:00,2018-10-14,Bear,,,,,,,,,,,,,,,,,,,,,
725,What will be the price of ETH in a week?,2018-10-09 04:34:22+00:00,2018-10-09,Bear,,,,,,,,,,,,,,,,,,,,,
377,When did you first buy crypto?,2018-10-08 04:38:26+00:00,2018-10-08,Bear,,,,,,,,,,,,,,,,,,,,,
172,Let's find the average age of EthTrader!,2018-10-03 04:15:08+00:00,2018-10-03,Bear,,,,,,,,,,,,,,,,,,,,,
750,Winklevoss Brothers Launch Ethereum Token Backed By U.S. Dollars,2018-09-10 06:13:52+00:00,2018-09-10,Bear,,,,,,,,,,,,,,,,,,,,,
860,Who wants to see Vitalik go on the Joe Rogan Experience Podcast (JRE)?,2018-09-10 09:28:54+00:00,2018-09-10,Bear,,,,,,,,,,,,,,,,,,,,,
863,"It's time to take back the narrative around Ether and Ethereum. Ethereum is the future of digital, decentralized finance.",2018-09-10 11:39:26+00:00,2018-09-10,Bear,,,,,,,,,,,,,,,,,,,,,
398,"Chinese citizens are using Ethereum to record a heartbreaking story: more than 250k falsely made vaccines were used by newborn babies, causing permanent damage and even death",2018-07-25 17:32:36+00:00,2018-07-25,Bear,,,,,,,,,,,,,,,,,,,,,
908,Sir Isaac Newton got the Fomo despite being one of the most intelligent people on the planet. Control your emotions.,2018-07-16 05:48:01+00:00,2018-07-16,Bear,,,,,,,,,,,,,,,,,,,,,
729,"Google co-founder, Sergey Brin is a last minute addition to the Blockchain Summit panel on emerging technologies. Says he is mining Ethereum with his son.",2018-07-08 07:03:32+00:00,2018-07-08,Bear,,,,,,,,,,,,,,,,,,,,,
968,Andreessen Horowitz is launching a $300 million fund to invest in crypto,2018-06-25 13:43:34+00:00,2018-06-25,Bear,,,,,,,,,,,,,,,,,,,,,
887,BREAKING: Mt. Gox ‘Bitcoin Whale’ Trustee Won’t Sell Any More BTC -- (Pretty huge news for entire space and not getting deserved media coverage),2018-06-22 06:41:38+00:00,2018-06-22,Bear,,,,,,,,,,,,,,,,,,,,,
380,SEC says they don't believe ETH to be a security.,2018-06-14 09:33:24+00:00,2018-06-14,Bear,,,,,,,,,,,,,,,,,,,,,
896,Vitalik says Ethereum will eventually support millions of transactions per second,2018-06-02 01:44:05+00:00,2018-06-02,Bear,,,,,,,,,,,,,,,,,,,,,
969,Shopify plugin for Request Network released. Now shopify accepts cryptocurrency payments.,2018-06-01 07:30:41+00:00,2018-06-01,Bear,,,,,,,,,,,,,,,,,,,,,
952,"Chinese Internet security giant 360 has found ""a series of epic vulnerabilities"" in the EOS platform.",2018-05-28 22:34:09+00:00,2018-05-28,Bear,,,,,,,,,,,,,,,,,,,,,
706,When someone asks about my strategy,2018-05-23 07:59:46+00:00,2018-05-23,Bear,,,,,,,,,,,,,,,,,,,,,
209,Welcome To Ethtrader,2018-05-21 13:24:12+00:00,2018-05-21,Bear,,,,,,,,,,,,,,,,,,,,,
777,Be a better person than a rich cryptodick and fly to Puerto Rico for free!,2018-05-20 21:55:07+00:00,2018-05-20,Bear,,,,,,,,,,,,,,,,,,,,,
491,Someone Just Stoke Over 150k In Crypto From Me. Here's How They Did It. Now Let's Catch Them,2018-05-19 08:19:31+00:00,2018-05-19,Bear,,,,,,,,,,,,,,,,,,,,,
818,Fed-Ex to use Ethereum to improve business processes,2018-05-19 02:58:09+00:00,2018-05-19,Bear,,,,,,,,,,,,,,,,,,,,,
517,Apple's Steve Wozniak Dumps Facebook And Thinks Ethereum Could Be The New Apple,2018-05-18 05:05:57+00:00,2018-05-18,Bear,,,,,,,,,,,,,,,,,,,,,
823,US Regulators Agree That They Will Not Will Not Suppress Cryptocurrencies,2018-05-16 03:58:33+00:00,2018-05-16,Bear,,,,,,,,,,,,,,,,,,,,,
230,A picture is worth a thousand words,2018-05-11 20:15:18+00:00,2018-05-11,Bear,,,,,,,,,,,,,,,,,,,,,
403,[OC] Crypto Market Evolution in 80s,2018-05-10 07:40:01+00:00,2018-05-10,Bear,,,,,,,,,,,,,,,,,,,,,
649,Bought a house with ETH gains,2018-05-10 06:29:31+00:00,2018-05-10,Bear,,,,,,,,,,,,,,,,,,,,,
740," Ethereum has already won the race for developer mindshare. Several orders of magnitude more developers than any other platform. And if you don't have developers building on your platform, you're building a ghost town.  James Duffy, Loom Network",2018-05-09 11:42:43+00:00,2018-05-09,Bear,,,,,,,,,,,,,,,,,,,,,
798,Ethereum processed 4x the amount of transactions as Bitcoin today for the same amount of network fees.,2018-05-07 19:06:06+00:00,2018-05-07,Bear,,,,,,,,,,,,,,,,,,,,,
912,Fake News - There Is No Ruling Expected On ETH Today From SEC. You Have Been Played By The Financial Media FUD.,2018-05-07 08:38:19+00:00,2018-05-07,Bear,,,,,,,,,,,,,,,,,,,,,
546,"Today Ethereum transacted over $100,000,000 PER HOUR on average, with over 53% of transactions going to smart contracts -- really speaks for Ethereum's success as a contract platform --- Paul Kohlhaas",2018-05-05 04:11:00+00:00,2018-05-05,Bear,,,,,,,,,,,,,,,,,,,,,
568,"Reddit Founder: ""I’m most bullish about Ethereum simply because people are actually building on it."" [MSN]",2018-05-02 07:20:05+00:00,2018-05-02,Bear,,,,,,,,,,,,,,,,,,,,,
714,Sharding is coming. ~ Vitalik Buterin,2018-04-30 11:30:34+00:00,2018-04-30,Bear,,,,,,,,,,,,,,,,,,,,,
813,One thing,2018-04-29 12:41:59+00:00,2018-04-29,Bear,,,,,,,,,,,,,,,,,,,,,
697,French authorities reduces crypto tax from 45% to 19%,2018-04-28 03:48:49+00:00,2018-04-28,Bear,,,,,,,,,,,,,,,,,,,,,
629,Vitalik boycotting coindesk's Consensus 2018 conference,2018-04-26 09:08:47+00:00,2018-04-26,Bear,,,,,,,,,,,,,,,,,,,,,
457,Nasdaq CEO says they are open to becoming a cryptocurrency exchange (!!),2018-04-25 07:45:14+00:00,2018-04-25,Bear,,,,,,,,,,,,,,,,,,,,,
660,**Warning** Reports of MyEtherWallet Site Compromised.,2018-04-24 06:08:33+00:00,2018-04-24,Bear,,,,,,,,,,,,,,,,,,,,,
694,Amazon launches AWS Blockchain Templates - Launch Ethereum networks with just a few clicks,2018-04-20 03:36:34+00:00,2018-04-20,Bear,,,,,,,,,,,,,,,,,,,,,
822,Vitalik on Vice,2018-04-20 13:06:40+00:00,2018-04-20,Bear,,,,,,,,,,,,,,,,,,,,,
778,"BAT announces major official partnership with DOW JONES — (MarketWatch, Barron's, Wall Street Journal, Dow Jones Industrial Average, News Corp.) Dow Jones will use BAT's blockchain advertising platform + free MW or Barron's subscription for Brave users",2018-04-18 08:40:46+00:00,2018-04-18,Bear,,,,,,,,,,,,,,,,,,,,,
673,"NASA project: ""Ethereum blockchain technology will be exploited to develop a decentralized, secure, and cognitive networking and computing infrastructure for deep space exploration”",2018-04-16 10:52:10+00:00,2018-04-16,Bear,,,,,,,,,,,,,,,,,,,,,
905,The Bull: a Three-Term Take on ETH,2018-04-05 14:16:27+00:00,2018-04-05,Bear,,,,,,,,,,,,,,,,,,,,,
710,"Vitalik calling out Craig Wright for what he is, a fraud",2018-04-03 04:29:52+00:00,2018-04-03,Bear,,,,,,,,,,,,,,,,,,,,,
361,Just want to wish everyone a,2018-04-01 01:42:18+00:00,2018-04-01,Bear,,,,,,,,,,,,,,,,,,,,,
672,Announcement: r/ethtrader will no longer use USD as the official currency,2018-03-31 06:42:11+00:00,2018-03-31,Bear,,,,,,,,,,,,,,,,,,,,,
619,Welcome to Despair /r/Ethtrader: Ready To Do it All Over Again?,2018-03-29 20:11:06+00:00,2018-03-29,Bear,,,,,,,,,,,,,,,,,,,,,
770,BIG IF TRUE: Hungry Alligator pattern forming on 5 minute chart.,2018-03-26 06:35:47+00:00,2018-03-26,Bear,,,,,,,,,,,,,,,,,,,,,
970,Inflation rate will go down by ~90% with Casper and Sharding (3 ETH block reward -> 0.22ETH),2018-03-22 01:59:25+00:00,2018-03-22,Bear,,,,,,,,,,,,,,,,,,,,,
526,PSA: Never copy/paste your private key on mobile. Any app running can read it.,2018-03-21 02:22:19+00:00,2018-03-21,Bear,,,,,,,,,,,,,,,,,,,,,
674,Microsoft helps launch world’s first blockchain-based investment product: settled on the public Ethereum chain.,2018-03-21 09:33:45+00:00,2018-03-21,Bear,,,,,,,,,,,,,,,,,,,,,
167,Stocks VS Crypto,2018-03-18 06:20:38+00:00,2018-03-18,Bear,,,,,,,,,,,,,,,,,,,,,
929,That's one way of dispelling the scammers lol.,2018-03-16 12:10:24+00:00,2018-03-16,Bear,,,,,,,,,,,,,,,,,,,,,
206,I know its tempting - but just stop looking!,2018-03-15 09:29:57+00:00,2018-03-15,Bear,,,,,,,,,,,,,,,,,,,,,
858,This room feels like Q4 2016 all over again,2018-03-13 04:40:35+00:00,2018-03-13,Bear,,,,,,,,,,,,,,,,,,,,,
482,Cryptocurrencies: Last Week Tonight with John Oliver,2018-03-12 00:41:40+00:00,2018-03-12,Bear,,,,,,,,,,,,,,,,,,,,,
869,New hodlers vs veterans,2018-03-09 04:51:53+00:00,2018-03-09,Bear,,,,,,,,,,,,,,,,,,,,,
899,‪*hold my butter beer ‬,2018-03-08 06:20:39+00:00,2018-03-08,Bear,,,,,,,,,,,,,,,,,,,,,
578,"Ethereum's future is bright, the DApps are coming!",2018-03-06 11:35:59+00:00,2018-03-06,Bear,,,,,,,,,,,,,,,,,,,,,
479,When you are trying to buy the dip,2018-03-03 08:34:18+00:00,2018-03-03,Bear,,,,,,,,,,,,,,,,,,,,,
539,Germany will not impose tax on users for using Bitcoin as a mode of payment,2018-03-01 07:56:27+00:00,2018-03-01,Bear,,,,,,,,,,,,,,,,,,,,,
744,JP.Morgan finally declares cryptocurrencies are a threat to their business,2018-02-28 02:46:11+00:00,2018-02-28,Bear,,,,,,,,,,,,,,,,,,,,,
741,Goldman Sachs-Backed Startup just Bought Poloniex,2018-02-26 06:51:06+00:00,2018-02-26,Bear,,,,,,,,,,,,,,,,,,,,,
793,Only a matter of time before people wake up and realize the gravity of Circle acquisition. Leaked photo reveals Poloniex is now 1) ATS certified and 2) the first ever US regulated crypto exchange. Amazing milestone for crypto's quest towards regulatory acceptance,2018-02-26 18:26:49+00:00,2018-02-26,Bear,,,,,,,,,,,,,,,,,,,,,
715,"Vladimir Putin Says Russia Needs Blockchain, Cannot be Late in the Race",2018-02-25 08:10:51+00:00,2018-02-25,Bear,,,,,,,,,,,,,,,,,,,,,
366,Most ICO Teams these days,2018-02-23 01:41:29+00:00,2018-02-23,Bear,,,,,,,,,,,,,,,,,,,,,
418,The government of Thailand will release the “digital passport” in partnership with Ethereum,2018-02-20 04:19:01+00:00,2018-02-20,Bear,,,,,,,,,,,,,,,,,,,,,
518,"TIL Vitalik donated $763,970 to Machine Intelligence Research Institute, which aims to reduce the chance that smarter-than-human artificial intelligence causes human extinction",2018-02-20 19:12:33+00:00,2018-02-20,Bear,,,,,,,,,,,,,,,,,,,,,
833,Omise signed an agreement on the development of a national ID utilizing the ETDA and block chains of Thailand government agencies! We will continue to work on a number of projects that utilize block chains!,2018-02-19 05:02:02+00:00,2018-02-19,Bear,,,,,,,,,,,,,,,,,,,,,
854,One of my colleagues asked me how to buy Ripple. I said buy Ethereum instead. He replied it's too expensive.,2018-02-15 20:39:48+00:00,2018-02-15,Bear,,,,,,,,,,,,,,,,,,,,,
455,“We accept Ethereum (ETH)... or Bitcoin if we have to.” - My local bike shop.,2018-02-10 10:06:45+00:00,2018-02-10,Bear,,,,,,,,,,,,,,,,,,,,,
836,"Millennials are afraid stocks are too risky, so they're investing in crypto",2018-02-08 16:32:33+00:00,2018-02-08,Bear,,,,,,,,,,,,,,,,,,,,,
894,Hi /r/ethtrader! I quit my job to start Cointaxes to answer questions about taxes and digital currencies so you can have confidence even if you're not a HODLer! Sharing our first comprehensive article on the Coinbase & Gemini 1099-K. Would love your input on ANY other topics or questions! :),2018-02-08 07:31:54+00:00,2018-02-08,Bear,,,,,,,,,,,,,,,,,,,,,
428,CNBC: Crypto market could hit $1 trillion this year,2018-02-07 03:12:40+00:00,2018-02-07,Bear,,,,,,,,,,,,,,,,,,,,,
408,The United States Currently..,2018-02-06 10:51:22+00:00,2018-02-06,Bear,,,,,,,,,,,,,,,,,,,,,
542,"“We owe it this new generation to respect their enthusiasm about virtual currencies with a thoughtful and balanced response, not a dismissive one.” -- CFTC Chairman Giancarlo",2018-02-06 14:40:44+00:00,2018-02-06,Bear,,,,,,,,,,,,,,,,,,,,,
782,"This is what leadership looks like -- I present to you, CFTC Chairman Giancarlo",2018-02-06 12:57:10+00:00,2018-02-06,Bear,,,,,,,,,,,,,,,,,,,,,
936,Australia’s Major Banks Confirm that they Won’t Ban Buying Bitcoin,2018-02-06 06:25:23+00:00,2018-02-06,Bear,,,,,,,,,,,,,,,,,,,,,
703,"The market has been riding on Bitcoins steam for too long. People are now seeing BTC is fundamentally flawed and it's support is falling. It's time for us and the better coins to rise on our own. Keep hodling, this needed to happen.",2018-02-05 03:23:46+00:00,2018-02-05,Bear,,,,,,,,,,,,,,,,,,,,,
799,"If you understand why crypto is so volatile, the dips aren't so scary",2018-02-05 22:33:09+00:00,2018-02-05,Bear,,,,,,,,,,,,,,,,,,,,,
838,Olaf Carlson-Wee: Ethereum will overtake Bitcoin at end of 2018,2018-02-04 04:59:15+00:00,2018-02-04,Bear,,,,,,,,,,,,,,,,,,,,,
876,SENS Research Foundation Receives $2.4 Million Ethereum Donation From Vitalik Buterin,2018-02-03 08:04:07+00:00,2018-02-03,Bear,,,,,,,,,,,,,,,,,,,,,
391,"Been in a coma for 23 days, about to check my portfolio",2018-02-02 04:58:06+00:00,2018-02-02,Bear,,,,,,,,,,,,,,,,,,,,,
650,"Metcalfs Law has 97% Correlation to ETHUSD Since 2015. Puts ETH value at $8,000",2018-02-01 14:08:59+00:00,2018-02-01,Bear,,,,,,,,,,,,,,,,,,,,,
662,Where's Waldo?,2018-02-01 04:10:12+00:00,2018-02-01,Bear,,,,,,,,,,,,,,,,,,,,,
459,Happy Birthday Vitalik Buterin!,2018-01-31 00:35:33+00:00,2018-01-31,Bear,,,,,,,,,,,,,,,,,,,,,
688,"Pfizer, Royal Bank of Canada & AMD join EEA",2018-01-31 13:52:15+00:00,2018-01-31,Bear,,,,,,,,,,,,,,,,,,,,,
889,"Daily General Discussion - January 31, 2018",2018-01-30 23:11:26+00:00,2018-01-30,Bear,,,,,,,,,,,,,,,,,,,,,
359,A shitcoin ICO called Prodeum just exitscammed millions of dollars from investors and left them only this message on their ICO website,2018-01-29 04:49:48+00:00,2018-01-29,Bear,,,,,,,,,,,,,,,,,,,,,
724,Cryptocurrency Agencies Says Ethereum Is Better Than Bitcoin And Ripple,2018-01-28 09:22:36+00:00,2018-01-28,Bear,,,,,,,,,,,,,,,,,,,,,
420,Trevon James erased 39 of his YouTube videos promoting BitConnect yesterday. Looks like he starts getting worried about the class action lawsuit against him,2018-01-27 08:25:03+00:00,2018-01-27,Bear,,,,,,,,,,,,,,,,,,,,,
512,Crypto: The Wrong Bubble?,2018-01-27 23:58:56+00:00,2018-01-27,Bear,,,,,,,,,,,,,,,,,,,,,
171,Bitfinex now trades all pairs against ETH. It’s time for Binance and the rest of the exchanges to do so as well.,2018-01-26 04:22:17+00:00,2018-01-26,Bear,,,,,,,,,,,,,,,,,,,,,
430,Robinhood to start offering crypto trading,2018-01-25 10:25:18+00:00,2018-01-25,Bear,,,,,,,,,,,,,,,,,,,,,
625,"Close enough dad, close enough #Ether",2018-01-23 21:59:39+00:00,2018-01-23,Bear,,,,,,,,,,,,,,,,,,,,,
490,Japan’s Biggest Energy Giant Invests in Ethereum Blockchain Startup,2018-01-22 05:05:32+00:00,2018-01-22,Bear,,,,,,,,,,,,,,,,,,,,,
713,Vitalik Buterin makes Forbes 30 under 30 in Finance,2018-01-22 11:05:33+00:00,2018-01-22,Bear,,,,,,,,,,,,,,,,,,,,,
177,"Bitconnect, Davorcoin and other scams continue being advertised on Coinmarketcap. We should take a stand as a community and push out these people who made a career out of scamming innocents",2018-01-20 05:48:13+00:00,2018-01-20,Bear,,,,,,,,,,,,,,,,,,,,,
832,Thanks to Ethereum I am now bald,2018-01-20 23:54:00+00:00,2018-01-20,Bear,,,,,,,,,,,,,,,,,,,,,
708,Only 10% of Ripple (XRP) is owned by the masses,2018-01-19 18:39:44+00:00,2018-01-19,Bear,,,,,,,,,,,,,,,,,,,,,
885,HUGE: Government of Canada publishing data to Ethereum,2018-01-19 08:13:55+00:00,2018-01-19,Bear,,,,,,,,,,,,,,,,,,,,,
18,"I'm a longterm hodler, but even i hate this sub sometimes.",2018-01-18 10:24:03+00:00,2018-01-18,Bear,,,,,,,,,,,,,,,,,,,,,
177,"Only 100,000 Blocks left until London activates on Ethereum Mainnet ⏱",2021-07-20 13:29:50+00:00,2021-07-20,Bear,,,,,,,,,,,,,,,,,,,,,
355,Bank of Korea selects major Ethereum software company ConsenSys for South Korean CBDC tests,2021-07-20 04:29:00+00:00,2021-07-20,Bear,,,,,,,,,,,,,,,,,,,,,
135,Gassed,2021-07-19 10:20:32+00:00,2021-07-19,Bear,,,,,,,,,,,,,,,,,,,,,
168,The most beautiful part of Ethereum is the community. Clip of Vitalik being interviewed for the upcoming documentary “The Infinite Garden”. I hope you enjoy this as much as I did. 🙏🏻,2021-07-17 17:40:12+00:00,2021-07-17,Bear,,,,,,,,,,,,,,,,,,,,,
635,Messari: Ethereum Is Poised To Settle $8 Trillion In 2021. Here’s The Primary Reason for the Increase,2021-07-16 12:39:55+00:00,2021-07-16,Bear,,,,,,,,,,,,,,,,,,,,,
151,New graphic for Ethereum’s upgrade path moving forward. To The Merge and beyond! We’re hungry for 🥩 stake! :D,2021-07-15 19:50:50+00:00,2021-07-15,Bear,,,,,,,,,,,,,,,,,,,,,
268,Aya Miyaguchi & Vitalik Buterin Are Involved in a New Documentary About Ethereum called The Infinite Garden,2021-07-15 04:37:21+00:00,2021-07-15,Bear,,,,,,,,,,,,,,,,,,,,,
60,Brazil Becomes The First Country In Latin America To Approve Ethereum Exchange Traded Fund (ETF),2021-07-14 00:58:18+00:00,2021-07-14,Bear,,,,,,,,,,,,,,,,,,,,,
370,45% chance that EIP-1559 is live before August 5th according to prediction market Polymarket,2021-07-13 12:56:53+00:00,2021-07-13,Bear,,,,,,,,,,,,,,,,,,,,,
596,Ethereum DeFi Ecosystem Has Hit 3 Million Users,2021-07-13 04:26:48+00:00,2021-07-13,Bear,,,,,,,,,,,,,,,,,,,,,
624,The Ethereum $ETH Ecosystem,2021-07-13 13:45:26+00:00,2021-07-13,Bear,,,,,,,,,,,,,,,,,,,,,
304,Welcome to Ethereum. Explanation sung to you.. :D .. ENJOY!,2021-07-11 22:30:36+00:00,2021-07-11,Bear,,,,,,,,,,,,,,,,,,,,,
310,Ethereum Tech Used to Build a Smart Contract Platform for 5G Mobile Networks,2021-07-11 07:39:58+00:00,2021-07-11,Bear,,,,,,,,,,,,,,,,,,,,,
300,I want to thank the Ethereum community for getting me back into what I love. I used to code but eventually lost interest and my work shifted into sales. Ethereum has ignited my coding passion again. Im currently studying Solidity. I’m getting back into Python. May take a course for C+ & Java. 🙏🏻,2021-07-10 18:22:45+00:00,2021-07-10,Bear,,,,,,,,,,,,,,,,,,,,,
257,Ethereum is the top ranked project on Coinrank for the second month in a row,2021-07-09 05:55:30+00:00,2021-07-09,Bear,,,,,,,,,,,,,,,,,,,,,
393,At this point what CAN’T the Ethereum blockchain do? It’s only a matter of time until the Ether chain provides verification for NYSE securities. But until then let’s keep pushing the envelope. This isn’t posted for price or trading discussion just an amazing example of what Ether is capable of.,2021-07-09 17:12:04+00:00,2021-07-09,Bear,,,,,,,,,,,,,,,,,,,,,
127,"250,000 bitcoin has now been wrapped onto Ethereum",2021-07-08 07:57:50+00:00,2021-07-08,Bear,,,,,,,,,,,,,,,,,,,,,
174,"It’s official. EIP1559 goes live August 4, 2021 (11-17 UTC). Double & triple checked. Press announcement will be on blog.ethereum.org - Thank you for all of your hard work! The community appreciates everything Ether developers do. This is why I love this project! Next stop, The Merge! 🚂",2021-07-07 17:43:15+00:00,2021-07-07,Bear,,,,,,,,,,,,,,,,,,,,,
235,"Megathread: ""24 reasons Ethereum is extremely undervalued...""",2021-07-07 05:05:04+00:00,2021-07-07,Bear,,,,,,,,,,,,,,,,,,,,,
219,"Finally, It’s official! “The scarcity engine” AKA “The Triple Halvening” or the London upgrade will be added to Ether’s main net on august 4th. Real ETH will be set ablaze within a month’s time 🔥",2021-07-06 14:47:51+00:00,2021-07-06,Bear,,,,,,,,,,,,,,,,,,,,,
323,I stumbled upon this mini-documentary about the DAO. It does a good job summarizing the hack and the ETC fork.,2021-07-05 05:12:08+00:00,2021-07-05,Bear,,,,,,,,,,,,,,,,,,,,,
379,"Made these Ethereum wallpapers for fun, figured I would share incase anyone else wants them!",2021-07-05 18:38:40+00:00,2021-07-05,Bear,,,,,,,,,,,,,,,,,,,,,
249,A good indicator for the adoption and growing usage of Ethereum is the number transactions per day as seen here compared to Bitcoin. We live in an exponential era.,2021-07-04 16:33:01+00:00,2021-07-04,Bear,,,,,,,,,,,,,,,,,,,,,
321,German Law Allowing $415B Investment Into Crypto Takes Effect,2021-07-04 01:30:35+00:00,2021-07-04,Bear,,,,,,,,,,,,,,,,,,,,,
121,"We estimate that staking is currently a $9bn business for the crypto economy, will grow to $20bn following the Ethereum merge, and could get to $40bn by 2025 should proof-of-work grow to the dominant protocol. - J.P. Morgan Equity Research",2021-07-03 06:28:33+00:00,2021-07-03,Bear,,,,,,,,,,,,,,,,,,,,,
740,In case someone missed the Vitalik Interview where he tells the story about how he used the Shiba tokens that he was gifted. What a legend!!,2021-07-03 17:29:32+00:00,2021-07-03,Bear,,,,,,,,,,,,,,,,,,,,,
481,JPMorgan Says Ethereum Upgrades Could Jumpstart $40 Billion Staking Industry!,2021-07-02 02:40:44+00:00,2021-07-02,Bear,,,,,,,,,,,,,,,,,,,,,
56,ETH 2.0 will be the “Ethereum Killer”.. nothing else.. tell em’ Vitalik ..,2021-07-01 15:28:53+00:00,2021-07-01,Bear,,,,,,,,,,,,,,,,,,,,,
495,"ETH had about 200K more daily active addresses than BTC on Sunday, June 27th. This was only the third day since January 1st, 2017 that ETH has had more active addresses than BTC. The other two times that ETH topped BTC were June 5th and 6th, 2021.",2021-07-01 03:41:41+00:00,2021-07-01,Bear,,,,,,,,,,,,,,,,,,,,,
104,Ethereum is practically a Superset of Bitcoin,2021-06-30 11:59:16+00:00,2021-06-30,Bear,,,,,,,,,,,,,,,,,,,,,
317,"Ethereum Whale Addresses Holding 10,000 or More ETH Hold Over 70% of the Total Supply for the First Time Since September, 2017 (Heart of Bull Run)",2021-06-30 08:59:14+00:00,2021-06-30,Bear,,,,,,,,,,,,,,,,,,,,,
166,Almost 6m staked on ETH2.0,2021-06-29 07:58:38+00:00,2021-06-29,Bear,,,,,,,,,,,,,,,,,,,,,
58,"For the first time in crypto history, ETH address activity is above BTC address activity -- Santiment",2021-06-28 10:55:47+00:00,2021-06-28,Bear,,,,,,,,,,,,,,,,,,,,,
73,Impromptu technical AMA on statelessness and Verkle trees and state expiry,2021-06-28 12:55:33+00:00,2021-06-28,Bear,,,,,,,,,,,,,,,,,,,,,
199,Anyone know how to turn USD into transferable ETH fast?,2021-06-27 06:55:10+00:00,2021-06-27,Bear,,,,,,,,,,,,,,,,,,,,,
313,A post was posted just yesterday being happy about the low gas fees... guess that didn't last long,2021-06-27 11:28:49+00:00,2021-06-27,Bear,,,,,,,,,,,,,,,,,,,,,
196,Ethereum fees at 4 gweis 😁,2021-06-26 23:14:37+00:00,2021-06-26,Bear,,,,,,,,,,,,,,,,,,,,,
233,I bought a bike using ETH today.,2021-06-26 17:47:16+00:00,2021-06-26,Bear,,,,,,,,,,,,,,,,,,,,,
7,I see everyone getting exited over burning ETH.... Am I doing this right?,2021-06-25 10:57:47+00:00,2021-06-25,Bear,,,,,,,,,,,,,,,,,,,,,
288,"More Than 85,000 Ethereum Burned On Ropsten Testnet Through EIP-1559",2021-06-25 05:23:25+00:00,2021-06-25,Bear,,,,,,,,,,,,,,,,,,,,,
273,"Coinbase has unveiled Solidify, a new tool that can automatically audit smart contracts built on Ethereum that use Solidity",2021-06-24 05:32:16+00:00,2021-06-24,Bear,,,,,,,,,,,,,,,,,,,,,
457,Ropsten London hard forked successfully,2021-06-23 22:20:39+00:00,2021-06-23,Bear,,,,,,,,,,,,,,,,,,,,,
47,Not your keys not your crypto!!,2021-06-22 23:03:00+00:00,2021-06-22,Bear,,,,,,,,,,,,,,,,,,,,,
497,Google gets a new rival as Brave Search opens to the public - CNET,2021-06-22 16:00:16+00:00,2021-06-22,Bear,,,,,,,,,,,,,,,,,,,,,
514,How to keep your Eth safe ?,2021-06-22 14:00:45+00:00,2021-06-22,Bear,,,,,,,,,,,,,,,,,,,,,
91,We Are Still Early. WAGMI,2021-06-21 17:23:29+00:00,2021-06-21,Bear,,,,,,,,,,,,,,,,,,,,,
112,So Fortnite added a new skin “Etheria”. Could be nothing right?…,2021-06-21 10:14:42+00:00,2021-06-21,Bear,,,,,,,,,,,,,,,,,,,,,
408,Ethereum “London” upgrade to be implemented on testnet this week,2021-06-21 01:50:24+00:00,2021-06-21,Bear,,,,,,,,,,,,,,,,,,,,,
270,"Because of the technological innovation, Ethereum will utilize even less energy than Bitcoin and It’s conceivable that more investors will be drawn to Ethereum in the future.",2021-06-20 07:02:36+00:00,2021-06-20,Bear,,,,,,,,,,,,,,,,,,,,,
72,Learning a ton about the early days of Vitalik and the Ethereum crowd,2021-06-19 20:23:15+00:00,2021-06-19,Bear,,,,,,,,,,,,,,,,,,,,,
181,The Ethereum Merge to Full POS Still Planned for End of 2021,2021-06-19 08:00:32+00:00,2021-06-19,Bear,,,,,,,,,,,,,,,,,,,,,
573,SEC decided to not regulate bitcoin and other cryptocurrencies in 2021,2021-06-19 14:43:45+00:00,2021-06-19,Bear,,,,,,,,,,,,,,,,,,,,,
52,Found in Minnesnowta. Ethereum Man.,2021-06-18 17:32:39+00:00,2021-06-18,Bear,,,,,,,,,,,,,,,,,,,,,
105,Cardano Creator: Ethereum (ETH) Will Beat Bitcoin (BTC) In the Long Run,2021-06-18 07:29:24+00:00,2021-06-18,Bear,,,,,,,,,,,,,,,,,,,,,
520,"NFT adoption is booming: Crypto.com invests in eBay for NFTs, NBA tickets as NFTs, Hot Wheels tokenized, NFT cosmetics",2021-06-18 03:13:21+00:00,2021-06-18,Bear,,,,,,,,,,,,,,,,,,,,,
39,This really puts ETH’s energy consumption in perspective.,2021-06-17 07:35:35+00:00,2021-06-17,Bear,,,,,,,,,,,,,,,,,,,,,
892,Stolen Ethereum,2021-06-17 13:22:27+00:00,2021-06-17,Bear,,,,,,,,,,,,,,,,,,,,,
109,"Nvidia CEO: Ethereum Is Going To Be Quite Valuable, Transactions Will Still Be A Lot Faster",2021-06-16 17:52:41+00:00,2021-06-16,Bear,,,,,,,,,,,,,,,,,,,,,
691,MicroStrategy CEO Michael Saylor Warms Up To Ethereum (ETH) – AronBoss,2021-06-16 03:36:24+00:00,2021-06-16,Bear,,,,,,,,,,,,,,,,,,,,,
640,Why projects being built on Ethereum don't need Silicon Valley,2021-06-15 06:29:10+00:00,2021-06-15,Bear,,,,,,,,,,,,,,,,,,,,,
18,"For the first time in my life I could purchase Ethereum directly from an ATM here in Geneva (Switzerland)! I could also purchase Bitcoin, Litecoin and Monero",2021-06-14 12:53:35+00:00,2021-06-14,Bear,,,,,,,,,,,,,,,,,,,,,
216,The French national football team have become the first national football team to issue NFTs on Ethereum 🇫🇷,2021-06-14 05:17:01+00:00,2021-06-14,Bear,,,,,,,,,,,,,,,,,,,,,
160,Ethereum Single Sign On Might be the Future of Internet App Log in.,2021-06-13 17:12:25+00:00,2021-06-13,Bear,,,,,,,,,,,,,,,,,,,,,
173,Vitalik Buterin: Ethereum 2.0 Will Bring Scalability and Open the Door to More Dapps and Enterprise Use Cases,2021-06-13 00:17:33+00:00,2021-06-13,Bear,,,,,,,,,,,,,,,,,,,,,
351,"Greg Abbott, Governor of Texas, has long been a crypto supporter. Today he signed a law that puts virtual currency under the Texas Uniform Commercial Code to be a secured transaction.",2021-06-13 07:15:44+00:00,2021-06-13,Bear,,,,,,,,,,,,,,,,,,,,,
430,How Layer 2 Is Primed To Solve Scalability Issues of Ethereum before the Launch of ETH 2.0,2021-06-11 20:33:00+00:00,2021-06-11,Bear,,,,,,,,,,,,,,,,,,,,,
70,Reddit Co-Founder Says 'A Lot' of His Holdings Are in Ethereum,2021-06-10 11:53:55+00:00,2021-06-10,Bear,,,,,,,,,,,,,,,,,,,,,
2,Yesterday I received my very first payment for a haircut in Ethereum!,2021-06-09 19:19:15+00:00,2021-06-09,Bear,,,,,,,,,,,,,,,,,,,,,
93,This sub has just crossed the 1 million builders mark! 🥳,2021-06-09 06:39:28+00:00,2021-06-09,Bear,,,,,,,,,,,,,,,,,,,,,
100,Confession : Vitaliks some lad,2021-06-08 12:05:36+00:00,2021-06-08,Bear,,,,,,,,,,,,,,,,,,,,,
466,Ethereum had accidentally solved a major problem of the Internet: true Single Sign-On,2021-06-08 17:21:25+00:00,2021-06-08,Bear,,,,,,,,,,,,,,,,,,,,,
50,There is now ~$14billion (~5mil ETH) of value committed to the security of Ethereum through staking,2021-06-07 07:35:37+00:00,2021-06-07,Bear,,,,,,,,,,,,,,,,,,,,,
752,SpaceX Dragon CRS-22 Mission Delivered The First Ethereum Crypto Node To The Space Station For SpaceChain,2021-06-07 00:32:31+00:00,2021-06-07,Bear,,,,,,,,,,,,,,,,,,,,,
49,GAS fees are super low,2021-06-06 06:17:42+00:00,2021-06-06,Bear,,,,,,,,,,,,,,,,,,,,,
186,"As a Bitcoin holder, Eth makes complete sense to me.",2021-06-06 08:00:13+00:00,2021-06-06,Bear,,,,,,,,,,,,,,,,,,,,,
577,ETH gas fees dropped below 2$ on Sunday. The latest drop in gas fees now sees #Ethereum transactions as being more viable once again.,2021-06-06 09:20:23+00:00,2021-06-06,Bear,,,,,,,,,,,,,,,,,,,,,
699,Satisfied yet?,2021-06-06 06:08:47+00:00,2021-06-06,Bear,,,,,,,,,,,,,,,,,,,,,
4,"Bitcoin Miami Conference warns attendees it's a ""Bitcoin"" not ""Crypto"" conference and not to talk about other coins. Floyd Mayweather:",2021-06-05 07:24:53+00:00,2021-06-05,Bear,,,,,,,,,,,,,,,,,,,,,
16,“Everyone is talking about Ethereum“ at Bitcoin 2021,2021-06-04 11:42:36+00:00,2021-06-04,Bear,,,,,,,,,,,,,,,,,,,,,
20,"Hey Craig Wright's legal team, do you hear me? Yes. I still think your client is a scammer",2021-06-04 02:51:10+00:00,2021-06-04,Bear,,,,,,,,,,,,,,,,,,,,,
523,Spotted in Miami today,2021-06-04 15:40:30+00:00,2021-06-04,Bear,,,,,,,,,,,,,,,,,,,,,
556,Ethereum Meetup,2021-06-04 12:11:56+00:00,2021-06-04,Bear,,,,,,,,,,,,,,,,,,,,,
6,Mark mic dropping,2021-06-03 08:13:13+00:00,2021-06-03,Bear,,,,,,,,,,,,,,,,,,,,,
339,GAS FEES ARE LOW AGAIN!,2021-06-03 00:45:11+00:00,2021-06-03,Bear,,,,,,,,,,,,,,,,,,,,,
560,Vitalik impersonating the BitConnect guy,2021-06-03 19:30:22+00:00,2021-06-03,Bear,,,,,,,,,,,,,,,,,,,,,
35,The 8 Bullish Elements of Ethereum!,2021-06-01 14:05:49+00:00,2021-06-01,Bear,,,,,,,,,,,,,,,,,,,,,
402,"Today marks the 6th month after the beaconchain launch!🥳 >5M ETH staked (~5% of the $ETH supply)💰 >153,000 active validators💻 >30,000 unique #Ethereum deposit addresses📤 >99.x% blocks were successfully proposed🟩 Source: Bitfly @etherchain.org",2021-06-01 04:01:06+00:00,2021-06-01,Bear,,,,,,,,,,,,,,,,,,,,,
79,"A pilot program is now providing crop insurance to over 10,000 farmers in Kenya, powered by Ethereum and Chainlink",2021-05-31 08:54:10+00:00,2021-05-31,Bear,,,,,,,,,,,,,,,,,,,,,
307,Ethereum node will be delivered by SpaceX at International Space Station,2021-05-31 16:59:22+00:00,2021-05-31,Bear,,,,,,,,,,,,,,,,,,,,,
372,"Over 5 Million ETH, Worth $13 Billion, Has Been Deposited to the Staking Contract",2021-05-31 03:22:08+00:00,2021-05-31,Bear,,,,,,,,,,,,,,,,,,,,,
46,"5,000,000 staked",2021-05-30 14:38:12+00:00,2021-05-30,Bear,,,,,,,,,,,,,,,,,,,,,
176,A dApp for whistleblowers! Are we ready to encourage this development?,2021-05-29 07:16:27+00:00,2021-05-29,Bear,,,,,,,,,,,,,,,,,,,,,
29,Ethereum Render I made after learning 3D for a Week!,2021-05-28 01:20:06+00:00,2021-05-28,Bear,,,,,,,,,,,,,,,,,,,,,
709,Arbitrum first real EVM capable L2 just launched on mainnet!,2021-05-28 19:34:50+00:00,2021-05-28,Bear,,,,,,,,,,,,,,,,,,,,,
819,I have an idea - and can't stop thinking about it. Perhaps you could help?,2021-05-28 02:43:50+00:00,2021-05-28,Bear,,,,,,,,,,,,,,,,,,,,,
45,US House Committee and senators proving they know nothing about the future 🤡,2021-05-27 09:57:52+00:00,2021-05-27,Bear,,,,,,,,,,,,,,,,,,,,,
276,UniSwap V3 now surpasses the UniSwap V2 and Bitcoin. It has now become the largest decentralized exchange (DEX) on Ethereum.,2021-05-27 04:43:46+00:00,2021-05-27,Bear,,,,,,,,,,,,,,,,,,,,,
942,Vitalik at Lex Fridman soon - collecting questions now,2021-05-27 09:11:12+00:00,2021-05-27,Bear,,,,,,,,,,,,,,,,,,,,,
958,Questions for Vitalik Buterin - post from Lex Fridman,2021-05-27 09:27:28+00:00,2021-05-27,Bear,,,,,,,,,,,,,,,,,,,,,
42,GameStop Is Hiring for New NFT Platform on Ethereum,2021-05-26 05:54:18+00:00,2021-05-26,Bear,,,,,,,,,,,,,,,,,,,,,
95,Nvidia: Ethereum's shift to proof-of-stake could reduce demand for GPUs,2021-05-26 15:58:14+00:00,2021-05-26,Bear,,,,,,,,,,,,,,,,,,,,,
14,"Since I'm a great fanboy of Ethereum, I created this. You can use it however you want. It also comes with a great soundtrack:)",2021-05-25 15:22:04+00:00,2021-05-25,Bear,,,,,,,,,,,,,,,,,,,,,
89,ETH gas fees dropped! LOVE IT! But what caused the drop?,2021-05-25 06:24:12+00:00,2021-05-25,Bear,,,,,,,,,,,,,,,,,,,,,
802,GameStop (GME) planning on selling NFTs on Ethereum,2021-05-25 13:12:13+00:00,2021-05-25,Bear,,,,,,,,,,,,,,,,,,,,,
804,"Ethereum has 'much higher utility' than Bitcoin, says Guggenheim co-founder Todd Morley",2021-05-25 06:43:48+00:00,2021-05-25,Bear,,,,,,,,,,,,,,,,,,,,,
26,"Goldman Sachs Believes Ethereum Beats Bitcoin, New Leaked Report Reveals",2021-05-24 11:00:45+00:00,2021-05-24,Bear,,,,,,,,,,,,,,,,,,,,,
620,What is Ether Backed by is the wrong first question,2021-05-24 07:02:46+00:00,2021-05-24,Bear,,,,,,,,,,,,,,,,,,,,,
8,"Goldman Sachs calls Ethereum ""The Amazon Of Information"" and sees it overtaking Bitcoin",2021-05-23 11:13:49+00:00,2021-05-23,Bear,,,,,,,,,,,,,,,,,,,,,
820,“What Eth 2.0 Validators Can Expect After the 'Altair' Upgrade” London and Altair updates coming very soon. PoS & low fees.,2021-05-23 02:16:19+00:00,2021-05-23,Bear,,,,,,,,,,,,,,,,,,,,,
76,The flippening mentioned on UK Parliament floor! People are finally understanding Ethereum,2021-05-21 07:16:55+00:00,2021-05-21,Bear,,,,,,,,,,,,,,,,,,,,,
9,If only it were this easy...,2021-05-19 09:57:19+00:00,2021-05-19,Bear,,,,,,,,,,,,,,,,,,,,,
344,History record?,2021-05-19 06:26:20+00:00,2021-05-19,Bear,,,,,,,,,,,,,,,,,,,,,
415,Gas prices are INSANE. I have never seen it this high,2021-05-19 06:20:59+00:00,2021-05-19,Bear,,,,,,,,,,,,,,,,,,,,,
15,Ethereum to Reduce Energy Consumption by 99.95 Percent: Research,2021-05-18 07:22:44+00:00,2021-05-18,Bear,,,,,,,,,,,,,,,,,,,,,
939,Dodging a bullet: Ethereum State Problems,2021-05-18 06:43:19+00:00,2021-05-18,Bear,,,,,,,,,,,,,,,,,,,,,
69,Ethereum Network Revenue Set to Smash Monthly Record of $722 Million,2021-05-17 14:36:08+00:00,2021-05-17,Bear,,,,,,,,,,,,,,,,,,,,,
33,Soon in the near future we will no longer use Dollars. We will only use Gweis and Sats.,2021-05-16 20:49:56+00:00,2021-05-16,Bear,,,,,,,,,,,,,,,,,,,,,
664,You can now stake on Coinbase!,2021-05-16 11:00:10+00:00,2021-05-16,Bear,,,,,,,,,,,,,,,,,,,,,
886,Criticisms of Ethereum from someone who works in the Ethereum Ecosystem,2018-12-29 07:08:04+00:00,2018-12-29,Bear,,,,,,,,,,,,,,,,,,,,,
946,Ethereum Looks To Process 1 Million Transactions Per Second With Raiden’s Red Eyes Protocol,2018-12-26 15:16:14+00:00,2018-12-26,Bear,,,,,,,,,,,,,,,,,,,,,
794,"Cloudflare reaches out to Ethereum to ""bridge the gap between traditional and decentralized Internet""",2018-12-24 08:58:06+00:00,2018-12-24,Bear,,,,,,,,,,,,,,,,,,,,,
574,US Lawmakers File Bill to Exempt Cryptocurrencies from Securities Laws,2018-12-20 16:26:22+00:00,2018-12-20,Bear,,,,,,,,,,,,,,,,,,,,,
780,Vitalik Buterin donates $300k in ether to startups building on Ethereum - The Block,2018-12-19 14:13:12+00:00,2018-12-19,Bear,,,,,,,,,,,,,,,,,,,,,
933,Ethereum dev landscape (comic),2018-12-18 04:52:29+00:00,2018-12-18,Bear,,,,,,,,,,,,,,,,,,,,,
694,Mainstream Browser Opera Fully Launches Its in-Built Crypto Wallet Feature And Fully Supporting Ethereum,2018-12-13 02:25:45+00:00,2018-12-13,Bear,,,,,,,,,,,,,,,,,,,,,
598,"Satellite named ""EtherX"" as an ode to Ethereum to be launched on SpaceX Falcon 9 in Winter 2019",2018-12-11 09:04:55+00:00,2018-12-11,Bear,,,,,,,,,,,,,,,,,,,,,
803,Opera mobile now supports Ethereum & web3,2018-12-10 13:15:05+00:00,2018-12-10,Bear,,,,,,,,,,,,,,,,,,,,,
938,Blockchain DApp Platforms Comparison (Latest December 2018),2018-12-09 11:51:09+00:00,2018-12-09,Bear,,,,,,,,,,,,,,,,,,,,,
716,"Constantinople fork will be occurring at block #7080000 (~January 16th, 2019)",2018-12-07 07:56:13+00:00,2018-12-07,Bear,,,,,,,,,,,,,,,,,,,,,
759,"Zcash and Monero Have Been Turned Into an Ethereum Smart Contract, Zero-Knowledge Proofs Are Now Just a Dapp",2018-12-01 23:29:05+00:00,2018-12-01,Bear,,,,,,,,,,,,,,,,,,,,,
841,“A shared computing environment that anybody can build and run stuff on is still a totally legitimate and valuable thing to emphasize.” -- Vitalik Buterin on Ethereum to Quartz,2018-12-01 08:33:37+00:00,2018-12-01,Bear,,,,,,,,,,,,,,,,,,,,,
516,Vitalik Buterin Awarded Honorary Doctorate from University of Basel,2018-11-30 08:06:27+00:00,2018-11-30,Bear,,,,,,,,,,,,,,,,,,,,,
792,Ethereum's Vitalik Buterin says IBM's corporate blockchain is missing the point [Quartz],2018-11-26 07:33:15+00:00,2018-11-26,Bear,,,,,,,,,,,,,,,,,,,,,
614,"I have never been more excited about Ethereum than now, here is why",2018-11-23 03:43:34+00:00,2018-11-23,Bear,,,,,,,,,,,,,,,,,,,,,
607,[Research] Game Channels: state channels for the gambling industry with built-in PRNG,2018-11-22 03:00:59+00:00,2018-11-22,Bear,,,,,,,,,,,,,,,,,,,,,
517,"You've met with a terrible fate, haven't you?",2018-11-20 16:17:56+00:00,2018-11-20,Bear,,,,,,,,,,,,,,,,,,,,,
593,Original painting I got back from the framer today,2018-11-16 20:30:40+00:00,2018-11-16,Bear,,,,,,,,,,,,,,,,,,,,,
795,"We've been working on an uncensorable platform for content creators that uses Ethereum, IPFS and Web Torrents. It's open source and has no token or monetization scheme. We just released the first version.",2018-11-07 00:00:56+00:00,2018-11-07,Bear,,,,,,,,,,,,,,,,,,,,,
563,"I’m home, bois.",2018-11-03 12:42:33+00:00,2018-11-03,Bear,,,,,,,,,,,,,,,,,,,,,
790,Google CEO Sundar Pichai's 11yr old son is mining Ethereum on a rig his father built,2018-11-02 13:10:23+00:00,2018-11-02,Bear,,,,,,,,,,,,,,,,,,,,,
667,Ethereum founder Vitalik Buterin says his creation can’t succeed unless he takes a step back [MIT Technology Review],2018-11-01 12:41:58+00:00,2018-11-01,Bear,,,,,,,,,,,,,,,,,,,,,
308,MetaMask announce mobile wallet - Devcon!,2018-10-31 06:55:50+00:00,2018-10-31,Bear,,,,,,,,,,,,,,,,,,,,,
617,A challenge that also needs to be adressed by the community,2018-10-30 10:31:45+00:00,2018-10-30,Bear,,,,,,,,,,,,,,,,,,,,,
609,Coinbase and Circle announce the launch of USDC — a Digital Dollar (built on Ethereum),2018-10-23 09:21:40+00:00,2018-10-23,Bear,,,,,,,,,,,,,,,,,,,,,
850,Geth apparently is the 5th fastest growing project on GitHub!!! :D,2018-10-18 04:34:52+00:00,2018-10-18,Bear,,,,,,,,,,,,,,,,,,,,,
463,"Steve Wozeniak is co-founding a new project, EQUI, using the Ethereum network",2018-10-15 04:41:40+00:00,2018-10-15,Bear,,,,,,,,,,,,,,,,,,,,,
947,"PSA: In the past 24 hours Tether traded down to $0.92, and TrueUSD up to $1.10. Meanwhile DAI stayed at $1. Remember to stay away from centralized 'stablecoins' with default risk! Congratulations to DAI and the MakerDAO team!",2018-10-15 09:14:11+00:00,2018-10-15,Bear,,,,,,,,,,,,,,,,,,,,,
969,Crypto’s Next Catalyst: Gaming,2018-10-09 16:57:45+00:00,2018-10-09,Bear,,,,,,,,,,,,,,,,,,,,,
717,"Ethereum 2.0 Research Has Stabilized Says Vitalik Buterin, Implies it Might Launch Next Year",2018-10-08 12:01:18+00:00,2018-10-08,Bear,,,,,,,,,,,,,,,,,,,,,
427,Link discovered Ethereum long ago...,2018-10-04 13:24:16+00:00,2018-10-04,Bear,,,,,,,,,,,,,,,,,,,,,
629,The amount of work that goes into Ethereum is mind blowing. That doesn't even include all the projects that built on top of it.,2018-10-02 06:52:27+00:00,2018-10-02,Bear,,,,,,,,,,,,,,,,,,,,,
363,"Listen to the Prime Minister of #Malta aka ""The Blockchain Island"", an EU and Eurozone member country say to UN General Assembly: ""Blockchain makes cryptocurrencies the inevitable future of money"".",2018-09-30 01:24:10+00:00,2018-09-30,Bear,,,,,,,,,,,,,,,,,,,,,
534,"I'm making a 4X-ish strategy game on Ethereum, somewhat similar to the Civilization series",2018-09-28 06:21:45+00:00,2018-09-28,Bear,,,,,,,,,,,,,,,,,,,,,
490,Opera's desktop browser now has built-in Ethereum support,2018-09-27 07:37:44+00:00,2018-09-27,Bear,,,,,,,,,,,,,,,,,,,,,
538,Google lifts ban on crypto ads!,2018-09-26 04:33:30+00:00,2018-09-26,Bear,,,,,,,,,,,,,,,,,,,,,
692,Games Will Be the Key to Onboarding Millions of New Users onto Ethereum in the Immediate Future,2018-09-24 03:16:19+00:00,2018-09-24,Bear,,,,,,,,,,,,,,,,,,,,,
859,ETH might soon have an EU Bank built from the ground up on its blockchain!,2018-09-22 19:05:12+00:00,2018-09-22,Bear,,,,,,,,,,,,,,,,,,,,,
454,Winklevoss Brothers Launch Ethereum Token Backed By U.S. Dollars,2018-09-10 07:08:31+00:00,2018-09-10,Bear,,,,,,,,,,,,,,,,,,,,,
720,What is it that makes something a thing you could only ever do using blockchain?,2018-09-09 09:50:45+00:00,2018-09-09,Bear,,,,,,,,,,,,,,,,,,,,,
887,"Positive art during exciting times: ""Miner"" by Nelly Baksht, oil on canvas",2018-09-06 05:33:07+00:00,2018-09-06,Bear,,,,,,,,,,,,,,,,,,,,,
529,ETH block reward reduction to 2 ETH/Block confirmed and accepted for Constantinople.,2018-08-31 07:53:56+00:00,2018-08-31,Bear,,,,,,,,,,,,,,,,,,,,,
898,Ethereum's Next Upgrade Could Be the $29 Billion Blockchain's Biggest Test Yet,2018-08-30 05:40:36+00:00,2018-08-30,Bear,,,,,,,,,,,,,,,,,,,,,
214,Elon Musk wants to buy Ethereum 🤭🤔🤫,2018-08-28 11:40:20+00:00,2018-08-28,Bear,,,,,,,,,,,,,,,,,,,,,
963,"Announcing Truffle University, a low-cost program to turn existing software engineers into professional blockchain engineers",2018-08-21 09:33:38+00:00,2018-08-21,Bear,,,,,,,,,,,,,,,,,,,,,
749,Vitalik posts a 70 tweet update on Casper history and status,2018-08-15 21:28:26+00:00,2018-08-15,Bear,,,,,,,,,,,,,,,,,,,,,
882,The Truth about voting software,2018-08-11 06:11:01+00:00,2018-08-11,Bear,,,,,,,,,,,,,,,,,,,,,
336,A little particle logo animation I made for you guys,2018-08-08 08:22:50+00:00,2018-08-08,Bear,,,,,,,,,,,,,,,,,,,,,
964,REAL WORLD USE,2018-08-01 16:43:54+00:00,2018-08-01,Bear,,,,,,,,,,,,,,,,,,,,,
751,Largest bank in Australia (Commbank) uses Ethereum in global trade experiment,2018-07-30 00:19:19+00:00,2018-07-30,Bear,,,,,,,,,,,,,,,,,,,,,
674,Into the unknown: An image this community can appreciate..,2018-07-27 01:03:09+00:00,2018-07-27,Bear,,,,,,,,,,,,,,,,,,,,,
863,You Can Spend Ethereum on Amazon With Bitrefill now!,2018-07-24 04:11:23+00:00,2018-07-24,Bear,,,,,,,,,,,,,,,,,,,,,
507,"How to PWN FoMo3D, a beginners guide",2018-07-23 06:11:07+00:00,2018-07-23,Bear,,,,,,,,,,,,,,,,,,,,,
291,"World Cup? Sorry I thought you said Ethereum, but now that you've mentioned it...",2018-07-20 19:59:32+00:00,2018-07-20,Bear,,,,,,,,,,,,,,,,,,,,,
827,Italian University will start registering Degrees on Ethereum Blockchain (Italian Article),2018-07-20 01:51:42+00:00,2018-07-20,Bear,,,,,,,,,,,,,,,,,,,,,
331,"If someone puts a gun to my head & tells me to write a hardfork patch, I will definitely write it. If I publish a patch to delete a bunch of accounts, how many people here would download & install the update & switch to that chain? I see few raised hands. This is called decentralization. -Vitalik",2018-07-18 13:06:58+00:00,2018-07-18,Bear,,,,,,,,,,,,,,,,,,,,,
767,MLB Launching Crypto Baseball On Ethereum Blockchain,2018-07-16 02:39:45+00:00,2018-07-16,Bear,,,,,,,,,,,,,,,,,,,,,
474,It's now clear EOS is behind Sybil attack on Ethereum that's why the gas price is almost 100 Gwei,2018-07-15 08:27:32+00:00,2018-07-15,Bear,,,,,,,,,,,,,,,,,,,,,
368,Manipulated ETH network gas prices look connected to EOS funded bot accounts in possible indication of corporate network attack.,2018-07-14 12:04:25+00:00,2018-07-14,Bear,,,,,,,,,,,,,,,,,,,,,
796,Ethereum has more core devs than any other currency. It's time to get familiar with the code checkins.,2018-07-12 15:51:24+00:00,2018-07-12,Bear,,,,,,,,,,,,,,,,,,,,,
723,Augur Launches,2018-07-10 00:56:35+00:00,2018-07-10,Bear,,,,,,,,,,,,,,,,,,,,,
854,"Banks in South Korea Have $2 Billion in Cryptocurrency, is an Emerging Asset Class",2018-07-08 22:06:53+00:00,2018-07-08,Bear,,,,,,,,,,,,,,,,,,,,,
354,Vitalik Buterin: “I definitely hope centralized exchanges go burn in hell as much as possible”,2018-07-06 07:14:30+00:00,2018-07-06,Bear,,,,,,,,,,,,,,,,,,,,,
878,Understanding Vyper: The slick New Ethereum language,2018-07-05 07:17:53+00:00,2018-07-05,Bear,,,,,,,,,,,,,,,,,,,,,
485,"Thailand gives a green light to ""cryptocurrency"" ETH and six other digital assets",2018-07-02 23:53:30+00:00,2018-07-02,Bear,,,,,,,,,,,,,,,,,,,,,
426,Bank of America Acknowledges Cryptocurrencies as a Threat to Their Business,2018-06-29 08:22:55+00:00,2018-06-29,Bear,,,,,,,,,,,,,,,,,,,,,
405,"Apple Co-Founder Praises Ethereum (ETH), Says It Can Outlive the Hype",2018-06-28 00:52:06+00:00,2018-06-28,Bear,,,,,,,,,,,,,,,,,,,,,
815,Bahamas to launch state backed cryptocurrency,2018-06-24 06:05:26+00:00,2018-06-24,Bear,,,,,,,,,,,,,,,,,,,,,
677,Stanford students build 16 blockchain projects in Dapp Showcase,2018-06-23 06:11:15+00:00,2018-06-23,Bear,,,,,,,,,,,,,,,,,,,,,
756,Grid+ license to sell retail electricity in the state of Texas approved -- making it one of the first crypto projects to have literal govt approval outside of centralized exchanges,2018-06-21 15:15:14+00:00,2018-06-21,Bear,,,,,,,,,,,,,,,,,,,,,
583,"Creating useful dapps is easier than people think (way easier than CryptoZombies, for example). Starting next week, I'll show this with a series of live seminars, demonstrating the design and development of several simple dapps, start to finish.",2018-06-20 15:43:42+00:00,2018-06-20,Bear,,,,,,,,,,,,,,,,,,,,,
542,"Ethereum is Gaining 50,000 Developers per Month, King of Dapps",2018-06-18 03:01:08+00:00,2018-06-18,Bear,,,,,,,,,,,,,,,,,,,,,
678,Musican Imogen Heap is using her Ethereum gains to fund new blockchain project,2018-06-15 03:05:34+00:00,2018-06-15,Bear,,,,,,,,,,,,,,,,,,,,,
227,Ether is not a security!,2018-06-14 09:35:43+00:00,2018-06-14,Bear,,,,,,,,,,,,,,,,,,,,,
322,"Fucking hell Coindesk, check the shitty ads you host. No wonder Vitalik boycotted consensus",2018-06-13 23:20:16+00:00,2018-06-13,Bear,,,,,,,,,,,,,,,,,,,,,
926,Germany's Finance Regulator Chief: Blockchain Can Turn the Entire Financial Sector 'Upside Down',2018-06-13 07:38:09+00:00,2018-06-13,Bear,,,,,,,,,,,,,,,,,,,,,
619,Swiss City Plans Blockchain Voting Pilot Using Ethereum-Based IDs,2018-06-11 05:49:10+00:00,2018-06-11,Bear,,,,,,,,,,,,,,,,,,,,,
566,Ethereum ATM in Hong Kong,2018-06-09 18:02:51+00:00,2018-06-09,Bear,,,,,,,,,,,,,,,,,,,,,
615,Brave reaches 2.7M monthly active users,2018-06-07 04:16:53+00:00,2018-06-07,Bear,,,,,,,,,,,,,,,,,,,,,
902,Andy Warhol Art To Be Sold For Bitcoin Via Ethereum Blockchain,2018-06-07 09:40:45+00:00,2018-06-07,Bear,,,,,,,,,,,,,,,,,,,,,
361,"Episode 5 of ""explained"" on Netflix is about crypto",2018-06-06 06:33:30+00:00,2018-06-06,Bear,,,,,,,,,,,,,,,,,,,,,
418,Ethereum Will Be the Backbone of the New Internet,2018-06-04 04:02:55+00:00,2018-06-04,Bear,,,,,,,,,,,,,,,,,,,,,
449,Microsoft buys GitHub for $7.5 billion.,2018-06-04 08:45:08+00:00,2018-06-04,Bear,,,,,,,,,,,,,,,,,,,,,
972,You Can Now Accept Ethereum on Twitch,2018-06-04 14:56:45+00:00,2018-06-04,Bear,,,,,,,,,,,,,,,,,,,,,
671,Vitalik Explains Ethereum Scalability: Upto Million Transactions per sec! Ultimate Scalability solution and plans. The future is bright,2018-06-02 00:46:19+00:00,2018-06-02,Bear,,,,,,,,,,,,,,,,,,,,,
746,Microsoft is talking about buying GitHub. If this deal goes on is Ethereum Foundation willing to move the code production to a more neutral place?,2018-06-02 08:20:25+00:00,2018-06-02,Bear,,,,,,,,,,,,,,,,,,,,,
362,Vitalik says Ethereum will eventually support millions of transactions per second,2018-06-01 12:03:51+00:00,2018-06-01,Bear,,,,,,,,,,,,,,,,,,,,,
527,Crypto Millionaire Matthew Mellon Dies Leaving More than $500 Million Lost - BTCNN,2018-05-31 11:02:07+00:00,2018-05-31,Bear,,,,,,,,,,,,,,,,,,,,,
791,South Korean Government Plans to Re-Legalize ICO,2018-05-29 19:52:37+00:00,2018-05-29,Bear,,,,,,,,,,,,,,,,,,,,,
371,"Chinese Internet security giant 360 has found ""a series of epic vulnerabilities"" in the EOS platform.",2018-05-28 22:33:43+00:00,2018-05-28,Bear,,,,,,,,,,,,,,,,,,,,,
511,Why we need transparent gov funding. $443m awarded to a sham foundation to line politician pockets,2018-05-26 03:25:55+00:00,2018-05-26,Bear,,,,,,,,,,,,,,,,,,,,,
222,Beginners’ Guide to Ethereum,2018-05-24 20:37:33+00:00,2018-05-24,Bear,,,,,,,,,,,,,,,,,,,,,
182,"Please stop posting pictures of things that look like the ethereum logo. Memes and irrelevant content have ruined r/bitcoin, do not let this happen with r/ethereum",2018-05-23 01:16:48+00:00,2018-05-23,Bear,,,,,,,,,,,,,,,,,,,,,
927,Weiss Ratings: Cryptocurrency Will Become 'Fundamentally Safer' Than Banks - Bitcoinist.com,2018-05-23 22:01:24+00:00,2018-05-23,Bear,,,,,,,,,,,,,,,,,,,,,
419,Coinbase Aims to Obtain Banking Licenses,2018-05-19 09:14:14+00:00,2018-05-19,Bear,,,,,,,,,,,,,,,,,,,,,
85,Steve Wozniak Considers Ethereum to Become as Influential as Apple,2018-05-18 05:36:17+00:00,2018-05-18,Bear,,,,,,,,,,,,,,,,,,,,,
696,China Ranks Ethereum as the World’s Best Blockchain Network,2018-05-17 05:32:00+00:00,2018-05-17,Bear,,,,,,,,,,,,,,,,,,,,,
608,Public blockchain ratings by China's ministry is out: #Ethereum ranks top of the 28 cryptos evaluated Source,2018-05-16 19:39:02+00:00,2018-05-16,Bear,,,,,,,,,,,,,,,,,,,,,
387,"Consensus starts today. Vitalik, Charles Hoskinson and Jun Hasegawa lead the way on the boycott",2018-05-14 05:35:13+00:00,2018-05-14,Bear,,,,,,,,,,,,,,,,,,,,,
970,The State of Cryptocurrency Mining,2018-05-13 16:40:44+00:00,2018-05-13,Bear,,,,,,,,,,,,,,,,,,,,,
37,Shut just got real...Vitalik responds,2018-05-10 17:23:48+00:00,2018-05-10,Bear,,,,,,,,,,,,,,,,,,,,,
533,Ethereum’s Inflation Will Be Reduced 80% With Casper’s Adoption,2018-05-10 06:45:01+00:00,2018-05-10,Bear,,,,,,,,,,,,,,,,,,,,,
781,"Vitalik Buterin and Joseph Lubin in a selfie with Eric Schmidt after ""brainstorming""",2018-05-09 17:15:12+00:00,2018-05-09,Bear,,,,,,,,,,,,,,,,,,,,,
416,"The law deserves respect, but technological progress should not be bound by the limits of the regulator’s lawyerly imagination. SEC Commissioner Peirce gave an incredible speech about tokens and regulation. Read it all:",2018-05-08 14:51:48+00:00,2018-05-08,Bear,,,,,,,,,,,,,,,,,,,,,
434,"Casper v0.1 ""First Release"" - Casper work showing continuing progress!",2018-05-08 05:25:41+00:00,2018-05-08,Bear,,,,,,,,,,,,,,,,,,,,,
111,"Vitalik ""Not giving away selfies"" Buterin",2018-05-05 08:34:16+00:00,2018-05-05,Bear,,,,,,,,,,,,,,,,,,,,,
309,"With all these banks hating on crypto, I thought i'd show USAA's embracing of crypto through their online tools.",2018-05-04 11:33:01+00:00,2018-05-04,Bear,,,,,,,,,,,,,,,,,,,,,
65,Just finished installing this large art commission made from cut up fiat currency and white papers,2018-05-03 10:03:55+00:00,2018-05-03,Bear,,,,,,,,,,,,,,,,,,,,,
909,"Automated patient triage design on Ethereum blockchain wins $10,000 Grand Prize",2018-05-01 10:19:49+00:00,2018-05-01,Bear,,,,,,,,,,,,,,,,,,,,,
272,Vitalik Teases Sharding Release on Twitter,2018-04-30 11:33:37+00:00,2018-04-30,Bear,,,,,,,,,,,,,,,,,,,,,
860,On the next episode of Silicon Valley: Pied Piper Coin & it's upcoming ICO,2018-04-29 22:54:27+00:00,2018-04-29,Bear,,,,,,,,,,,,,,,,,,,,,
519,Rep Sherman tries to ban crypto - top campaign contributor at risk from crypto,2018-04-27 11:33:55+00:00,2018-04-27,Bear,,,,,,,,,,,,,,,,,,,,,
220,Proof of Stake is Solved,2018-04-26 13:56:38+00:00,2018-04-26,Bear,,,,,,,,,,,,,,,,,,,,,
782,Our commitment to Ethereum and a decentralised future,2018-04-26 02:17:27+00:00,2018-04-26,Bear,,,,,,,,,,,,,,,,,,,,,
131,[WARNING] MyEtherWallet.com highjacked on Google Public DNS,2018-04-24 06:04:03+00:00,2018-04-24,Bear,,,,,,,,,,,,,,,,,,,,,
283,My wife made me an Ethereum Lamp 💡😍,2018-04-24 17:38:12+00:00,2018-04-24,Bear,,,,,,,,,,,,,,,,,,,,,
328,Amazon Web Services Introduces Ethereum and Hyperledger Blockchain Templates,2018-04-23 03:26:13+00:00,2018-04-23,Bear,,,,,,,,,,,,,,,,,,,,,
660,8 weeks ago I knew nothing about Solidity and web-development. Yesterday I deployed my first dApp!,2018-04-23 19:12:11+00:00,2018-04-23,Bear,,,,,,,,,,,,,,,,,,,,,
679,"By The End Of This Year 50,000 People Will Have Ethereum Wallets & Never Know Thanks To The GET Protocol",2018-04-23 10:50:24+00:00,2018-04-23,Bear,,,,,,,,,,,,,,,,,,,,,
830,Why should the Parity Multisig Wallet be bailed out when all the other contract mistakes and Ether losses aren't?,2018-04-22 07:18:50+00:00,2018-04-22,Bear,,,,,,,,,,,,,,,,,,,,,
948,"[EIP-999] The Self-Destructed Parity Multi-Sig Wallet With 306k ETH Voted ""Yes"" - **This vote is a fraud**",2018-04-22 12:47:55+00:00,2018-04-22,Bear,,,,,,,,,,,,,,,,,,,,,
406,Best Bday Cake Ever.,2018-04-21 09:42:25+00:00,2018-04-21,Bear,,,,,,,,,,,,,,,,,,,,,
154,"We Met The Founder Of Ethereum, VICE on HBO",2018-04-20 13:24:08+00:00,2018-04-20,Bear,,,,,,,,,,,,,,,,,,,,,
763,EIP 1011 - the specification for Ethereum Casper FFG hybrid PoS/PoW - was just published.,2018-04-20 03:48:01+00:00,2018-04-20,Bear,,,,,,,,,,,,,,,,,,,,,
714,Dow Jones Media Group Partners With Brave (BAT) Software To Offer Premium Content To Users and Test Blockchain-Based Payment Technology,2018-04-18 09:22:58+00:00,2018-04-18,Bear,,,,,,,,,,,,,,,,,,,,,
777,Geth v1.8.4: Dirty Derivative (40% faster blocks) released!,2018-04-17 05:47:41+00:00,2018-04-17,Bear,,,,,,,,,,,,,,,,,,,,,
724,Buterin Proposes ‘Minimal Sharding Protocol’ For Immediate Development,2018-04-15 01:58:01+00:00,2018-04-15,Bear,,,,,,,,,,,,,,,,,,,,,
138,Amazing how people suddenly realize they don’t own their data on Facebook. Let’s see how they react when they find out they dont own the money in their bank accounts either!,2018-04-14 14:27:10+00:00,2018-04-14,Bear,,,,,,,,,,,,,,,,,,,,,
618,SpankChain Presents: What is Ethereum? Explained by Porn Star Brett Rossi,2018-04-14 10:51:21+00:00,2018-04-14,Bear,,,,,,,,,,,,,,,,,,,,,
729,Joe Lubin is the cover photo on the U.S. Chamber of Commerce website,2018-04-11 11:31:22+00:00,2018-04-11,Bear,,,,,,,,,,,,,,,,,,,,,
240,Ethereum has updates in 27 of its repos in the last 24 hours. There is no other cryptocurrency that compares to this level of development. This doesn't even include all the Dapps being built on top of the core technology itself.,2018-04-10 00:56:29+00:00,2018-04-10,Bear,,,,,,,,,,,,,,,,,,,,,
484,NASDAQ: Golem launches on Ethereum mainnet,2018-04-10 13:22:55+00:00,2018-04-10,Bear,,,,,,,,,,,,,,,,,,,,,
816,Golem Arrives: One of Ethereum's Most Ambitious Apps Is Finally Live,2018-04-10 07:09:28+00:00,2018-04-10,Bear,,,,,,,,,,,,,,,,,,,,,
929,People who think Bitmain can be trusted: you're wrong.,2018-04-09 06:08:24+00:00,2018-04-09,Bear,,,,,,,,,,,,,,,,,,,,,
432,$AVAGE reply by Vitalik,2018-04-06 03:16:01+00:00,2018-04-06,Bear,,,,,,,,,,,,,,,,,,,,,
546,South Korea’s Largest Banks Go Pro-Cryptocurrency as OmiseGo Secures Deal,2018-04-06 18:33:51+00:00,2018-04-06,Bear,,,,,,,,,,,,,,,,,,,,,
842,Lets discuss ASIC RESISTANCE in this week core dev meeting,2018-04-05 08:23:52+00:00,2018-04-05,Bear,,,,,,,,,,,,,,,,,,,,,
195,Vitalik Buterin Calling Craig Wright a Fraud in Public,2018-04-03 04:04:07+00:00,2018-04-03,Bear,,,,,,,,,,,,,,,,,,,,,
353,"India is more interested in Ethereum than Bitcoin, Jana study shows",2018-04-03 21:07:52+00:00,2018-04-03,Bear,,,,,,,,,,,,,,,,,,,,,
548,"Did you know the UN gave ETH vouchers to 10,000 Syrian refugees so they could buy food? Ethereum is helping global human rights!",2018-04-02 06:21:45+00:00,2018-04-02,Bear,,,,,,,,,,,,,,,,,,,,,
359,CoinMarketCap Starts Listing Prices In Lambos,2018-04-01 05:27:30+00:00,2018-04-01,Bear,,,,,,,,,,,,,,,,,,,,,
383,Are you in Favour Of ‘Hard Fork’ to Resist ASIC Miners?,2018-03-31 08:33:33+00:00,2018-03-31,Bear,,,,,,,,,,,,,,,,,,,,,
292,"WTF!?! Mailchimp is closing ""Week in Ethereum"" account because the newsletter is about blockchains.",2018-03-30 05:26:53+00:00,2018-03-30,Bear,,,,,,,,,,,,,,,,,,,,,
847,Bitmain paid shills and trolls are out in full force trying to downvote and fight against a PoW change. They are doing their best to protect their centralized cartel which will destroy Ethereum,2018-03-30 15:56:09+00:00,2018-03-30,Bear,,,,,,,,,,,,,,,,,,,,,
828,EIP: Modify block mining to be ASIC resistant. · Issue #958 · ethereum/EIPs,2018-03-29 10:53:32+00:00,2018-03-29,Bear,,,,,,,,,,,,,,,,,,,,,
843,Ethereum Users Support Hard Fork to ‘Brick’ Ethereum ASIC Miners: Poll,2018-03-29 11:29:16+00:00,2018-03-29,Bear,,,,,,,,,,,,,,,,,,,,,
281,Would you support a hard fork that obsceletes ETH ASICs?,2018-03-28 11:36:34+00:00,2018-03-28,Bear,,,,,,,,,,,,,,,,,,,,,
232,Adding ERC20 Support to Coinbase,2018-03-26 12:04:08+00:00,2018-03-26,Bear,,,,,,,,,,,,,,,,,,,,,
568,US CLOUD Act Gives Government Access to Private User Data,2018-03-25 11:42:40+00:00,2018-03-25,Bear,,,,,,,,,,,,,,,,,,,,,
727,Mexican Company Launches Cryptocurrency Backed by the Habanero Chili,2018-03-25 04:06:14+00:00,2018-03-25,Bear,,,,,,,,,,,,,,,,,,,,,
400,"First completed Game on EthernalGo.com !!! Winners were paid over 0.6 ETH, congrats!",2018-03-24 09:25:25+00:00,2018-03-24,Bear,,,,,,,,,,,,,,,,,,,,,
398,Blockchain bill passes: Smart Contracts Now Recognized Under Tennessee Law,2018-03-23 15:54:46+00:00,2018-03-23,Bear,,,,,,,,,,,,,,,,,,,,,
243,"ICOs are an illusion of progress. They produce tokens we don't need, incentivize marketing and speculation over development, and neglect end-user utility.",2018-03-22 22:11:15+00:00,2018-03-22,Bear,,,,,,,,,,,,,,,,,,,,,
311,"IBM's 10ç tiny computer is blockchain ready. Due to this low price, it means anything could be tied to the blockchain, even the food you buy or the clothes you wear.",2018-03-22 01:48:47+00:00,2018-03-22,Bear,,,,,,,,,,,,,,,,,,,,,
602,Coinbase bug made it possible to reward yourself with unlimited Ethereum,2018-03-21 05:20:50+00:00,2018-03-21,Bear,,,,,,,,,,,,,,,,,,,,,
575,NASA to link Etherum blockchain technology with their deep space network,2018-03-20 13:54:23+00:00,2018-03-20,Bear,,,,,,,,,,,,,,,,,,,,,
110,US Congress Releases Extraordinary Report Praising Cryptocurrency and Blockchain Technology,2018-03-19 11:52:56+00:00,2018-03-19,Bear,,,,,,,,,,,,,,,,,,,,,
509,"We built a DApp, an Ethereum address book with private chat. No need for ICO : )",2018-03-19 00:15:08+00:00,2018-03-19,Bear,,,,,,,,,,,,,,,,,,,,,
852,I'll just drop this here ;) #ethereum #mainnet #11km-high,2018-03-17 12:46:36+00:00,2018-03-17,Bear,,,,,,,,,,,,,,,,,,,,,
302,South Korea To Reverse Ban on ICOs,2018-03-15 07:20:17+00:00,2018-03-15,Bear,,,,,,,,,,,,,,,,,,,,,
125,Fantastic Read To Learn The Ins and Outs of Blockchain. First chapter is written by Vitalik. Highly Recommend,2018-03-14 10:35:50+00:00,2018-03-14,Bear,,,,,,,,,,,,,,,,,,,,,
403,These results represent the first time a Blockchain was used in a presidential election. Link to see it in comments,2018-03-12 07:11:15+00:00,2018-03-12,Bear,,,,,,,,,,,,,,,,,,,,,
396,Crypto won't be advertised: Google informally removing ICO ads,2018-03-11 07:29:19+00:00,2018-03-11,Bear,,,,,,,,,,,,,,,,,,,,,
742,All videos from EthCC '18 in Paris,2018-03-11 07:23:55+00:00,2018-03-11,Bear,,,,,,,,,,,,,,,,,,,,,
299,Just bought this Ethereum inspired painting,2018-03-09 16:27:56+00:00,2018-03-09,Bear,,,,,,,,,,,,,,,,,,,,,
265,First US Real Estate Transaction In Blockchain Completed. Vermont is headed towards blockchain-recording of real estate transactions. Other states will follow... What's Next?,2018-03-08 06:41:32+00:00,2018-03-08,Bear,,,,,,,,,,,,,,,,,,,,,
895,115+ speakers at EthCC and no one is talking about it?,2018-03-07 02:58:39+00:00,2018-03-07,Bear,,,,,,,,,,,,,,,,,,,,,
955,OmiseGO (OMG) | Next generation financial network and decentralized economy,2018-03-07 15:28:16+00:00,2018-03-07,Bear,,,,,,,,,,,,,,,,,,,,,
209,Vitalik says hey hey heyyy! ❤️,2018-03-06 08:14:45+00:00,2018-03-06,Bear,,,,,,,,,,,,,,,,,,,,,
812,Vitalik in alpacca Tshirt at Singapore meetup now omg!!,2018-03-06 03:52:31+00:00,2018-03-06,Bear,,,,,,,,,,,,,,,,,,,,,
377,"Ethereum Developer: How To Become One, Beginners Guide",2018-03-05 07:29:09+00:00,2018-03-05,Bear,,,,,,,,,,,,,,,,,,,,,
549,Bloom's blockchain credit app sees record signups after more bad news from Equifax,2018-03-04 07:55:13+00:00,2018-03-04,Bear,,,,,,,,,,,,,,,,,,,,,
793,Overview of Ethereum - Infographic Providing Basic Info & A Few Interesting Facts,2018-03-04 20:11:46+00:00,2018-03-04,Bear,,,,,,,,,,,,,,,,,,,,,
741,"These institutions have failed us time and time again, yet we still keep coming back. This is why we need Ethereum.",2018-03-03 02:53:46+00:00,2018-03-03,Bear,,,,,,,,,,,,,,,,,,,,,
422,Interview with Founder of Ethereum Vitalik Buterin,2018-03-02 12:16:01+00:00,2018-03-02,Bear,,,,,,,,,,,,,,,,,,,,,
453,Hacker Recovers $26 Million Worth of Ethereum Stolen From CoinDash,2018-03-01 12:08:49+00:00,2018-03-01,Bear,,,,,,,,,,,,,,,,,,,,,
504,Porsche Is Testing Ethereum Blockchain Tech In Their Cars!!!,2018-03-01 18:05:37+00:00,2018-03-01,Bear,,,,,,,,,,,,,,,,,,,,,
180,Germany Legalizes crypto’s,2018-02-28 20:27:02+00:00,2018-02-28,Bear,,,,,,,,,,,,,,,,,,,,,
245,JP Morgan Chase: Cryptocurrencies Pose A Risk To Our Business Model,2018-02-28 06:40:27+00:00,2018-02-28,Bear,,,,,,,,,,,,,,,,,,,,,
475,"Announcing our Full, Portable Solidity Debugger | Truffle Suite",2018-02-27 13:00:53+00:00,2018-02-27,Bear,,,,,,,,,,,,,,,,,,,,,
652,Just a little Ethereum animation I made for an announcement,2018-02-26 10:50:01+00:00,2018-02-26,Bear,,,,,,,,,,,,,,,,,,,,,
680,"Hacker Returns 20,000 ETH to Coindash",2018-02-26 00:25:43+00:00,2018-02-26,Bear,,,,,,,,,,,,,,,,,,,,,
928,Introduction: Smart Contract Development,2018-02-26 08:30:31+00:00,2018-02-26,Bear,,,,,,,,,,,,,,,,,,,,,
557,Georgia May Be the Next State to Accept Cryptocurrencies for Tax Purposes,2018-02-25 10:21:07+00:00,2018-02-25,Bear,,,,,,,,,,,,,,,,,,,,,
570,"Light client, Geth 1.8.1 are great, only 1-3% cpu, 8% of 16GB memory, ~0% disk",2018-02-25 07:08:00+00:00,2018-02-25,Bear,,,,,,,,,,,,,,,,,,,,,
241,"Putin endorses Blockchain: The Stone Age has not ended due to the lack of stones, but because new technologies have appeared.",2018-02-24 17:08:41+00:00,2018-02-24,Bear,,,,,,,,,,,,,,,,,,,,,
487,Video shows you 3 ways hackers steal crypto currency inclduing printed paper wallets,2018-02-23 18:37:11+00:00,2018-02-23,Bear,,,,,,,,,,,,,,,,,,,,,
319,"FYI: Atomic swaps between Ethereum, Erc20 tokens and Bitcoin-based coins have now be completed successfully on mainnet!",2018-02-22 16:33:17+00:00,2018-02-22,Bear,,,,,,,,,,,,,,,,,,,,,
601,Creator of Ethereum donated $763k worth ETH to Machine Intelligence Research Institute,2018-02-22 01:37:50+00:00,2018-02-22,Bear,,,,,,,,,,,,,,,,,,,,,
159,United Nation World Food Programme using Ethereum Blockchain instead of Banks,2018-02-20 05:44:35+00:00,2018-02-20,Bear,,,,,,,,,,,,,,,,,,,,,
446,"US SEC is hunting down pump & dump groups - preparing for legal action, and offering rewards to whistleblowers!",2018-02-20 15:43:49+00:00,2018-02-20,Bear,,,,,,,,,,,,,,,,,,,,,
653,Companies Using The Ethereum Platform Have Contributed $100M+ Grant Back To Ethereum To Improve The Network,2018-02-20 01:20:27+00:00,2018-02-20,Bear,,,,,,,,,,,,,,,,,,,,,
64,Wyoming Senate Bill Proposes to Exempt Cryptocurrencies from Taxes,2018-02-19 06:26:22+00:00,2018-02-19,Bear,,,,,,,,,,,,,,,,,,,,,
155,Switzerland Issues Guidelines in Order to Start ICOs and Become a “CryptoNation”,2018-02-18 03:40:50+00:00,2018-02-18,Bear,,,,,,,,,,,,,,,,,,,,,
118,Poland's Central Bank Secretly Paid Youtubers to Slander Cryptos,2018-02-17 11:09:34+00:00,2018-02-17,Bear,,,,,,,,,,,,,,,,,,,,,
242,Spain Wants To Attract Blockchain and Cryptocurrency Companies With Lower Taxes,2018-02-16 03:41:39+00:00,2018-02-16,Bear,,,,,,,,,,,,,,,,,,,,,
250,"Because of Coinbase Commerce, I was able to add Ethereum as a payment option on our store today!",2018-02-15 11:30:19+00:00,2018-02-15,Bear,,,,,,,,,,,,,,,,,,,,,
599,Exposing Ethereum Honeypots,2018-02-15 19:32:02+00:00,2018-02-15,Bear,,,,,,,,,,,,,,,,,,,,,
324,Welcome to r/ethereum - the Reddit frontpage of the Web 3.0; seriously: Read this to get started! :),2018-02-14 02:27:39+00:00,2018-02-14,Bear,,,,,,,,,,,,,,,,,,,,,
431,Geth v1.8.0: Iceberg! Go and sync mainnet within a minute!,2018-02-14 06:53:34+00:00,2018-02-14,Bear,,,,,,,,,,,,,,,,,,,,,
501,Now Shopify merchants can accept Ethereum on their stores,2018-02-14 14:41:30+00:00,2018-02-14,Bear,,,,,,,,,,,,,,,,,,,,,
823,Solidity 0.4.20 released,2018-02-14 08:38:32+00:00,2018-02-14,Bear,,,,,,,,,,,,,,,,,,,,,
871,"Mastering Ethereum is progressing rapidly - Please review, comment, contribute!",2018-02-14 08:42:32+00:00,2018-02-14,Bear,,,,,,,,,,,,,,,,,,,,,
40,Forbes Quote Of The Day: Vitalik Buterin,2018-02-13 13:15:06+00:00,2018-02-13,Bear,,,,,,,,,,,,,,,,,,,,,
428,"Over $10,000,000 is circulating in Ethereum games each week",2018-02-12 22:32:18+00:00,2018-02-12,Bear,,,,,,,,,,,,,,,,,,,,,
539,Microsoft Announcement,2018-02-12 10:53:30+00:00,2018-02-12,Bear,,,,,,,,,,,,,,,,,,,,,
74,"Vitalik just donated 100 ETH to the Internet Archive! P.S. I'm matching all donations, up to $1 mil 🍍",2018-02-11 18:57:25+00:00,2018-02-11,Bear,,,,,,,,,,,,,,,,,,,,,
455,"The Quantum Threat: ""Anyone who collects that data now will be able to crack it later, so it’s safe to assume governments and their spying agencies are hoovering up anything that’ll be useful,",2018-02-11 07:23:28+00:00,2018-02-11,Bear,,,,,,,,,,,,,,,,,,,,,
279,Coinbase Launches a PayPal Like Plugging For Ethereum,2018-02-10 11:02:25+00:00,2018-02-10,Bear,,,,,,,,,,,,,,,,,,,,,
547,Ethereum and OmiseGO,2018-02-10 07:30:45+00:00,2018-02-10,Bear,,,,,,,,,,,,,,,,,,,,,
141,Official MyEtherWallet Statement,2018-02-09 14:10:15+00:00,2018-02-09,Bear,,,,,,,,,,,,,,,,,,,,,
96,Singapore Will Not Ban Cryptocurrencies Says Deputy Prime Minister,2018-02-08 03:32:03+00:00,2018-02-08,Bear,,,,,,,,,,,,,,,,,,,,,
223,"MyCrypto hostile takeover of MyEtherwallet twitter handle: If they just take a twitter handle like that, it shows severe lack of ethics. Why would you trust them not to take your balance in the future too?",2018-02-08 22:45:11+00:00,2018-02-08,Bear,,,,,,,,,,,,,,,,,,,,,
844,The Ethereumization Of Wall Street Is Inevitable : Upvotes club News,2018-02-08 14:09:21+00:00,2018-02-08,Bear,,,,,,,,,,,,,,,,,,,,,
183,CFTC to Take 'Do No Harm' Approach on Crypto Regulation,2018-02-06 09:31:20+00:00,2018-02-06,Bear,,,,,,,,,,,,,,,,,,,,,
502,I just created a website that list more than 120 site that accept cryptocurrency as a payment method,2018-02-04 09:21:48+00:00,2018-02-04,Bear,,,,,,,,,,,,,,,,,,,,,
824,"Canada Looks to Blockchain for Airline Security, Government Transparency",2018-02-04 22:19:55+00:00,2018-02-04,Bear,,,,,,,,,,,,,,,,,,,,,
115,Brisbane Airport to Accept Payments in Ethereum,2018-02-03 09:19:33+00:00,2018-02-03,Bear,,,,,,,,,,,,,,,,,,,,,
269,"Whether it is wealth inequality, corruption, identity fraud, theft or confiscation, Ethereum holds the potential to improve upon the status quo by many orders of magnitude. ",2018-02-02 11:04:03+00:00,2018-02-02,Bear,,,,,,,,,,,,,,,,,,,,,
643,"Greg Maxwell calls Vitalik Buterin a liar, VB comes to clarify why he didn't build Ethereum on top of Bitcoin",2018-02-02 02:12:09+00:00,2018-02-02,Bear,,,,,,,,,,,,,,,,,,,,,
743,Russian State Bank Will Open a Cryptocurrency Exchange in Europe,2018-02-01 07:13:39+00:00,2018-02-01,Bear,,,,,,,,,,,,,,,,,,,,,
594,Scam! Alert!: Multiple imposter accounts with variation of Vitalik's handle asking for money,2018-01-31 06:43:20+00:00,2018-01-31,Bear,,,,,,,,,,,,,,,,,,,,,
139,Happy 5 millionth!,2018-01-30 06:42:46+00:00,2018-01-30,Bear,,,,,,,,,,,,,,,,,,,,,
935,The Road Ahead for Dai,2018-01-29 10:29:11+00:00,2018-01-29,Bear,,,,,,,,,,,,,,,,,,,,,
278,300k Etherians!,2018-01-28 00:50:07+00:00,2018-01-28,Bear,,,,,,,,,,,,,,,,,,,,,
41,78% of you wanted ethereum art over bitcoin so I made this,2018-01-26 22:55:38+00:00,2018-01-26,Bear,,,,,,,,,,,,,,,,,,,,,
347,Vitalik: First Part of Ethereum's Sharding Roadmap Is Nearly Done,2018-01-26 14:24:21+00:00,2018-01-26,Bear,,,,,,,,,,,,,,,,,,,,,
630,"I've built this low cost alternative to Airbnb, scaled it to 1000 properties in just 3 months and now have some of the major tech companies supporting me in this. All bootstrapped without a scammy ICO, just building the product and talking to users",2018-01-26 20:00:29+00:00,2018-01-26,Bear,,,,,,,,,,,,,,,,,,,,,
108,NASA Awards Grant For Ethereum Blockchain-Related Research,2018-01-25 16:58:30+00:00,2018-01-25,Bear,,,,,,,,,,,,,,,,,,,,,
467,"Congrats to @naterush1997 and @dannyryan for releasing v0.2 of the cbc Casper prototypes, last night!",2018-01-25 04:29:52+00:00,2018-01-25,Bear,,,,,,,,,,,,,,,,,,,,,
713,"Stealth Ethereum-Based Company pays ~$1 billion for land in Nevada next to Tesla, Google, Apple.",2018-01-25 22:32:57+00:00,2018-01-25,Bear,,,,,,,,,,,,,,,,,,,,,
294,I created Wednesday Coin - a coin that can only be sent on Wednesdays and I will be airdropping them to whomever wants some,2018-01-24 08:17:22+00:00,2018-01-24,Bear,,,,,,,,,,,,,,,,,,,,,
144,"Vitalik Buterin’s father: fiat currencies are backed by collective hallucination, just like cryptos",2018-01-23 04:17:31+00:00,2018-01-23,Bear,,,,,,,,,,,,,,,,,,,,,
414,Ethereum Yellow Paper has been updated,2018-01-22 07:47:45+00:00,2018-01-22,Bear,,,,,,,,,,,,,,,,,,,,,
303,Beyond the Bitcoin Bubble,2018-01-21 18:31:57+00:00,2018-01-21,Bear,,,,,,,,,,,,,,,,,,,,,
12,Canada trialing use of Ethereum blockchain to enhance transparency of govt funding,2018-01-20 19:18:10+00:00,2018-01-20,Bear,,,,,,,,,,,,,,,,,,,,,
315,"I've built CryptoCribs, an alternative to Airbnb for the crypto community, here's a link to the world's largest podcast for Airbnb hosts where I try to convince them to start accepting Ether :)",2018-01-19 00:16:10+00:00,2018-01-19,Bear,,,,,,,,,,,,,,,,,,,,,
760,Were people this skeptical in the early days of the Internet?,2018-01-18 17:39:57+00:00,2018-01-18,Bear,,,,,,,,,,,,,,,,,,,,,
773,Radar Relay Announces Ledger Integration,2018-01-18 05:14:53+00:00,2018-01-18,Bear,,,,,,,,,,,,,,,,,,,,,