comment_body,date
Can anyone comment what will happen to the weth holders and if they will get the hard fork tokens if the ethereum are held on matic network instead of ethereum,2021-08-02
This is a bad idea. You'll more than likely end up buying back in at a bad point which then results in reducing your position. Don't sell your ETH. Stake that half instead of selling.,2021-08-01
"Hi, Ethereum gas fees are needed to carry out any transaction on the ETHEREUM blockchain as they ensure your transactions goes through.  
The gas fees are subject to how busy the network is, like you did mention, it varies as seen in the price you noticed when trying to mint that nft.

For OpenSea, you can buy, sell and mint NFT artworks on that protocol. If just starting on Ethereum, I suggest you take time to visit [ethereum.org](https://ethereum.org)  to get better understanding of the chain as it got well-resourced materials for everyone to learn about the chain.

NB: every chain got its gas fee and this is what is paid to the miners (those that verifies the transactions) for every transaction, i.e from providing liquidity, minting tokens and buying tokens from launchpads and even in defiüòã.",2021-07-25
"
Pretty sure EOSIO is way better.  EOSIO is a highly performant open-source blockchain platform, built to support safe, compliant, and predictable digital infrastructures. It supports public networks such as EOS, Telos, and WAX, and private networks alike. EOSIO is fast, flexible, and forward-driven, enabling developers, entrepreneurs, co-creators, and institutions to build and innovate with confidence",2021-07-25
"$COCKTAIL HOURS:  
  
Gearing up for an action packed + celebrity backed launch! :cocktail::tada::champagne:  
  
BNB + BUSD automatic hourly reward payments  
automatic + manual whale buy back bot system  
first ever rewards multiplier on the u/BinanceChain   
  
\#BNB #BUSD #rewards #HODL #Crypto #CryptoNews",2021-07-29
"Ok thanks, yes did understand all that about ethereum network and mining 

So was wnadering what your experience is with gas fees with buying nfts

Iam looking at getting some nfts at floor price and hodling till some hype if possible

What range amni looking with the gas fee 

Ive seen $4.26 was the cheapest i have seen for a week 

Any thoughts",2021-07-26
"$4.26 for minting is good bargin, with the huge gas fee in the market, I have experienced a  $150 gas fee charge for NFT, which I had to let go, because I had no such money, and this is one of the reasons why L2 NFT projects are booming.",2021-07-29
"Haha i sore 1300 i was so shocked 

Today i was looking at opening more packs but, the gas fee is 12 dollars, so i was out of eth, and took to long to send some over, you cant excatly send small bits over either 

One idea iam thinking each week getting paid from work, buy eth swap into Pmon, and store that up so i can make one big transaction, as i learnt today doesnt matter how big the transaction is itll always cost the same, plus if the prive of PMON keeps going up may be able to do other things 

As they said on there website 1 pmon eqauls a booster pack, now 1 pmon equaled 48 dollars at there launch as to now its dropped nicely 

Is that ""layer 2"" does that have a crypto name eth 2 or soemthing 

What projects are booming on that can you name a few ? 

Iam guessing they can hold more transactions and fees are lower",2021-07-29
"L2 means Layer 2 infrastructure, like xDai, Matic and the rest.

your idea of DCA into PMON is good, honestly, It's good to hold these value tokens but I'm kinda into the yield farming aspect of the market and hence interested in how to make profits from my NFT tokens, but I have found a solution with FORM",2021-07-29
"Yes i have bought into poly matic and thats layer 2 eth ? 

All the same blockchain gamed can be on that to, regarding transactions gas fees etc, 

Still getting the terms but what is DCA = and FORM",2021-07-30
"Matic (polygon) is a layer 2 solution for Ethereum, that good as you can find some blockchain games on this blockchain, even BSC got some blockchain games too.

DCA means Daily Cost Averaging, its a term that suggest individuals buying into an asset over a period of time as this will ensure your average cost will be reduced.

While FORM is the native token for [Formationfi](https://formation.fi) , a smart yield farming protocol that incorporated different pools and ensures its holders are given the best returns as the protocol takes note of those high performing pools in the crypto-verse.",2021-07-30
"O i should kow DCA haha, i have eth and btc coming out each week on an auto buy 

I will have a look at Form sounds interesting",2021-07-30
"weekly buy-in is awesome, Great to have your thoughts on FORM after your deep look at the protocol.",2021-07-31
I tracked the multi million $ scam network behind all the rug pulls and a good portion of the fake tokens right now without having the slightest computer forensics knowledge or blockchain experience. Does that count,2021-07-06
We‚Äôd love to hear the story of it. Post it on r/tradehelp,2021-07-06
Any news on your findings?,2021-07-29
"I‚Äôve read it will use 99% less energy than BTC. And after Elon Musks bullshit I wouldn‚Äôt be supersized if ETH2.0 surpasses BTC in the future üòÇ. Read that slowly I‚Äôm not saying it‚Äôll go to 60/100k. But I see BTC losing value to let‚Äôs say 20-35k, and ETH being around the same down the road",2021-06-30
"I believe Eth will be that new age internet as suppose, and it'll rise above all imaginations... Also for solid coins like UBXT that are built under its Blockchains, and have a use case of providing an all-in-one ecosystem for modern traders, will also perform well as it takes over the Trading space.",2021-06-30
stacking? you mean staking?,2021-06-28
"Rocket Pool is scheduled for release in Q2 of 2021, so it should release by the end of this month if it is to keep that schedule but it could possibly be delayed. And btw it's called staking not stacking.",2021-06-28
"Coinbase also released staking too with approx 5% APR, meaning they keep about 1.4% if you staked it yourself and ran your own validator.  The plus side is you can stake any amount but note you can‚Äôt touch the ETH2 until the transition to ETH2 is complete.",2021-06-30
Yes,2021-06-28
Thanks ! And thanks for the stacking-staking correction,2021-06-28
But coinbase offers a custodial service if I'm correct?,2021-06-30
I've already bought!,2021-06-22
üî•üòäü•∞,2021-06-22
Didn't know about such a project,2021-06-22
SCAM,2021-07-19
Wow nice to know about $TITS,2021-06-21
If this is on the bnb binance chain shouldn‚Äôt it not be on the eth ethererium Reddit,2021-06-21
Great projectüíï,2021-06-21
"Just gunna note, this post has been spammed into like 10 different subbreddits and was most just a copy/paste",2021-06-21
Believe in this project. My respect to the team!,2021-06-21
i report these all the time. Youtube doesnt care. They won a lawsuit recently around being sued for this kind of scamming. They deny responsibility as it is the people who make the content. They are simply the host. Sad really.,2021-06-19
"show us a link , bring attention to it to get it deleted maybe",2021-06-19
Yea they should at least read reports and do some reactive administrating.,2021-06-20
"It's always the top result when I put Ethereum in the search bar:

https://www.youtube.com/channel/UCsAZXdhFW6A9kINuk5G4SuQ/featured

There's also a duplicate
https://www.youtube.com/channel/UCect_zElY00rV_RIwD4hqxg",2021-06-19
"one is just a loop of car driving around other is interview with a pig picture

&#x200B;

strange?",2021-06-20
"Weird, maybe it's too trick the reviews if they get reported too often? I'm sure they'll run the Vitalik interview with the link and fake tweet again at some point. The stream titles are still the same as when they were running the scam video.",2021-06-20
Agreed. I think it‚Äôs so YouTube won‚Äôt see them doing wrong. I‚Äôm sure they can rewind though? Even if live. I reported them.,2021-06-20
"I've moved all of my crypto to cold storage, so it's gotten more difficult for me to compulsively check how my portfolio is doing every 15 seconds.

Which one lets me type in how much I own and monitor the value, without actually having my crypto on that platform?

Edit: I managed to do this on Blockfolio, if anyone else wants to do the same.",2021-06-17
Nice to know that!,2021-06-21
"It seems to me that any platform for betting is more convenient and promising than independent betting.   
Although still, in any case, there will be people who will be more interested in self-staking",2021-06-10
"There is not much information about eth 2.0 yet. Most likely, the launch will be at the end of next year, if not later",2021-06-10
"In fact, platforms like Blox are quite active in promoting the entire ecosystem.   
I also heard that after the launch of RP, there will be quite a lot of changes and innovations. We'll wait for now",2021-06-10
Thanks for sharing! I learned more about the project,2021-06-01
I'm down 30% on my investment. Waiting for it to go back up. Luckily I'm not losing my shirt.,2021-05-25
Can‚Äôt say which is better. It‚Äôs up to you to make that decision. But Coinbureau‚Äôs video helps you understand both coins better: https://youtu.be/SXfXydnXNH4,2021-05-22
"Let me ask you, where can I purchase a decentralized stablecoin on Cardano, and then where can I put that into a Cardano contract to get some yield?",2021-05-22
"Wish I could answer that for u, but I can‚Äôt. Would like to know as well.",2021-05-22
They'll likely both appreciate with time,2021-05-22
More stuff is built on Eth and Vit is super smart.,2021-05-22
It's currently got a much better ecosystem is the main reason people say it's better,2021-05-22
No its not better they are both shitcoins and you can make money so go for it,2021-05-22
it‚Äôs speculation @ this point.,2021-05-22
Buy algo. Earn while you wait,2021-05-22
This helped a ton. Thank you.,2021-05-22
Right now I see AgeUSD (as of about a month ago). But I don‚Äôt see yield yet.,2021-05-22
Ethereum a shitcoinüòÇüòÇ that‚Äôs hilarious,2021-05-22
Algo?,2021-05-22
"It's a trick question. They don't exist because Cardano doesn't have smart contracts, so you literally can't get yield on anything because none of it exists. It took Ethereum 6 years to get to where it is and its had smart contracts the entire time.",2021-05-22
Yes its a shitcoin and I have been holding since its 80 dollars yes I will make money from it and increase my BTC stake. But go ahead and love your shitcoins. At the end its only BTC that matters but make money while you can,2021-05-22
Ahh... interesting. Shows you how much of a noob I am. ;),2021-05-22
"The problem with Cardano is that it's all promises and always has been. I'm not saying they'll never have smart contracts, but even once they do release them, it's just getting started. You need thousands of developers building these systems for years before you see any sort of ecosystem form around them. So will Cardano be succesful? Way too early to tell. And honestly, the risk adjusted returns right now makes it not worth it imo. Cardano is worth 1/5th of Ethereum. So the most you could hope for is a 5x on Cardano if it succeeds in taking market dominance from Ethereum, and I think the odds of that happening are much smaller than 1/5. Probably something like 1/50 to 1/100 for the real risk adjusted returns. If Cardano was worth a few hundred million in mcap, then it would probably be a different calculus (albeit still a very risky one, considering I think Cardano basically has zero shot in my mind)",2021-05-22
Interesting. It kinda reminds me of the apple App Store (started it all and got established and set the bar) compared to Microsoft App Store (all promises and still lagging behind),2021-05-22
[deleted],2021-05-22
That is an interesting analogy that I like but maybe I have some bias toward apple.....oh and ETH,2021-05-22
"It's more like early days internet - Like when everyone was JUST getting online there were ALL these promising internet service providers and websites. Many, many, MANY, failed. Crypto CAN be useful. Like anything else, it's a tool. How well it's implemented and built out will determine how valuable it becomes.  


So a smart person would focus in on each one. When you have the extra cash, and you really understand something, THEN invest your money. Know what you're buying and understand who else is propping up the system.  


Most of our lives are smoke and mirrors but that doesn't mean it's not meaningful or based on something. Just study the history of these things and what they've done so far, keep a big picture perspective if you're invest for the long haul.",2021-05-22
And? Ethereum already has smart contracts,2021-05-22
[deleted],2021-05-22
I've been in crypto since 2013 and involved with Ethereum since 2016. I know who Charles is and what Cardano is.,2021-05-23
"Very nice üëç 

I was watching VersoView! It's good that the company promotes itself and others!
 

Can VVT be used as a payment method?",2021-05-25
VVT is a worthy currency!,2021-06-01
Possible if the website is integrated with DePay,2021-05-25
I like it üòå,2021-05-31
"No, I don't see that happening. I'd be surprised to see Eth below $1300-$1400 and BTC below $20k. I've been holding and trading since 2017, but that in no way makes me an expert. This just a prediction based off of the info I can gather and historical charts, not financial advice.",2021-05-23
"Just hit 1748 today , wonder how much lower it‚Äôll get",2021-05-23
I hope it keeps going down until payday I'm not going to lie.,2021-05-23
Did not know about such a project and a coin. I see that soon everyone will know about the project!,2021-06-01
Did not know about such a project ... can I link the site?,2021-06-01
$VVT coming strong üöÄüî•,2021-06-01
"Whoever says they know is lying. But just like any volaitility, this doesn‚Äôt change the long term potential significantly. I wouldn‚Äôt be surprised if momentum takes it back up by the end of the year.",2021-05-19
[deleted],2021-05-18
Privacy,2021-05-18
"sounds cool, i'd love to loan out some of the Meebits i bought when it's live. joined discord",2021-05-16
Sounds super interesting! Joined the discord as well to see updates!,2021-05-16
Actually very happy to have such good investment opportunities right now,2021-05-17
"I see a very good investment opportunity, thank you",2021-05-17
"Interesting, actually.",2021-05-17
Thank you for such a promising project,2021-05-17
Thank you for such great advice.,2021-05-17
Thanks for the link,2021-05-17
It's a really interesting opportunity,2021-05-17
Already invested.,2021-05-17
Thank you for such a cool project,2021-05-17
That's a fresh enough idea.,2021-05-17
Seems promising.,2021-05-17
I'm going to see what this project is all about.,2021-05-17
"This is something new, an interesting project.",2021-05-17
"Actually very interesting NFT token technology.   
I wonder if there are some projects that allow you to farm NFT tokens or use this technology in farming",2021-05-17
[removed],2021-05-17
"BSC is needed for autofarming platforms, if that's what you mean.",2021-05-17
NFT tokens need mining,2021-05-17
"In fact, BSC is just perfect for optimizing profitability. Pumpy.farm is a really interesting prospective platform.   
I do think this is a platform worth trying, just to understand how the yield aggregator system works",2021-05-17
"Just carrections i guess, It is needed for the market so don't worry too much",2021-05-13
Or buy more üòÇüòÇ,2021-05-13
"Just HODL , it‚Äôll recover",2021-05-13
It‚Äôs going back up,2021-05-13
"No, one company and one guy speculating doesn't change the entire market like this.  Most of the whales that control the price don't care what he does, they aren't like internet fanboys that make financial decisions based on tweets and late night stoner comedy",2021-05-16
"All from Ellen Musk, this is not normal correction.",2021-05-13
Hodler here... buy more.,2021-05-13
"I think you need to decide what your goal is. Are you interested in the technology and want to use things or take part in the ecosystem. Or are you looking save monthly. Or are you looking to try and maximise. (With a large risk appetite) 

All of these have very different answers and I'm sure there's other cases I haven't included above. 

Recommendations suffer from confirmation bias and people will largely assume your motivations are the same as theirs. Asking if you should buy ETH in an ETH forum won't give you any surprising answers. Work out what your goal or motivation is then ask if this will help achieve it.",2021-05-16
"I believe in ETH 100%. I started small and took profit  on other stocks,to buy 1 ETH at $2600. I have put in little more here and there. 
So maybe use your $13 and buy some small time Crypto on BitMart or something like that.
And watch it grow , and take profit from that to start buying ETH. You still have time.

$$Not Financial advice / I‚Äôm just swimming pool equipment , building and sales etc.. guy.

Good luck!",2021-05-16
In my honest opinion... 100% Ethereum.... Best BANG for the dollar.... Forget any side shoots or Binance....,2021-05-17
Crypto has become a joke really. Loathe it,2021-05-13
"Yesterday, we were right in saying that prospects of coins-memes remained unclear ...  
It was better to avoid experiments with ‚Äòshort‚Äô positions as we can see that today 'dogcoins' have gained their positions back ‚Äì DOGE +24%, SHIB +12%, AKITA +56%",2021-05-14
"You're 15 with the luxury to invest 1k dollars, you're doing better than 90% of the world.",2021-05-12
Tweet that to Elon,2021-05-12
First time?,2021-05-12
"imho, 
do not show how much money you have. 
Don't buy memecoins
DCA
Do not panic sell
Invest only in coins that have a future
You'll recover... be patient",2021-05-12
Ethereum is the future,2021-05-12
"We unfortunately can't predict what's gonna happen but eth will most likely be back in a few days I'd say

Also, please don't show your account balance online",2021-05-12
You‚Äôll be fine big man!,2021-05-12
"First rule in crypto trading is only invest what you can afford to lose. 

I bought eth at 800 in 2018. Took 4years for it to correct. 
I sold other coins because everything I bought crashed hard. 
Lost a bunch.
My eth after 4 years are positive.",2021-05-12
"Hey. Here to help. You broke every rule of investing, but you'll recover! First u invested more than u could afford to lose. Next you didnt do ur research. If u did, you would know that etc and doge are bad investments. Btc will def go back up, this drop is nothing for btc. Ur other coins might go back up but there's no reason they should because they're shit. I made mistakes to early on but i recovered by moving my bad investments into good ones and leaving it there! Time in the market beats timing in the market. The easiest way to fuck up crypto is to trade ur coins based on gut feelings the way u are. Hope this helps! Dm me if u want more non financial advice i will never ask u for anything",2021-05-12
"If you really did invest over the past 3 months, then just relax, this isn't the crash, just a quick Elon Musk driven opportunity that gave people a short window to buy ETH at sub $3,700. A crash looks way uglier. September 2001 recent IPO tech company ugly.",2021-05-12
You are 100% fine,2021-05-12
"Sounds wack, but true: Just buy what you love and/or believe in and wait... most often that alone returns",2021-05-12
Need to relax mate. So did i invested in ETH ETC BTC ADA DOGE its the whole market not seeing the growth yet.. the whole scenario is changing in Late June. Hold on til then..!!,2021-05-12
Play the game for more than you can afford to lose then you will learn the game.,2021-05-13
It will rise again,2021-05-13
"There‚Äôs no regulation, so maybe not an age limit, however the age to form contracts is 18.",2021-05-13
"I invested the money in Crypto, that I won‚Äôt need in the next (at least) 5 years. 
There is not short cut.
None should expect to be loaded in weeks time.",2021-05-14
Great perspective. Also not to be a buzz kill or KJ. Do you know if there is an age limit for this?,2021-05-12
HODL.,2021-05-12
For what?,2021-05-12
"Yup, I'm personally doing that too",2021-05-12
To use the exchange? Thought it was for 18 or 21+,2021-05-12
some friends at school told me that you can trade crypto under the age of 18 and i did not believe it but they all looked at me like i was a dumbass so i think you can lol,2021-05-12
Most exchanges mandate a minimum age of 18. Check your own out.,2021-05-12
"I believe  it will happen, bitcoin right now is ahead of eth but eth is going up at a faster rate than btc. The potential of it catching up and passing it is pretty good in my opinion.",2021-05-14
"The great flippening 

https://www.buybitcoinworldwide.com/flippening/",2021-05-14
Bitcoin is only a store of value. It's like buying gold and letting it gain value. Ethereum has alot of everyday use. Crypto is just now in the first inning.. Ethereum is on deck. It's time will come. Or another coin thats better will take its place. But it's coming when crypto starts getting alot more everyday use,2021-05-14
"Yes it‚Äôs absolutely possible and personally I believe it will end up like that - though I wouldn‚Äôt like to guess when!

Bitcoin‚Äôs value offering as a technology is now widely known and fairly established. It‚Äôs room for growth as a platform is somewhat dependent upon adoption by major players now - a country using it as its primary currency or a few major banks adopting it will offer a chance for it to keep going. But in terms of innovation there isn‚Äôt going to be anything new to see from Bitcoin itself. Inversely, its huge price might be a bubble that‚Äôs set to burst at some point and even if not it‚Äôs vulnerable to big swings from all manner of influences. Criticism over its poor green credentials may have an unknown impact yet too.

Comparatively, Ethereum has a far wider value offering because it offers more than just the currency (Ether) using its blockchain. There‚Äôs a huge amount to be released in coming months and years that I think will make it the centre of innovation in the field and the focus of attention, while BTC has little to compare beyond novelty. As ETH moves to PoS it will also improve its green credentials and become the environmentally-conscious person‚Äôs choice - probably a major factor for businesses in the coming years when choosing who to work with on new projects. 

Ultimately, BTC has nothing to offer but an inflated coin that is first and famous. ETH has a whole platform to offer and will become increasingly resilient the more projects rely on it.",2021-05-14
We are half way there,2021-05-15
How is that possible when out a cap to the amount of coins that can be mined?,2021-05-14
"Yes, and I believe that it will come very soon",2021-05-15
"Seeing all of the negative headlines in the news lately  surrounding Bitcoin was making me concerned for the overall future of crypto. 

I get that Ethereum has a lot of advantages compared to Bitcoin, but I wonder if it will ever be possible for it to be the ""S&P 500,"" so-to-speak, for crypto.

Thanks for your optimism.",2021-05-14
I also recommend [ratio gang](https://ratiogang.com/),2021-05-15
"According to Vitalik they are positioning to be the web revolution after 5G

(Tim Ferris Show - Ep. #504)",2021-05-14
"**half way there, we are.** 

*-LoftySJ*

***



^(Commands: 'opt out', 'delete')",2021-05-15
There is alot of fud but look how fast eth recovered from those massive dips. It was pretty impressive.,2021-05-14
Sounds good to me! üëç,2021-05-14
Good bot,2021-05-15
"**my day, this made.** 

 *-IamYodaBot*",2021-05-15
"Thank you, LoftySJ, for voting on IamYodaBot.

This bot wants to find the best and worst bots on Reddit. [You can view results here](https://botrank.pastimes.eu/).

***

^(Even if I don't reply to your comment, I'm still listening for votes. Check the webpage to see if your vote registered!)",2021-05-15
They say don‚Äôt put all your eggs in one basket,2021-05-13
The great flippening. Yea dude convert all of your BTC to eth. And tell all your friends to do that too cuz I want my little eth babies to grow up big and strong,2021-05-14
I did but i think youre probably right.,2021-05-13
"This will be great. Staking reward will go from 35-250 %

Great place to stake my UDO and COOK",2021-05-07
Just recently saw news about cohort 4. How quickly time flies.,2021-05-07
"Cool, thanks for the news.",2021-05-07
All of these technologies I think are very promising,2021-05-07
Thanks for the heads-up.,2021-05-07
"In fact, I think this year is simply a breakthrough year for cryptocurrency. There are so many cool projects coming up",2021-05-07
"Okay, thank you.",2021-05-07
Has long postponed his farm on Unifarm,2021-05-07
Really very important event,2021-05-07
"Launch on the BSC, wonderful",2021-05-07
That's cool. Such projects are really promoting the entire industry.,2021-05-07
"Great, the main thing is not to miss this moment",2021-05-07
"I have seen a lot of interesting Defi projects, but I consider this most promising",2021-05-07
It's just a great time for the development of cryptocurrency,2021-05-07
Very interesting project and convenient features,2021-05-07
"Yes, that's for sure. But in this way it becomes more and more difficult to find interesting projects. A lot of Skam, as I think",2021-05-07
I've been able to find quite a few promising projects at the moment. But still not sure about all of them.,2021-05-07
"True. Out of all the numbers, I could only highlight the Polars platform that I'm going to invest in right now",2021-05-07
"The main thing is to have something basic, in which the main amount of money is invested, which is very important to you",2021-05-07
"What gives you access to your wallet is a private key or a keystore+password without it you have nothing.
Check your emails to see any exchanges/wallets etc that you might have subscribed to. If you used an exchange you can indeed login with email and password.
Check your apps and browser extensions on your phone and computer. If you used metamask and still have it installed you can login with the password only.
Good luck.",2021-05-08
How many ETH wallets are there to search for? Feel like you would find it eventually considering you found it when you created it.,2021-05-08
"All I was written to it was ""Ether-Wallet""
I can remember that I were using ethereum Mist in the past, but not sure if I switched to another wallet. 
And when.... there is for sure no keystore. 
I was more into paper wallets",2021-05-08
Do you have your seed phrase?,2021-05-08
"When it was Mist wallet with keystore I am lost
Everything else I try",2021-05-08
Maybe try a usb wallet if you have one or a hdd one. And else just try coinbase and such exchange sites,2021-05-08
"Nope.
Just password and adress
The thing is, which I maybe just had mention before:
I was getting an Email by some dude telling me He knows about my wallet and my problem with access. To that point I had totally forgot about that wallet.
So Ive gone through my documents (papers) and found it. The amount he mention was correct. 
So I started to try recover it 
Without success
Him knowing my Email must mean whatever wallet it is, my Email Adress was part of it.
Data I have = eth adress and PW",2021-05-08
Already gone through all of them. Just coinbase is left where i recover my acc. For some reason it was disabled.,2021-05-08
"He is assuming I have no access anymore. 
He is right.
I didnt answer of course. It smells like scam.
But if I cant access, I have to try fool him to get some info. 
Before that. My last hope is coinbase",2021-05-08
"Sounds like you have the login details to some sort of account. Whatever that account is, it is not your wallet. Your seed phrase is your private key is your wallet.",2021-05-08
And nothing on usb sticks or any drive. Gone through all already,2021-05-08
"But i dont found any phrase or privat key
At least not for eth.
I will continue the search. But in the end i propably have to get into the shady offer.",2021-05-08
How about bitminter or any other mining software wallet?,2021-05-08
Never used mining software,2021-05-08
Are you me?,2021-05-07
"This is the dumb shit that's going to make me leave this sub.  


If your feelings are all caps about any of your investments you're doing it wrong. If you LOVE something only because it's at it's high then you're going to have a bad time eventually.",2021-05-07
"WHO SAID THAT?? I am a long investor... I am not a day trader... Ethereum is the future, and I believe in it!!... I am in AMC to save an American tradition: The iconic Theatre Experience...",2021-05-07
"SORRY - there are just lots of people who are buying on emotion. Sorry to be so judgey, if you're pumped that's great. There's just a lot of people who are running around screaming throwing their money at shit and it's a bit much lol.",2021-05-07
"Etherium is so diverse.... 

To give an analogy: Bitcoin is Gold and Ethereum is Oil.... Oil can be used for many more things than gold, hence can have much greater value... ;)",2021-05-12
In solidarity.... ;),2021-05-11
And still love ETH.... I am as LONG as they come...,2021-05-11
I already know that it will pass btc mark my words,2021-05-03
"$3,252 at the moment...  


Feels like when BTC broke the 3,500 mark and never looked back!",2021-05-03
Lol $3450,2021-05-03
Let‚Äôs take this to $5000 easy,2021-05-03
$3379 now...,2021-05-03
I feel so late to the game having just bought my first ETH three days ago. But I know in five to ten years I‚Äôm gonna be a happy man haha,2021-05-03
Wait til they see the price now,2021-05-03
$3442! You're livin' in the past maaaaaan,2021-05-03
"Yes I have one and I‚Äôm holding till it gets to $20k and beyond. Bought in at $2700. It‚Äôs only going to keep going up. If you don‚Äôt buy now, you will be mad at yourself when it hits $5k in a few",2021-05-04
Dollar cost average your way in.,2021-05-04
"Either way u look at it, if u buy and hold now, your going to do well in the long run.",2021-05-04
You can do 50-50% of both. ETH and BTC are the best coins for a long run,2021-05-05
"If you're planning on HODL'ing then I would say the best strategy is DCA. Don't shoot your whole load at once. Plan to invest steadily over a period of time.

Maybe $100 a weeks

Research shows time in the market beats timing the market.",2021-05-05
I thought the same thing like a week ago at 2700. Sure glad I didn‚Äôt wait,2021-05-05
"should buy, its a long-term investment",2021-05-04
It is,2021-05-04
"Loook at the eco system, how many developers participate in the side projects. ETH is good.",2021-05-05
YESSSS,2021-05-06
Decent buy at 3.2k? Or should I wait for a slightly greater dip?,2021-05-04
Agreed. I was terrified when I bought some a couple of months ago and yesterday's run gave me a lot of confidence that I made a good decision.,2021-05-04
Time in the market beats timing the marketüöÄ,2021-05-04
*Ether way - ftfy,2021-05-05
"So if I invest 1,000 now it would not be as effective if I DCA every week (100 or more) ?",2021-05-05
"The floor is raising my man. If you didn't catch the dip last night then just wait for the next, but it's raising.",2021-05-05
Thats what research says. No one has a crystal ball though.,2021-05-05
Need to buy in before it hits $3k. Do you think we shall see a dip tonight?,2021-04-28
Was I right or what?!!!! ;),2021-05-05
Up and down.....,2021-04-28
"Two steps forward, one step back... Healthy...",2021-04-29
3k!,2021-05-02
üöÄ,2021-04-24
BET holders and players on [EarnBet](http://win.earnbet.io) have been increasing lately and I have been enjoying more ETH dividends every month and hodling those ETH now.,2021-04-24
Awwwww yissssssss,2021-04-22
"Yes, We Advice All Of Crypto Lovers To Buy Bitcoin Or ETH. It is the best time to buy Bitcoin, ETH, And All other Crypto

Buy BTC And ETH Here: [https://www.shiftal.com/register](https://www.shiftal.com/register)",2021-04-22
No issues here,2021-04-19
"good to know thank you! question for you, so i have never bought any ETH before, can i buy it directly with my debit card? Im thinking maybe thats my issue, as i have bought some types of alt coins before that required me to buy BNB transfer to smartchain then transfer into the currency i want. What is the process of buying ETH?",2021-04-19
"If you‚Äôre using binance, then you can‚Äôt buy eth yet, they‚Äôre down for maintenance right now.",2021-04-19
Where are you buying it?,2021-04-19
"trust wallet, but i have a browser extension so i can use other sites to buy and store in trust wallet",2021-04-19
"Metamask has a scam alert claiming they do not promote any forms of ""giveaways"" on Facebook. Any that you receive are scams.",2021-04-16
"never enter your seed phrase anywhere, it's always a scam. if someone has your seed phrase, they can take your crypto. 

the only use of having someone's seed phrase is to steal their crypto. there are no other possible uses.",2021-04-16
Scam,2021-04-17
"Basically they are saying that you have won an award but to receive it you must give them all your money and then they will give you back all your money plus the reward.

The typical money doubling scam first seen at the grand exchange in Varrock.",2021-04-17
Thank you kindly!,2021-04-16
My thoughts exactly!  Thanks!,2021-04-16
No believe it or not you're still early. I've had reoccurring buys through the highs and lows. Buy now buy every dip retire early,2021-04-16
250¬£ per coin? Im not the most bullish person but I honestly dont think we will see eth dipping below 1000$ ever. There might be a 10-30% correction coming up in the next months but it wont matter in the long term. Id suggest not trying to time the market but buying and holding for a couple years.,2021-04-16
.,2021-04-16
I think you should do it!,2021-04-19
"Sounds exciting 
. these comments have given me more confidence. I just feel like it would be going to waste in a savings account. So I‚Äôm going to go for the risk üòé",2021-04-16
"Just bought some more today, sitting on .38. Any PT on this short and long term?",2021-04-18
"I think OP means if their original investment of 500¬£ drops to 250 - basically if ETH's price drops 50%...

and if that happens Id say put in 500 more bc there is a lot being built with it.",2021-04-16
"Advice: keep as much as you‚Äôd need for a couple months of Needs in a savings account anyway, don‚Äôt mess with that. When it is all tied up in cryptocurrency, especially Ethereum right now, it can be hard to access quickly without losing a lot of it. The fees are prohibitive right now so whatever you put in Eth and ETH-based cryptos, you should plan to be able to just PARK that and not need to move it around. I have ~$150 in ETH I can‚Äôt seem to do anything with because I‚Äôll lose half of it if I do anything with it besides leave it sitting there!",2021-04-18
I must have miss understood. Yeah id say buy now and if there is a 50% discount on eth buy more,2021-04-16
Thanks that has explained it a lot better üôè,2021-04-16
My bad I could have explained it better! Thanks anyway .,2021-04-16
"I have been doing that, I was down a considerable amount for awhile but kept building my position and am glad I did. I‚Äôm thinking long term. I‚Äôm also thinking we are early on this lifecycle graph and maybe around the pivotal point highlighted in the following link as ETH and crypto is being embraced by govt, institutions, and the masses at this very moment:

1. Early Adopter Chasm: https://medium.com/@shivayogiks/what-is-technology-adoption-life-cycle-and-chasm-e07084e7991f 

2. Original Theory is [Diffusion of Innovations](https://en.m.wikipedia.org/wiki/Diffusion_of_innovations)",2021-04-16
"1) No. Ethereum is absolutely separate from the ERC20 economy, but I will say they tend to be linked in the short term. Generally speaking, almost every ERC20 token I can think of from five years ago when ERC20 was just kicking off is worth roughly zero (with a few exceptions, namely MKR).

1) (the second). This isn't the first time the block reward has been cut. It used to be 5Eth per block. Ethereum has whats called a ""network effect"" at this point, and that has nothing to do with the actual network. What that means is since so many projects are already on Ethereum, a new project is more likely to launch on Ethereum than any other comparable network. If something disastrous happens in the switchover to Eth2.0, I would expect most people would just stay on the Eth1.0 network.

2) BNB is a token, but what most people talk about in relation to BNB is the Binance Smart Chain, or BSC, which BNB interfaces with. the BSC is effectively a comparable version of the Ethereum network, and personally I use it as a ""high stakes testnet"" since I don't think malicious actors really do much on the testnets, but the memepool games and whatnot absolutely are happening on the BSC.

2a) I think ETH2.0 scaling will work. Once I didn't but the Eth2.0 testnets are exceptionally impressive.",2021-04-15
Buy! It‚Äôs cheap at the moment...,2021-04-15
"If you can hold few years ,then MUST buy!",2021-04-15
"First and foremost. ETH is NOT a store of value. 

It is a vehicle to pay transaction fees. Ethereum is a platform for decentralized apps and eth gives it power. 

This is important because that means increasing the cost of ETH has negative affects (cost to use dapps goes up).",2021-04-15
TRON surpassed eth in usd stable coins on its network..fees are way way cheaper. TRON is 16 cents so...do the math there on how much network success or performance drives price of main coin:,2021-04-15
Thanks so much for your reply! Very detailed. Sorry for screwing up the numbering lol. Fixed it for the future. But yeah everything you say makes sense.,2021-04-15
"But with proof of stake, all the computing power comes from ETH holders. If ETH is worth 0 then nobody will be incentivized to stake and this would still have detrimental effects on dapps no?",2021-04-15
What are your thoughts on the idea that any block chain will get higher transaction fees/sustainability issues as the network increases?,2021-04-16
"Even if eth is worth 0.00001 people will still be incentivized to stake. 

Actually a layer 2 solution MATIC/Polygon does this already for Ethereum and the APY is ~20.00%. The cost of the token is 0.43 and the gas fees are almost zero.

Imagine swapping tokens on uniswap almost for free.",2021-04-15
I‚Äôm not sure what you‚Äôre asking? With any network as it grows massively over night there will be sustainability issues and a token that shoots up. However a good system should self regulate and not bone the users for transaction fee gouging. The stability tends to sort itself out over time as more people join or if you‚Äôre in a newer system where you can introduce yourself through protocol or community vote.,2021-04-16
Can you explain how they would incentivized to stake and gain interest on something worth .00001?,2021-04-16
4k-9k this Christmas,2021-04-13
This article has aged well lol,2021-04-14
Not Christmas yet,2021-07-28
Buying that 2 ETH is the best decision you‚Äôve made in your life so far üíé,2021-04-13
Late? You‚Äôre early! I think you answered your own question. If you trust it and like the technology then there‚Äôs your answer! Just keep researching and you‚Äôll become even more confident in your investment,2021-04-13
Not late bro.. getting in on BTC at 2200 would be like a no brainer.. Party just getting started!!! 10k by Dec,2021-04-13
"I‚Äôve been telling people about eth since 2017 and literally everyone in my classes would roll their eyes.. now ha.. look at the price


I think the value is super low compared to how came changing it could be. 

No FA",2021-04-13
"late man the fun 

has only just begun welcome to the fam friend.",2021-04-13
Never too late!,2021-04-13
"Rogers Bell Curve my friend. You missed the basement stages but we are still at the ground floor. What likely brought you here is exactly the reason I say this. We have hit a pivotal moment where business, govt, and retail are all accepting the technology and backing it with real resources and new use cases are popping up everyday. Certain ones are even maturing and proving their worth. To the moon! üöÄ[Rogers Bell Curve](https://en.m.wikipedia.org/wiki/Technology_adoption_life_cycle#/media/File%3ADiffusionOfInnovation.png)",2021-04-14
$ETH üöÄ the fundamentals are there.,2021-04-09
I‚Äôm newbie in defi but their content on YouTube is really helpful,2021-04-10
I dunno what about using their wallet but it sounds great so I think I should try,2021-04-10
i can see back staking made peak stronger,2021-04-10
good job peakdefi team when okex listing??,2021-04-10
also there‚Äôs a rumour about NFT,2021-04-10
"pls keep us informed, wallet looks like a great option for beginners",2021-04-10
yes for you this wallet is a go,2021-04-10
I saw their vid about NFT,2021-04-10
They predicted the future,2021-04-10
+,2021-04-10
try I‚Äôm telling u that‚Äôs a go for u,2021-04-10
Back!? Maybe bsc?,2021-04-10
I saw the info that the team is working at this point,2021-04-10
What is the rumour dude!?,2021-04-10
Ok mate thank you,2021-04-10
Mind blowing everyone is making their own NFT lol,2021-04-10
"That‚Äôs why I‚Äôm wondering about their project! Their content is great, they educate well!",2021-04-10
yes u got it right,2021-04-10
oh NFT in September check their roadmap,2021-04-10
Yeah man I knew,2021-04-10
Sounds great! Why not now? NFT is gaining attention now,2021-04-10
NFT is everywhere,2021-04-10
i think we might see a nice run up to Coinbase‚Äôs IPO on the 14th.,2021-04-06
Glad I bought some before all the NFT craziness started,2021-04-06
I wouldn't put it past eth to have a week where the market cap doubles. To some it feels like it's already late in the game but I feel that kind of price movement is still possible for eth.,2021-04-06
lol I doubt a week but there's no reason to not expect a large steady climb over time,2021-04-06
Just come back here on July 2021 and you will know that this prices are a joke,2021-04-06
I think the failure of the show of force on the 1st has helped push the price up. I‚Äôd love it to be at or above 3k this month! I am expecting it to rise a lot at we approach the summer and we get 1559,2021-04-07
[deleted],2021-04-07
We might hit it in my dreams,2021-04-07
One week is around the same time as the Coinbase IPO so once that happens I think it will open up a lot more regular people to crypto and a lot of people will start buying eth.,2021-04-07
Once crypto companies start doing IPOs and even more traditional investors and regular people are exposed to crypto we‚Äôll see crazy amounts of money put into crypto.,2021-04-07
"Good thinking, once that happens I think we'll hit $3k and go up even more from there.",2021-04-07
And the NFT market is going to get way bigger than it is right now. We haven't seen the peek of the craze and that will be very good for eth. How big do you think the NFT market could get?,2021-04-07
We'll still have periods in a run where some crazy price increases happen.,2021-04-07
3k too high or too low?,2021-04-06
In July We could be at $10k eth. A lot of people will be complaining that they didn't buy in at $3k at that point.,2021-04-07
"Mining can't stand in the way of PoS, staking is the future.",2021-04-07
Yeah the failure of the show of force showed that nothing can really stop eth. We‚Äôll enter a new bull run way stronger than before.,2021-04-07
What,2021-04-07
"**hit it in my dreams, we might.** 

*-JollySno*

***



^(Commands: 'opt out', 'delete')",2021-04-07
If you don't buy in early you'll always be dreaming of what could have been.,2021-04-07
The crypto market cap could double once that happens.,2021-04-07
hope so üôèüôè,2021-04-07
way too low,2021-04-06
"We're going to be way past $3k in July, eth is going to be going up a lot.",2021-04-07
I really hope so.,2021-04-07
"We're about to go on a massive bull run, you should buy back in soon.",2021-04-07
RemindMe! 3 months ‚Äúwhat is current Eth price?‚Äù,2021-04-07
What do you think the price will be in July? How high do you think we'll get?,2021-04-07
"I will be messaging you in 3 months on [**2021-07-07 09:32:07 UTC**](http://www.wolframalpha.com/input/?i=2021-07-07%2009:32:07%20UTC%20To%20Local%20Time) to remind you of [**this link**](https://www.reddit.com/r/eth/comments/mlpl4l/when_do_you_think_well_hit_3k_i_think_we_could/gto4myj/?context=3)

[**1 OTHERS CLICKED THIS LINK**](https://www.reddit.com/message/compose/?to=RemindMeBot&subject=Reminder&message=%5Bhttps%3A%2F%2Fwww.reddit.com%2Fr%2Feth%2Fcomments%2Fmlpl4l%2Fwhen_do_you_think_well_hit_3k_i_think_we_could%2Fgto4myj%2F%5D%0A%0ARemindMe%21%202021-07-07%2009%3A32%3A07%20UTC) to send a PM to also be reminded and to reduce spam.

^(Parent commenter can ) [^(delete this message to hide from others.)](https://www.reddit.com/message/compose/?to=RemindMeBot&subject=Delete%20Comment&message=Delete%21%20mlpl4l)

*****

|[^(Info)](https://www.reddit.com/r/RemindMeBot/comments/e1bko7/remindmebot_info_v21/)|[^(Custom)](https://www.reddit.com/message/compose/?to=RemindMeBot&subject=Reminder&message=%5BLink%20or%20message%20inside%20square%20brackets%5D%0A%0ARemindMe%21%20Time%20period%20here)|[^(Your Reminders)](https://www.reddit.com/message/compose/?to=RemindMeBot&subject=List%20Of%20Reminders&message=MyReminders%21)|[^(Feedback)](https://www.reddit.com/message/compose/?to=Watchful1&subject=RemindMeBot%20Feedback)|
|-|-|-|-|",2021-04-07
"We're going to blow past $3k, the real reminder you should set is asking how much people lost by not buying in earlier.",2021-04-07
Lmaooooo,2021-05-10
My body is ready for $10k ETH,2021-04-02
"assuming that ETH were to hit 3k or even 4k at some point during April, should I be trading all of my BTC for ETH? And then when ETH starts going down again I buy BTC? Is that a good plan or not idk.",2021-04-02
You can ask this on /r/ethstaker,2021-04-05
"Look for Rocketpool, as soon as the platform launches, I think it will be quite relevant",2021-04-05
What a lot of questions about this right now,2021-04-05
"There are several platforms that allow you to move your validator to a platform node. I will try to find ""validator as a service"". I liked bloxstaking the most among these platforms. But see for yourself what suits you best",2021-04-05
Thank you. I didn't know there was such a sub,2021-04-05
"Thank you, I'll look into it.",2021-04-05
The platform is really promising. I'm waiting for the launch as well.,2021-04-05
"I didn't know there were such platforms, thanks for the information",2021-04-05
Interesting. I'll check it out.,2021-04-05
I'm guessing you meant to say PoS and it might be hard to get all 115 million eth to be staked. I'm curious to see what percentage of eth would be staked.,2021-04-02
"Well, you can research the information more accurately at /r/ethstaker. 

But for a quick tip rocketpool or bloxstaking. Both platforms are quite interesting",2021-03-29
Have you tried running and configuring the node yourself?,2021-03-29
Also on the lookout for safer platforms,2021-03-29
"I agree. In fact, there are more options. But I would choose between these",2021-03-29
"Still, I don't want to get into technical manipulations. But I'm still thinking about this option",2021-03-30
"In fact, not all platforms really have the non-custodial protocol as non-custodial. Bloxstaking does have a rather interesting design for interacting with keys that are stored as an encrypted copy",2021-03-30
There is an application that will make it easier to set up a node - strongblock. It might come in handy,2021-03-30
Thank you very much for that advice. I will have a look at these platforms,2021-03-30
"I have heard of multiple of these being used for NFTs which is the most popular?  


Also any good resources for Minting yourself?",2021-03-24
"great post that,   Fabian Vogelsteller is the creator of the erc 20 standard, now hes working on lukso, cant wait to see what he does next.

#",2021-03-24
Nicely written out. The most frequent question I get from new entrants to the space is the difference between ERC-721 and ERC-1155's.,2021-03-24
You can look at rocketpool.,2021-03-24
I don't even know what to recommend.,2021-03-24
There are so many platforms for this now...,2021-03-24
Look at /r/ethstaker,2021-03-24
"You could try using Bloxstaking, maybe that's what you're looking for to run a validator. But as far as I know they don't have a staking pool yet. There are really a lot of custodial platforms now, and non custodial staking is very hard to find",2021-03-24
Thanks,2021-03-24
"Okay, I'll take a look.",2021-03-25
"Oh, good. I'll give it a try.",2021-03-25
hmm... I think Equilibrium team was already doing great things in DeFi. They built qualified product to serve an underserved community. I really like the way they work.,2021-03-31
"If you can set up and run the validator yourself, it's better this way.

There is an easier way to run it. Bloxstaking allows you to run the validator. It is completely non-custodial.",2021-03-22
Run your validator and configure your node. The main thing is that the system requirements are suitable,2021-03-22
You can look it up on rocketpool. That might be the answer to your question.,2021-03-22
You need to look at /r/ethstaker,2021-03-22
Thanks for the tip. I'll give it a try.,2021-03-22
"Still, it's a more complicated option",2021-03-22
Thanks,2021-03-22
"Okay, I'll look into it now.",2021-03-22
Hard to say for certain. ETH does have a great Network built so I trust it for the long term. Ultra Sound Money. Not financial advice of course,2021-03-18
I'm interested!,2021-03-09
"In addition 
I‚Äôm trying to see how we can use smart contracts in real a world setting
If every smart contract is tied with a currency then we‚Äôre going to have so many currencies lol",2021-03-09
"Zerion+Matic 

üôÇ",2021-03-05
"ADA is not ""decentralised like ETH"".

It uses DPOS, which isn't really truly decentralised, and it has only around 1000 total validators. This number is unlikely to grow significantly due to the high barrier to entry, and that most people will need to delegate their stakes to these **centralised** staking pools.

ETH 2.0 has over 100,000 individual validators already, and growing everyday. It allows users to run their own validator, rather than having to delegate their stake to a third party pool operator.

Not to mention, that many of the ADA validators are actually still centralised. There is a plan to switch off all the centralised ADA nodes later this year. However the developers are able to switch them back on at anytime, and can in theory take 100% control of the blockchain whenever they want. Again, there is a future plan to hard fork and remove this control, but it is unclear when that will actually happen.

Cardano, in it's current form, is extremely centralised, just like BSC. While they do have a roadmap, it is less ambitious, and less progressed than the ETH 2.0 roadmap.

Here is a run down:

**ETH 1.0**

* Fully decentralised, proof of **work** (POW) blockchain
* Working smart contract platform, with proven 100% uptime

**ETH 2.0**

* Fully decentralised, proof of **stake** (POS) blockchain, without the need for centralised staking pools
* Smart contract platform still in development

**Cardano**

* Partially centralised, partially **delegated** proof of **stake** (DPOS) blockchain. However a move to a fully DPOS blockchain is in progress. DPOS, once fully achieved later this year, still requires centralised staking pools.
* Smart contract platform still in development",2021-02-28
"\>(and soon ADA)

I wouldn't expect a 4 years old smart contract platform that still has no smart contract to deliver anything on the date they claim they will.

Also BSC is literally not a crypto. It's just a regular centralized website you can run solidity code on.",2021-02-28
"If you don't want to use/buy ETH, don't.  There is a battle raging right now - from my (admittedly limited) understanding - that will potentially reduce gas prices.  It will also burn a small amount of ETH per transaction while keeping the same market cap - a rising tide lifting all ships.  It is bonkers to me that miners are as opposed as they are.  It has shades of coal energy vs renewables.    


Yes, you're making tons of money right now - but you're sacrificing the long term viability of your network to do so.    


But hey, you wanna drive the price down?  Fine - I still believe in the network in the long run, with EIP 1559 and ETH 2.0 in full force years down the road.  I'll keep on buying dips where I can and HODL.",2021-02-28
Also - The Cardano has moved $14.7B for $7.4 grands in transaction fee whereas ETH moved $13.48B for $26.35M in last 24 hours.,2021-02-27
"Personally for me it‚Äôs about fundamentals. Fiat currency is fundamentally corrupt at some point along the way. (IE the 3 trillion dollar print out by US fed). 

At least crypto has a fair chance of not being corrupted.",2021-02-24
How sick are you of hearing the same thing from these naysayers over and over? What's a way we can keep pushing real crypto information to counteract these people?,2021-02-24
I'll lose interest in selling.... So thats kind of the same right?,2021-02-25
"Crypto is two sided ways, it's either a bull run or a bearish season. If you are old enough in this space you definitely should understand how it works. 

I'm not selling any tokens in my portfolio, but instead it's a chance to accummulate more, personally, I'd be getting more MATIC, JULD, XED, DOT and SCIFI. 

It's a normal to have dips, it depends on what you do with it.",2021-02-25
Very true! So many people sell the minute the price fluctuates.  It doesn't work like that. I've had ORO for a very long time and I hold it regardless of whether it dips or not because I know the long term is looking good! I've been holding tight for the remarkable unifarm APY. The same with XLM and DOT,2021-02-25
"This posts is as narrow minded as the argument it‚Äôs countering. It negates the hundreds/thousands of individuals/channels out there that not only support the mining community, but also teach and educate it. 

If anyone‚Äôs basing their faith and confidence in the market on the bandwagoning mentality around then, then they have no business investing at that point until they take it upon themselves to educate themselves. 

Not trying to be a dick here, but this is literally life 101.",2021-02-24
"Personally for me crypto its also corrupt or would it be. Because the problem its not the government, it is the humanity and the greed. The crypto doesnt eliminate greed, even feed it, a lot, with steroid, a cocain, and chocolate. Huge, addicted and fat...",2021-04-18
Why would you say fiat is fundamentally corrupt?,2021-02-24
"No need friend. I find the rising price does all the talking. A few % of people come around every time new ATH is broken.

It's funny to realize how so many of our human peers live with their heads up their asses. They are content serving us coffee.",2021-02-24
"Not the least bit. Why would we need to ‚Äúcounteract‚Äù anyone? The last thing we need now is even more people on the hype train.

You do you and them do them. Don‚Äôt push information onto those who haven‚Äôt asked for it.

If anything , I‚Äôm more annoyed with the Messiahs who can‚Äôt stop trying to convince other ppl about what they should ‚Äúinvest‚Äù in.",2021-02-24
"I never advised anyone to blindly buy I told people to do their own due diligence in my post. I'm telling them to be mindful of bearish people that are extremely fairweather when it comes to crypto, have no real knowledge in this space and frankly have no idea what they're talking about. 

My post was clearly anti bandwagon and pro due diligence but also pro crypto. ""Taking it upon themselves to educate themselves"" is clearly something I promoted in my post. I understand the point you're trying to make but the truth is nothing good really comes from listening to people that don't know what they're talking about and those are the kind of people I was referring to in my post.",2021-02-24
Nice man nice!,2021-04-18
Because it can be printed and manipulated by a select few imo,2021-02-25
It‚Äôs ‚Äúgovernment‚Äù made money and government is corrupt. Look around.,2021-02-24
Disinformation should definitely be counteracted. It's not good to allow lies to spread about. And I don't plan on preaching about crypto to people that aren't interested in it.,2021-02-24
It‚Äôs the same as an overly religious person pushing religion on innocent bystanders. Or those darn vegans.,2021-02-24
"Fair enough. Props to you for pushing optimism in a space where others capitalize on the lack of it. 

I do get what you‚Äôre saying, but to me this just screams ‚Äúparticipation trophy‚Äù.  Just seems like common sense.",2021-02-24
Crypto too :D,2021-02-28
[deleted],2021-02-25
"> What's a way we can keep pushing real crypto information to counteract these people?

> And I don't plan on preaching about crypto to people that aren't interested in it.

Could you clarify what you actually mean, then, because those statements seem contradictory?",2021-02-24
"Thanks and all I'm trying to do is make the truth easier to see, I'm not trying to push info on anyone that doesn't want it. And it may seem like common sense but if that were the case we wouldn't have the same people hopping on tv and repeating the same thing each and every cycle. It seems common sense is very lacking when moneys involved.",2021-02-24
"Anyone can create a crypto coin, but certain coins will only ever have x amount in circulation. Once that amount is hit, no new ones can be made",2021-02-28
"Correct, I misspoke. I‚Äôd also like to correct ‚Äúcorruption‚Äù and replace it with manipulation",2021-02-25
Yeah Right ... I agree BUT crypto dipping these last days is a result of big whales like f2pool dumping large amount of (let‚Äôs say) 4k btc within an hour on exchanges to buy lower thru the panick sell people are going into,2021-02-28
"Even then, it's better than fiat money because you only have centralisation to worry about, not printing money for free.

And if you don't like it there's Cardano, which is very decentralised (I remember only 26% of the people own substantial amounts, compared to 80% in Bitcoin). I don't have the source link since I don't remember on what post I read it.",2021-03-04
"1. I moderate /r/ethdev, and formerly moderated a few subs for an old employer. (I used to moderate /r/etherdelta before I had a conflict of interest with my job, and before that whole project was sold and fell apart.)

2. USA/Eastern

3. I've been involved since 2015, and my focus has been Dexs since that time.

4. My moderation focus is usually anti-spam and answering technical (usually solidity) questions.

5. I've been passively following DeFi since my startup collapsed, so that's probably the answer here.

6. I know my automoderator rules well.",2021-02-23
"Hello,

Happy to apply

1. Very experienced and was a mod for r/playrust for a year which has over 250,000 members on a previous account

2. Understand rules and how things should flow

3. Very active, australian AEST time so i can moderate at off peak hours for reddit

4. I feel the sub as a whole needs abit of a refresh and more life, which i could definitly kickstart.",2021-02-24
"1. Mod r/pga r/xDAI and several others. Experience in design, community building, strategic partnerships, modmail, and subreddit organic growth.  
2. PST. Daily
3. Crypto commentator + LinkedIn newsletter. YouTube 1000+ subs, LinkedIn 500+ subs
4. The go-to subreddit for Ethereum mainnet and Level 2 intelligent, well-informed discussion.
5. Level 2 solutions like Binance Smart Chain, xDAI, Matic, and all attempts to utilize Solidity in EVM solutions.
6. The potential for r/ETH to scale with strategic growth initiatives, to me, is readily apparent with a core mod team with an inspired long-term vision.",2021-02-24
"1. I moderate [r/ethdev](https://www.reddit.com/r/ethdev/), and formerly moderated a few subs for other companies in the crypto sphere.
2. GMT+1 office hours
3. I've been involved since 2016, and my focus has been smart contracts 
4. My moderation focus is usually anti-spam and answering technical (usually solidity) questions.
5. Looking deeply in l2 solutions and new defi projects, to build out more liquidation bots.  


Sorry u/dillon-nyc, seemed like we have much in common, so I took half of your things ¬Ø\\\_(„ÉÑ)\_/¬Ø",2021-02-24
"I'll apply to help out:

* I run /r/EthDev ( we've linked to /r/eth in our sidebar since forever, feel free to link back ).

* Got a good historical understanding of how crypto-communities in the past have derailed due to having the wrong people gathering too much power and the effects it had on projects ( having witnessed the /r/Bitcoin fork, as well as Ethereums TheDAO fork - from a front seat and how the subreddits played a great part of how the stories unfolded for better, or for worse ).

* I'd be happy to offer advice on how to prevent these hostile takeovers from happening, and how to uphold democratic values in subreddits which are heavily top-down oriented by nature. I believe the integrity of the communities to be especially important for decentralized society-changing technologies like Ethereum, and for this reason I'm known to be more strict toward moderators than toward users. 

* My philosophy has always been: preventing abuse by moderators and keeping communities the property of the public, as much as feasibly possible. Practically, you can (easily) maintain integrity by creating a climate where moderators have to respect the users more than the other way around.  I believe this to be key. The users are your guests, and the moderators should **help** them (not *rule* them). I can offer you advice on how to build and maintain such a healthy balance.


* Some key differences between the Ethereum-related subs that I am familiar with:

 At /r/EthDev we are open to recruiting new moderators all year round, and we have perhaps the biggest number of moderators in any crypto sub ( a total of 31 , for 35k users ) to ensure openness.

 /r/EthTrader wishes to keep the team small ( 6 people, for 1 million users ). That's another way of running a sub which I personally find risky in the sense you need to have more luck in having the ""right select few"". This *can* work with the right people onboard. But this can also fail with the wrong people. If you opt for such a strategy, /u/carlslarson might be happy to help you out for the selection process and giving you tips, he's a great person.

 /r/Ethereum is run mainly by a highly-thrustworthy team of people who've done a lot for the Ethereum technology ( 13 people, for 700k users) . Having one of them to join your moderation team always seems like a valuable choice imho.

* I can help on some technical stuff ( setting up automated spam filtering, similar to what we use )

* You can always contact me for help or advice, regardless of which vision you decide to apply for this subreddit.

I hope these extra bits can help you get an idea of how you could form the /r/eth subreddit.",2021-02-27
"Hey I‚Äôd be delight to help!

I believe we share a lot of similar values (for Web 3.0). As the founder of the 2018 ico livetree, we are now finally technically capable of building the vision of Web 3.0. Having recently learned Rust I‚Äôll be discussing eth gas to the Polkadot ecosystem governance along with how it fits our Netflix video infrastructure tomorrow https://www.livetree.com/web3/
Perhaps we could talk then?",2021-03-22
"1. I have helped moderate /r/CryptoTechnology and /r/CryptoRecruiting since 2017. I'm good with css, managing submissions/comments, modmail, and pretty much everything with modding except for automod, but I am an experienced developer so I could figure that out pretty quickly I'm sure.

2. EST, I check reddit multiple times a day throughout the day, usually from 7am to 10 or 11pm.

3. I started mining BTC in 2012, I've held eth since 2016, I've done some side projects that integrate with eth, I'm running a staking node, I'm part of metagame, and I'm a /r/CryptoTechnology and /r/cryptorecruiting moderator.

4. I'm just trying to help keep misconceptions, FUD, and FOMO at bay. Help manage realities and expectations. I'm very long on eth, and don't want people to be scared off from crypto because of its volatility, or because they want a moon lambo. The actual real possibilities eth can solve, like decentralized banking, governance, DAOs, etc are the exciting parts. Moon lambos are also cool lol.

5. I follow Ethereum development, chain link, the graph, matic (now polygon), and metagame. I also follow sassel0x's videos/podcasts/twitter, I watch the dev streams occasionally too.

6. Long term, I'd like to help make something like Reddit combined with Patreon that has decentralized governance per subreddit, to financially incentivize good content, and disincentivize low effort posts and reposts.",2021-05-03
I cannot vouch for this guy... But he seems legit?,2021-02-24
"New floor or not, new high or not, if you believe in it‚Äôs value and have the expendable money then it is always good to buy. If it goes down, average down and smile. If it goes up, average up and smile.",2021-02-23
I bought more. But who am I? Just a boy with a dream,2021-02-23
Yes.  It looks good to me.,2021-02-24
That‚Äôs awesome!!!! Anyone know if I can add this form of payment to my Shopify?,2021-02-21
Is it ShopPay  that takes crypto?,2021-02-21
For all comment readers - 10% off any order using the code 'crypto' at check-out,2021-02-21
Noice,2021-02-21
"Yes you can. I am using Shopify as well.

&#x200B;

Add Third Party Coinbase and CoinPayments - give me a shout if you need help",2021-02-21
Shopify can integrate with Coinbase and with CoinPayments,2021-02-21
"i am thinking of buying stuff but cant figure it out,",2021-02-21
Gunna add this today. I‚Äôll hit you up if I get stuck.,2021-03-07
OHHH< I see! Interesting!,2021-02-21
Where are you getting stuck?,2021-02-21
How did it go?,2021-03-11
You're welcome mate!,2021-02-21
I‚Äôm buying every dip,2021-02-21
[deleted],2021-02-21
"I have a stop on my ETH that will pull me out a fair bit before I make a loss. However, I expect a bumpy ride and will buy more in the dips.

I‚Äôm fairly confident that ETH will gain mass adoption and those of us holding will do nicely when it happens.

I‚Äôve been tracking ETH against the rest of the market and it still looks pretty healthy.

Never counting chickens, though!

Moo the tune. üöÄüêÆüé∂",2021-02-21
"IIRC, the Berlin hard fork is currently scheduled for April 16 - I could see that shaking the confidence of Old Money in the crypto and encourage them to sell which could lead to a dip. Ideally, these are necessary growing pains which lead to stable/reduced fees in ETH 2.0 (including burning ETH, which could potentially drive the price significantly higher)",2021-02-21
"I haven't seen anything to suggest ADA will work with ETH. If anything ADA is set to supplant ETH in many instances. There are already alot of projects that have committed to jumping ship because of the fees. 


Hoskinson literally said just the other day that because of Ethereums inability to scale and upgrade combined with their high fees that this is why Cardano kicks Ethereums ass.


He also said that there is still a place for Ethereum as they work to get their fees under control. 


BTC and ETH also need to work hard at reducing their carbon footprint. The world will start to become anti both of them as they begin to understand how much energy and cost is associated with mining them.


I am a holder of all of them. Just telling it like it is.",2021-02-21
I'm trying to buy a little every month.,2021-02-21
Hope eth2 corrects this. Do you have ada? Cardano is supposed to have these issues corrected,2021-02-21
I'm betting on this too. Up to my knowledge eth2 will be under the same ticker eth correct?,2021-02-21
"EDIT: April 14 ETA for the hard fork, not April 16",2021-02-21
"From everything that I've read, that's correct - ETH now and in the 2.0 system will remain under the same ticker/no need for manual conversion of any type.",2021-02-21
"Many people minted coins and loaded them with ETH, BTC,LTC etc. in the past and even now as a collectible item.

Might be a good idea to post a picture of it so someone could help you more easily. If the coin came in an authentication case and you opened it make sure no details like private keys or anything are visible in the picture.",2021-02-16
"Basically eth and gas fees is what happened. Its too high and it cost you dearly, sorry",2021-02-13
Why did you exchange ETH for USDT instead of just selling on an exchange for USD?,2021-02-16
Holly fuck what's the fucking issue with that bullshit,2021-02-13
I sent usdt to another usdt...,2021-02-16
"It's fees, bigger the price, bigger the fees, same as bitcoin, it can't be sustained, may I recommend something else, like nano, ada, zil",2021-02-13
wow,2021-02-10
Something something.. too good to be true.. something something?,2021-02-11
"BTW, I just saw this notice in the community Telegram... if you installed yesterday, you have to update:  


‚ö†Ô∏è‚ö†Ô∏è NOTICE ON LATEST INSTALLATIONS ‚ö†Ô∏è‚ö†Ô∏è

A bug introduced in the demo trading system Lightning Strike was causing backtests during the Welcome tutorial to not work. If you installed Superalgos within the last two days, you will likely run into this issue. The solution is to update now.

To update from within the app, open the Docs tab on the left hand side and type the following command in the search box:

app.update

Then close the browser and the client, restart, and resume the Welcome Tutorial. Let us know if you run into any issues.",2021-02-11
"Super noob question, but what benefit does this have?",2021-02-13
"Whats the learning curve on this like?  I've done some day trading previously when I had some time and didn't do badly, but my problem is I simply can't dedicate my life to do it, I'm also hesitant that I could easily fuck up and lose a load of money so don't want to leave my current employment for it.

Are there any low return examples that a newbie can initiate and just watch to see how it works and possibly at least cover costs?  Or is it a very much, here's the software, now learn a metric fuckton, and very good luck?",2021-02-17
That's what I said ;-) Wait until you do the tutorial... it's kind of mind blowing...,2021-02-11
"The skeptic approach is the right one in anything crypto / trading related. So, do your homework and decide for yourself... I just saw this article shared in the Community Telegram, which seems appropriate: [https://medium.com/coinmonks/crypto-trading-bots-how-to-avoid-scams-and-pick-the-best-one-feaf5be7b71](https://medium.com/coinmonks/crypto-trading-bots-how-to-avoid-scams-and-pick-the-best-one-feaf5be7b71)  


The author is part of the team, and seems to agree with you that you need to approach this kinds of stuff with care...",2021-02-11
I installed today and am up to date on patches but running into a (seemingly) continual loop on the tutorial of backtesting -- waiting for lightning strike to be run for \~hour?,2021-03-05
"If you know nothing about trading or trading automation, then you may learn a thing or two. If you find the space interesting, it's a great way to get started... Very deep rabbit hole... be warned ;-)",2021-02-13
"There is a learning curve, no doubt. But there are tutorials and a few strategies you may play with. There's also an active community to engage with... If you know about trading, then it's all about building a trading system, that is, describing the rules the govern your trading...",2021-02-19
I wish you nothing but good fortune! ;),2021-02-11
"You probably didn't run the Backtesting Session. After running the task, you must run the session...",2021-03-12
This is a rabbit hole indeed. I‚Äôve always wondered how one could capitalize on the 24/7 crypto market-this is it!! Thank you kind stranger :),2021-02-13
Enjoy my friend!,2021-02-15
Join 2nd Mint Drop: [https://vtoken.io/drop](https://vtoken.io/drop),2021-02-09
"there's a great tutorial here

[https://www.youtube.com/watch?v=54buLNM45Rs&ab\_channel=PromoTeamChannel](https://www.youtube.com/watch?v=54buLNM45Rs&ab_channel=PromoTeamChannel)",2021-02-09
Why 2024?  What happens then?,2021-02-05
Eth 2.0 should be fully live by then,2021-02-05
It could be huge and I mean huge potential,2021-02-05
That‚Äôs what I‚Äôm hoping I‚Äôve read stuff saying 20k over the next few years but I‚Äôve seen some stuff saying 80-100k.,2021-02-05
I‚Äôm trying to buy up as much as I can. I‚Äôd like to have at least 5 shares before it goes crazy,2021-02-05
Edit: ETH just hit a new all-time high.,2021-02-02
it's 1500$ NOW!!!!!!! SO CRAZY,2021-02-02
Dip,2021-02-02
"We penetrated a double top, so it‚Äôs most likely that the range from 1400 to 1500 gets played for awhile before we move on toward the inevitable $2000. Lots of selling at and just under that to come.",2021-02-02
Can you see a dip coming,2021-02-02
"From looking at the charts you cant predict because so much goes into it. Charts just give you a good narration where your triangle breaks from a 4hr, 12hr,  24hr and 3day. It looks like all 3 have broken upwards I'm not exactly sure about 3 day but the target looks to be around 1800 but I don't think it will stop there. I believe it will extend to the 2 spot which is coming in at 1980 to 2025. Also do remember we have CME's coming the 8th. Last time when CMEs were introduced to bitcoin the price was around 14k and ran to 20k in a few day then down it went. I see a solid break up for 4 to 5 days but I would lean on the side of caution especially if the extension is hit around 1800 up to 2000. I could see a pull back to 1110, and then with coinbase ipo coming out in end of February first of March I could see another drive up. If it breaks 1110 I would look for a bounce at 960 then final bottom around 750 to 775.",2021-02-03
"Buy low sell high is always the goal. Right now it‚Äôs all time high, so...

Not financial advice, because I‚Äôm not qualified to give it.",2021-02-02
"Yes and no, but yes, but no

Just DCA baby",2021-02-02
..What dip?  I sold a bunch at 1543 to take some profit and have waited for a dip to buy back in ...... nothing.,2021-02-03
"It all depends on an asset. If you really wanna buy something now, get some CRBN as that one will only keep going up the closer the beta launch approaches, and if you aren't in a hurry, wait for a dip and get some ALBT as that one is a sure bet",2021-02-05
With bitcoin rallying and leaving Eth behind a bit eth should break up to 2000 then probably have a cool off before it reaches upward of 2500 if bitcoin stays in a range. We should be healthy uptrend for 3 to 5 days,2021-02-09
Theres a big wall at 2k if we break the sell wall look out. ETH could really run for .05 of a btc,2021-02-09
I would wait for the dip. It‚Äôs been a bit unnaturally crazy for 24h. I wouldn‚Äôt be surprised if it kicks down a bit in the next few hours... but I could be totally wrong too. Not financial advice etc. Don‚Äôt listen too much to what I say.,2021-02-02
"Double too? It looks like this was the 4th test of 1400, could be a solid breakout into price discovery, no?",2021-02-02
Thanks!,2021-02-02
Whats a good number to sell at?,2021-02-02
"Yes, what you say sounds right, but who knows",2021-02-02
I have no idea,2021-02-02
"There are no cards that are affordable.

i guese 6900xt would be possible. But they have a ROI of 7 Months ...",2021-02-02
"Another ATH, and then another, and perhaps even another?!",2021-01-28
That‚Äôs awesome,2021-01-24
"If you don't mind me asking, how much does it cost to mint an NFT as of late?",2021-01-25
[Rarible](https://app.rarible.com/token/0x60f80121c31a0d46b5279700f9df786054aa5ee5:102386),2021-01-23
[OpenSea](https://opensea.io/assets/0x60f80121c31a0d46b5279700f9df786054aa5ee5/102386),2021-01-23
Thanks,2021-01-24
"This one was around 0.03 eth.

I‚Äôm not rich, so I‚Äôm hoping a sale of this one would cover the cost of minting more of my art",2021-01-25
ETH getting this ATH in time of bearish run by a lot of other alts is surprising,2021-01-20
It really is 2017 all over again,2021-01-11
"Ah, sounds legit üëç",2021-01-13
"I‚Äôm a total noob, but I‚Äôve been actively learning. My take is that BTC has found mainstream adoption as a hedge against inflation and delivers on it. ETH offers a different narrative, one that has yet to be proven to the mainstream due to scaling issues. When ETH can deliver at massive scale, then the investment community and retail will FOMO in.",2021-01-10
"I've been interested in crypto for defi purposes,  I'm not a fan of government or the unfair advantages of unethical practices of large corporations.  I believe blockchain and smart contracts can disrupt.  I'm  not really bright enough to really understand the tech or code outside theory... that being said I invest in those I believe in,  those that excite me... more so in those who I think can make me some monies.",2021-01-13
That's brilliant news that people are actually wanting to know about the technology...I have to admit bit coin makes excellent gold but is very old and outdated tech... I think I could come up with better DAPPS than what is currently available and I am still learning but the technology should always be priority number 1 that's kind of why I stopped looking at BTC and investing in it...XMR is a coin which is still a bit hard to store for super noobs without being scammed and having you money stolen from cranky hot wallets and ETH needs time to progress...,2021-01-10
"For example: https://youtu.be/ZQmoLOB7580 

Chamath doesn‚Äôt care about Defi right now. And he is right. Consumers don‚Äôt care about technology, they care about convenience and utility. I hardly know of any projects on crypto that are consumer centric, with the exception of BAT/Brave.",2021-01-10
That is true we need better DAPPS that are easily to use to make the ETH econ better but there are some coins which I would rather happly see thrive in technology that being consumer friendly like XMR...as long as it is secure and can be purchased through lucrative ways without centralised exchanges it will probably still thrive and become a coin which only OG enthusiast can own as most hot wallets on xmr are scammy,2021-01-10
"Yes, it is truly minuscule, it is just one google. A drop in the ocean really.",2021-01-06
Go to show how early we all are.,2021-01-06
[deleted],2020-12-20
thanks man,2020-12-20
you can stake in pool (this is link from oficial eth page) [https://beaconcha.in/stakingServices](https://beaconcha.in/stakingServices),2020-12-01
"I stake with bitcoinsuisse.

Supersafe thing imo. No downtime punishment, etc.

Downside is that they take 15% of your rewards.",2020-12-01
Thank you! So I essentially loan out my ETH and pay a small fee and earn staking rewards? Are those secure?,2020-12-01
Thanks zum. What made you stake with them versus others?,2020-12-01
"Thats the only provider ive had a personal reputation. (Nicolai is a beast)

Plus, they are going to get a real swiss banking license.
They will offer loans of your staked ether.

I have really high hopes in eth. So if you expect, that this amount of eth could possibly your ticket to retierment, you could get a loan and buy some real estate for extra chashflow, for example. Do you have hope any other providers could do that for 20 years, constantly?",2020-12-01
I would love to hear more about it! Maybe I will take a look after I finish with the $CLIQ tokens of [Deficliq](https://Deficliq.com).,2020-11-26
"yes, you are screwed. there is no way to recover it. impossible.

using metamask without a hardware wallet is incredibly unsafe. it should never be done except with small amounts. just like you wouldn't walk around with $70k in your wallet.",2020-09-09
"why exactly, the wallet itself is password protected, is it possible to hack or access it remotely?",2020-09-10
They had/have the seed words for the wallet. Don't need a password then.,2020-09-10
"a virus can just keylog the password and send the encrypted MM wallet to the maker.

not sure how MM is designed, but no matter the design, the keys must be decrypted at some point, and a virus pretty much has access to everything you type and see, as well as all files on your computer. there's no way to secure any wallet that is on a device connected to the internet.

the only secure wallet is one on a device that has no internet card.

the risk of getting hacked is low though, so there's nothing wrong with using a hot wallet with small amounts.",2020-09-10
"hm, I so it also applies for electrum and other desktop wallets... But my desktop with these wallets is Ubuntu, does it make me a bit more safe than using Windows 10?",2020-09-10
"not really, programs have millions of lines of code. a virus is just one line. even if you only use popular open source software it's still not safe. even programmers you trust import millions of lines of code from dependencies that they never read or look at.

the only safe method is a laptop that you never connect to the internet. the best is if it has no internet card at all.",2020-09-11
"It seems that the most innovative projects are dapps lol. First ChainLINK and now this. I like the idea of it, seems like a goold alternative for people wanting to go to a casino but can't cause of lockdowns.",2020-08-28
Sounds interesting for dem Yamz,2020-08-12
üç†üç†,2020-08-12
"Really cool, will check it out :)",2020-08-13
"Despite the shortcomings am a DEX person. Makes me feel in charge of the fate of my funds and the only one responsible for them. Uniswap, Balancer, WhiteSwap all the way",2021-01-12
Very informative. Definitely will be using DeversiFi from now on. Thanks for sharing!,2021-02-06
$eth question - what happens to your $eth when it turns to 2.0 ? How does that work?,2020-08-20
Mate I've been asking this question for so long and I've never gotten an answer,2020-10-07
defi and pos feature caught my attention,2020-07-25
i follow th≈üs project for a time and i can say that good to keep for long term,2020-07-26
"Payaccept with the European trademark provides users with an intuitive layout, powerful and lightning-fast features, and maximum security of funds and stand ready to give you everything needed to access incredible Blockchain products.",2020-07-26
"Many projects have promised to offer applications that will enable us to use cryptocurrencies in daily life and facilitate adaptation, but have not been successful.  I hope PayAccept can do it",2020-07-26
"if it succeeds, there may be a revolution in crypto payment.",2020-07-26
It has a solid team working behind the Payaccept project.,2020-07-26
Payaccept vision comes across as a broad project.,2020-07-27
PayAccept can be a pioneer in crypto banking.,2020-07-23
They just signed a listing agreement with the Hotbit exchange!  They will have more listing news soon.,2020-07-24
" The PayAccept card will be a significant network brand debit and also credit card, by default allowing it to be approved at millions of places as well as payment terminals worldwide",2020-07-24
Credit card deals caught my attention,2020-07-24
"If I use PayAccept, can I send and receive NFT or digital artwork? Because I like to collect nft.  Hopefully this feature will be added if it's not there yet",2020-07-24
The Payaccept project contains many innovations.,2020-07-24
Payaccept can be a successful payment method if it can sign fast and important partnerships.,2020-07-24
"Personally id use Celsius network to earn almost 5% with your Bitcoin if you don't mind depositing with them. 

That's the risk to take depositing BTC to earn yield vs cold storage not earning yield.

I have some btc in cold storage and some with Celsius earning some compound yield.

To each their own or courae",2020-06-26
Certainly interesting to spread the risk. I LL look into it,2020-06-26
"Out of interest , how would you convert your BTC into wbtc?. 

On Curve you can do using the renBTC swap but you pay some fees and gas of course",2020-06-26
"WBTC puts my funds into a contract, rather than depositing - seems the lesser of two evils",2020-06-26
What would stop an unethical bank from taking all your deposit and close down?,2020-06-01
FDIC laws.,2020-06-01
what is an EWT wallet? where you got the address from you sending the funds to?,2020-05-25
[deleted],2020-05-25
Hey I'm the head mod here and will try to help you. Will shoot you a dm,2020-05-25
Sad...I always send a small amount 1st and then see if it reaches.,2020-05-26
So sad to hear. Plz always check with a small amount or even check all details again after fill information.,2020-05-28
"EWT (energy web token). I was sending ETH to an exchange. I accidentally sent it to an EWT address (one of the tokens the exchange offers) instead of an ETH address. 

This is my metamask address I sent the ETH out of: 

0x536F3408abe0c59b510C998658B65c32f3D0861c",2020-05-25
Yup üò©,2020-05-25
Thank you,2020-05-25
For sure,2020-05-26
And I don't think any developer could help you instead of the owner.,2020-05-28
"> I was sending ETH to an exchange. I accidentally sent it to an EWT address (one of the tokens the exchange offers) instead of an ETH address.

Damn, I am sorry to hear that. Unless you have the private key to that wallet, or know the person who owns it, you aren't getting that money back. 

You best bet is to bring it up with the exchange and see if they can help you.",2020-05-25
Yep contact exchange support and pray. Best of luck. Tech savvy/developer can't help you there.,2020-05-25
Thank you!,2020-05-25
Why?,2020-05-14
"Ok here's an example.

I hold MCO and the current price is $5 per MCO

I want to buy bitcoin because I believe the price will reach $10000 and the current price is $8000, but I also believe that the price of MCO will go up.

With the loan requiring 75% loan to value.

I deposit 2,134 MCO wich equals roughly $10,666 and I receive 1 bitcoin.

The MCO is still mines so any increase I still capitalize on any increase.

The loan is at 7% annual so that's equal to $46.67 for a 30 day loan. And then there is a loan match fee equal to 1% of the loan amount, in this case it will be  $80 because the loan was for 1 bitcoin at $8000.

That leaves total cost at $126.67

Bitcoin rises to $10,000 
Profit = 10,000-( borrowed amount 8000+ total cost 126.67)= $1873.33 

PLUS 
During loan MCO rises to $5.50 √ó 2134 = Total value is now  $11,737 vs $10,666 when opened the loan.

Result in total account gain of $1873.33 from bitcoin + equity increase of $1071 from MCO price increase
= $2944.33",2020-05-14
Good point,2020-05-14
Thanks,2020-05-14
Do you currently invest?,2020-05-14
Did you post on r/ethfinance too?,2020-03-20
"I have, I am trying to spread the word about our project.",2020-03-20
">The solidity contracts are verified, so you can view their source code at Etherscan.

Where are the main contract sources?",2019-11-27
"All source code (including the contract source code) will be on github.

Would you use the dApp that I described?",2019-11-27
[deleted],2019-05-28
"Wait, no repercussion for borrower being unable to repay? Why would anyone lend.",2019-05-21
I don't see any collateral requirement. What incentive does the borrower have to pay me back?,2019-05-22
This is the second sketchy post ive seen in here on 24 hours.,2019-05-21
"It's clearly described and exemplified at [https://www.DappRunner.com/EtherLoans.php](https://www.DappRunner.com/EtherLoans.php).

Some would lend to earn a high interest rate.",2019-05-22
"Thank you for your question.

That issue (collateral requirement) is clearly described and exemplified at https://www.DappRunner.com/EtherLoans.php.

Please experiment with the Ropsten Test Net version.",2019-05-22
"I still see no penalty for not repaying ETH borrowed.

Also, how does the contract know what the ETH USD price is?",2019-05-22
"  

When you Borrow ETH, you only need to deposit prepaid interest. The Lender must deposit the ETH that they are lending equity for.

This will make sense if you experiment with the Loan Simulator at the website, and do some test loans using the Ropsten Test Net.

The main-net contract uses the MakerDAO price feed, the Ropsten contract uses FiatContract.com for the price feed.",2019-05-22
"Its actually a Contract-for-Difference (CFD) as opposed to an ETH loan or borrow, in that no ETH is transferred from the lender to the borrower. CFDs have financing rates, like the swaps in BitMEX. 

Nothing wrong with that, but it's good to be clear about what the contract does.",2019-05-22
"The description on the website compares it to a '**Call Option**', which it is most similar to.

I thought ""Ether Loans"" was more catchy than  ""Ether Contract-for-Difference"".",2019-05-22
"OK, this is more complicated than I thought. The ETH Loan amount is adjusted--in ETH--if the ETH price rises, but not if it falls.  The interest rate is like an option premium, though unlike an option premium it is charged via a unit of time.  Given an option's 'time value' is maximized when the strike equals the current price, after the first movement the borrower will want to exit, because if the initial interest rate was acceptible, after the contract loses some of its optionality the interest rate--and thus implied option premium--will be too high. This is true whether the borrower is in or out of the money. There's a reason why such option contracts don't exist.",2019-05-22
"The borrower should not exit after the first movement for the same reason that an ETH holder should not exit after the first movement.

You can take either side of the deal (borrower or lender) at any interest rate that you choose, so if you feel one side of the deal is bad, then take the other side. 

Just for fun, I will probably accept any offer that you post.",2019-05-22
"If the interest rate is zero the borrower has a free option: he makes ETH if prices rise, pays no ETH if prices fall. Clearly that is not going to sustain a market, because the lender would be expecting to lose money, and rational people do not do that. Not only must it be non-zero, but it must capture the implied volatility of the ETH price.

As this option premium is paid out as an interest rate, it costs the same on day 1 as day 30. On day 1, the option is at-the-money and the time value of the option is at its maximum. After a short while, the ETH price will move and the option value will fall as ETH deviates from its initial price. Thus, if an option is priced just right, so that an interest expense covers the implied volatility (say, a 0.14% daily interest rate, or around 50% ann), the next day it will be too high because the option value will have decreased as the price (probably) moved.

If the option value is ""too high"" on day 1, it will always be too high, and there will be no buyers (borrowers in this market). If the option value is ""too low"" on day 1, there will be no sellers because they will statistically lose money, as selling an underpriced option will generate losses.",2019-05-22
[removed],2019-05-07
"Yeah, it‚Äôs really bullish of late",2019-05-07
"I would be more inclined to trust your DApp if you:

 1) included a link to source code (guthub?)

 2) include a short explanation of how it works.

 3) even though I eventually found the contract on [etherscan.io](https://etherscan.io), you should include a link (showing verified source code)...

my $0.02",2019-04-22
 It's called circus. All jesters have voice for other to laugh at. Craig should be charged or investigated for all bullshit he has done and be cleared or shut the fuck up for eternity.,2019-04-11
"Well, among other things, he is being sued by the estate of David Kleiman for all the marbles, and part of the discovery process might reveal some interesting bits about those two's relationship with Bitcoin and with each other.  And just to share, I have set this night as my trading day as I am check my earnings on this grand [asset](https://darbfinance.com/?=Crored) platform. I just love Darb because it has the cheapest exchange on the market and also offers a demo account for users who want to try it first. I think that cheap exchange means more profit and don‚Äôt want to lose this opportunity to earn. Going back, I think the crypto world is becoming a showbiz/drama world for the past few weeks.",2019-04-12
" I am getting rich with CryptoLux io! How about you? Join the movement now and generate a stable passive income at [www.cryptolux.io](http://www.cryptolux.io/)! ‚Ä¢ CryptoLux is the best earning-platform! Join the movement now and generate a stable passive income at [www.cryptolux.io](http://www.cryptolux.io/)! ‚Ä¢ I have generated a stable passive income with CryptoLux‚Ä¶ And you should do it, too! Join the movement now and register at [www.cryptolux.io](http://www.cryptolux.io/)! ‚Ä¢ CryptoLux has the most advanced Artificial Intelligence Bot in the market! Join the movement now and generate a stable passive income at [www.cryptolux.io](http://www.cryptolux.io/)! ‚Ä¢ My automated income comes from CryptoLux. This is the most stable and lucrative earning-platform I have ever seen on the Internet! Join the movement now and generate a stable passive income at [https://www.cryptolux.io/?sponsor=mansur01740](https://www.cryptolux.io/?sponsor=mansur01740) ",2019-03-24
"[LogFile.info](https://LogFile.info) stores all data on the Ropsten blockchain. No data is stored off-chain.

Other solutions just store a hash on the blockchain, which they link to off-chain storage. That is NOT decentralized. If any of the data is off-chain, then the server admin can modify or delete the data.

No one can modify or delete the files that [Logfile.info](https://Logfile.info) stores on the blockchain.",2019-03-11
"Not trying to knock your project.... but questions:

Is the Ropsten testnet really decentralized? How many Ropsten nodes are there? (not rhetorical, I really don't know). If there aren't many nodes on Ropsten, then wouldn't it make more sense to store on the mainnet?",2019-04-17
"> [LogFile.info](https://logfile.info/) stores all data on the Ropsten blockchain. No data is stored off-chain. 

So your files are stored on a test-net version of Ethereum?",2019-03-19
[https://bounty.quarkchain.io/register.html?referral=fbqa4r](https://bounty.quarkchain.io/register.html?referral=fbqa4r),2018-12-19
Shut up spammer,2018-10-09
2 Days left. I'll be on this game. ,2018-07-30
Who knows? I mean lets just see what will really happen on that day. Its too early too say things.,2018-08-01
I want to know whats the update for this?,2018-08-03
"This crossed my path all those months ago and I was intrigued firstly by the unique-looking artwork and then by the fact this game will be played on the Ethereum network via smart contracts. Blockchain gaming was still a fairly new concept then, and much has happened since, but I am still very interested to see the final product.",2018-07-29
Going to be interesting to see how the network copes with a big launch...,2018-07-30
It looks exactly like the shitty ‚Äúether games‚Äù where you put in eth and hope others do too so you can ‚Äúplay‚Äù the game by waiting until enough other people put in eth that you break even and can withdraw. It‚Äôs just like crypto trading but instead trading meaningless items ,2018-07-30
‚Äúthat the contract always has enough to buy items at market price‚Äù. Then says it‚Äôs not ponzi. What if everyone made a rocket to profit and dipped simultaneously. Does the dev team put in their own money to sustain the contract or can it truly be magical saying if you put in 0.05 eth we can promise you will get 0.05 eth or more back? Where does the magic money come from? The people who take the big fees and give up. They even defended themselves saying it‚Äôs not a ponzi in their article. Exactly what a Ponzi scheme would say. I guess it‚Äôs not a ponzi if u can say the investors who lose money are just the people who failed to win the game.,2018-07-30
I'm playing this right now and I can say its a big YES!\~,2018-08-04
