title,timestamp,date
Everytime Bitcoin drops,2017-12-24 04:54:20+00:00,2017-12-24
Here you go,2018-01-16 14:16:23+00:00,2018-01-16
What are your thoughts on this?,2021-05-15 04:16:40+00:00,2021-05-15
"Welcome to r/ethtrader new people, let me save you some time",2017-06-11 01:20:21+00:00,2017-06-11
Checkmate Bill,2021-05-25 16:41:45+00:00,2021-05-25
Me keeping track of my 50$ of ETH,2021-05-31 06:27:43+00:00,2021-05-31
Smash the ‚¨ÜÔ∏èif you want to see $1500 .... Your positive energy needed !,2021-02-01 05:24:29+00:00,2021-02-01
Dips are just happy little accidents,2018-01-16 01:42:16+00:00,2018-01-16
Diamond hands boiis,2021-05-19 04:50:14+00:00,2021-05-19
Tension...,2021-05-23 07:56:32+00:00,2021-05-23
Simple!,2021-01-30 23:24:58+00:00,2021-01-30
Interesting,2021-06-19 03:45:18+00:00,2021-06-19
That‚Äôs so true,2021-06-05 06:40:36+00:00,2021-06-05
"Who else believes Ethereum will reach $10,000 by the end of 2021?",2021-05-12 11:25:02+00:00,2021-05-12
Is that really too much to ask?,2021-02-04 11:06:59+00:00,2021-02-04
"Real world Hero Moment for Someone, Thanks to Eth",2021-05-09 16:29:28+00:00,2021-05-09
Buy high sell low,2021-05-21 05:36:36+00:00,2021-05-21
"I'm a longterm hodler, but even i hate this sub sometimes.",2018-01-18 10:24:03+00:00,2018-01-18
"The more he tweets, the less the market will respond.",2021-05-20 14:51:28+00:00,2021-05-20
"Because I am a man of my word. Almost three years later. Hi r/bidoun, greetings from 3k!",2021-05-02 18:46:49+00:00,2021-05-02
Just found 26 eth! Signed into my profile on my in-laws computer that I was using when I was living there between buying a house. Clicked on a link I had saved on my desktop and signed into the maker CDP account. BOOM 26 eth left over I had no idea I still had. üòÇ what a great Monday.,2021-05-10 17:13:35+00:00,2021-05-10
"A new economy is coming, just HODL on",2021-06-20 00:57:09+00:00,2021-06-20
Please.,2021-05-21 15:44:25+00:00,2021-05-21
Rolling in the dip,2021-06-08 13:14:40+00:00,2021-06-08
Thank God Ethereum has VB,2021-05-13 05:05:15+00:00,2021-05-13
Literally..,2017-08-16 23:54:44+00:00,2017-08-16
Truth,2021-05-11 06:12:25+00:00,2021-05-11
[ETH Daily Discussion] - 22/May/2017,2017-05-21 23:14:43+00:00,2017-05-21
I agree do you???,2021-05-27 06:43:51+00:00,2021-05-27
Ethereum is UP since last month! Can we get this post to r/all to show everyone the tides are turning quickly,2017-08-06 10:57:28+00:00,2017-08-06
Ethereum is now processing more transactions a day than all other cryptos combined.,2017-11-22 08:05:59+00:00,2017-11-22
"If this is your first >30% dip and you still HODLed, then congrats and welcome to the diamond hands club!",2021-05-20 08:24:26+00:00,2021-05-20
Truth!,2021-02-05 05:06:59+00:00,2021-02-05
Keep Hodling!,2021-07-09 04:57:00+00:00,2021-07-09
all on ETH,2021-05-03 06:11:30+00:00,2021-05-03
Story of my life,2021-06-06 09:11:52+00:00,2021-06-06
ETH finally hit $4K!,2021-05-10 05:19:43+00:00,2021-05-10
This happens when cryptos break all-times highs. It happened when GameStop went parabolic. If you‚Äôre trading crypto with this company: Get. Off. This. Platform.,2021-04-13 03:31:44+00:00,2021-04-13
Many people need to understand this,2021-06-04 15:21:07+00:00,2021-06-04
Finally Grew Up & Traded All My Dogecoin For Ethereum,2021-05-16 10:32:06+00:00,2021-05-16
Robinhood Everytime The Market Goes Up,2021-05-04 11:53:02+00:00,2021-05-04
I don't think this is what he meant,2021-05-19 09:55:49+00:00,2021-05-19
Am I the only one who hopes Elon stays the hell away from ETH?,2021-05-12 17:20:44+00:00,2021-05-12
Ethereum is open 24/7,2021-01-28 11:49:51+00:00,2021-01-28
"Crypto is like family, it has its up and downs",2021-06-01 01:26:25+00:00,2021-06-01
Vitalik finds out,2021-04-28 05:53:24+00:00,2021-04-28
It happened! $1234.56!,2018-01-12 12:22:01+00:00,2018-01-12
Lost the V-Card today,2021-06-04 03:12:03+00:00,2021-06-04
"When Ethereum hits $20,000 I will walk down the main Street of Brisbane, Australia with a hotdog in my ass. ( Made - 4th May 2021 )",2021-05-03 19:15:15+00:00,2021-05-03
"I gave my dad 100 ETH 4 years ago for Father‚Äôs Day and now it‚Äôs currently worth ~$225,000 ‚Äî when ETH hits $10,000 this year, I will have made my dad a millionaire.",2021-06-20 15:57:16+00:00,2021-06-20
Do you agree?,2021-06-07 15:43:48+00:00,2021-06-07
I think I‚Äôm done,2021-05-13 14:28:18+00:00,2021-05-13
$1000!,2018-01-04 06:59:08+00:00,2018-01-04
Asthon Kutcher and Mia Kunis talk Crypto.,2021-07-21 20:18:47+00:00,2021-07-21
"The day ETH breaks $20,000 I will buy everyone on here a cheeseburger.",2021-04-07 10:37:30+00:00,2021-04-07
"But can't turn off Defi, Ethereum and their censorship brings millions new user to Defi/Ethereum Ecosystem.",2021-01-27 19:53:39+00:00,2021-01-27
Vitalik Appreciation Post,2021-07-08 06:42:10+00:00,2021-07-08
Don't be this guy!,2021-06-10 07:27:19+00:00,2021-06-10
I Just Became a Crypto Millionaire,2017-05-21 10:06:20+00:00,2017-05-21
Floyd Mayweather wearing an Ethereum shirt to his face off with Logan Paul,2021-06-05 18:42:45+00:00,2021-06-05
News flash,2021-06-14 08:52:25+00:00,2021-06-14
The Market right now,2021-05-30 00:17:05+00:00,2021-05-30
Hold,2021-05-19 15:16:43+00:00,2021-05-19
Crypto market be like...,2021-06-17 03:58:48+00:00,2021-06-17
"People say crypto ruin lives, but it has brought our family closer. We now live in one bedroom unit.",2021-07-13 15:53:03+00:00,2021-07-13
HSBC money laundering King blocking Crypto Buying,2021-04-12 09:45:40+00:00,2021-04-12
What a difference a year might make,2018-01-08 12:12:18+00:00,2018-01-08
Know the difference,2021-05-18 00:11:46+00:00,2021-05-18
Would You Like to See Reddit Accept ETH as a Means to Pay for Gold?,2017-11-24 23:31:58+00:00,2017-11-24
Life lessons,2021-06-26 10:06:47+00:00,2021-06-26
Back to work Boys,2021-04-18 04:00:40+00:00,2021-04-18
Prayers üôè,2021-06-09 04:01:25+00:00,2021-06-09
ETH do your job üòÖ,2021-04-16 20:32:33+00:00,2021-04-16
ETH hitting $4k be like,2021-05-09 04:45:13+00:00,2021-05-09
lol,2021-04-29 07:22:36+00:00,2021-04-29
Found this little gem in the daily. Everyone has their definition of moon and for most it‚Äôs $1 mill,2021-04-25 03:34:11+00:00,2021-04-25
paradoxical,2021-06-09 14:34:52+00:00,2021-06-09
Every day I check the price when I wake up,2017-11-05 10:40:16+00:00,2017-11-05
Told my uncle about cryptocurrency 4 years ago. He sent me this today.,2021-04-18 16:57:57+00:00,2021-04-18
Where lambo,2021-02-12 12:37:47+00:00,2021-02-12
UPVOTE if you're sick of KRAKEN's performance!,2017-12-14 11:44:25+00:00,2017-12-14
Make sure you like the asset you‚Äôre buying!,2021-05-14 03:21:39+00:00,2021-05-14
"New price target $1,000",2018-01-01 18:46:11+00:00,2018-01-01
lmao,2021-06-08 05:39:52+00:00,2021-06-08
I canceled my model X order to buy more ETH,2021-05-14 13:37:48+00:00,2021-05-14
New ATH. Time to crack another bottle!,2018-01-13 12:34:44+00:00,2018-01-13
[ETH Daily Discussion] - 14/Jun/2017,2017-06-13 23:10:06+00:00,2017-06-13
Single best feature of the new MacBook üòÇ,2017-08-30 00:15:30+00:00,2017-08-30
The guy she tells you not to worry about,2021-06-03 07:17:03+00:00,2021-06-03
Who else Believes Eth will reach $4000 by end of this week?,2021-05-03 12:54:40+00:00,2021-05-03
My Eth gains,2021-06-11 23:28:57+00:00,2021-06-11
He's a good Gwei,2021-05-28 03:42:04+00:00,2021-05-28
Ethereum 2.0 Staking,2021-04-26 10:53:05+00:00,2021-04-26
This is Adoption,2021-05-29 04:29:12+00:00,2021-05-29
"Hodl on lads! This too shall pass! Currently down $2,400,000 from all time high! IM NOT F*CKING SELLING! Who‚Äôs with me?!",2021-06-22 07:42:52+00:00,2021-06-22
Lol...... No doubt about this.,2021-04-16 11:02:53+00:00,2021-04-16
Wolf of ETH Street,2017-11-26 11:42:11+00:00,2017-11-26
Every time,2021-05-08 05:24:38+00:00,2021-05-08
It is theft!,2021-05-30 07:20:51+00:00,2021-05-30
500 is here,2017-11-29 05:38:50+00:00,2017-11-29
$3500 is here! Congratulations to all hodlers!,2021-05-04 06:26:18+00:00,2021-05-04
Not having money to buy the dip is the worst fucking feeling,2021-05-20 04:28:34+00:00,2021-05-20
Tesla üò¢,2021-02-08 07:36:14+00:00,2021-02-08
How I feel watching r/bitcoin,2017-11-02 06:52:44+00:00,2017-11-02
Enterprise Ethereum Alliance Becomes World‚Äôs Largest Open-source Blockchain Initiative,2017-07-18 11:26:54+00:00,2017-07-18
Crypto gives you hair,2021-02-12 01:01:45+00:00,2021-02-12
3am. Can't sleep. Let's see how my portfolio is doing.,2021-02-03 06:17:56+00:00,2021-02-03
Why no Millionaire,2021-04-19 08:07:08+00:00,2021-04-19
Penguin Flag forming bro. It's now Bullish,2021-06-07 02:12:40+00:00,2021-06-07
Just when the class of 2021 thought the dip was over,2021-02-25 20:27:14+00:00,2021-02-25
Yeah,2021-01-31 12:42:05+00:00,2021-01-31
Reminder that this is a real quote by Vitalik,2021-04-30 13:20:26+00:00,2021-04-30
Dip after dip,2021-06-21 04:21:50+00:00,2021-06-21
just another monday,2021-05-26 19:24:10+00:00,2021-05-26
Ethereum on cnbc üíó,2017-06-24 02:35:10+00:00,2017-06-24
Simple,2021-03-04 09:55:10+00:00,2021-03-04
Life is good,2021-02-02 09:21:02+00:00,2021-02-02
Read it again,2021-04-29 01:21:34+00:00,2021-04-29
"He didn‚Äôt win, Hands down",2021-05-16 01:57:27+00:00,2021-05-16
Poor fiatüòÇ,2021-02-10 05:43:13+00:00,2021-02-10
Finally reached my 1 coin goal!,2021-05-28 15:12:38+00:00,2021-05-28
Is it 3k yet?,2021-05-02 07:46:22+00:00,2021-05-02
"""If you are new to #blockchain (s) and you wonder which of the top 100 from coinmarketcap will win - you should realize that 43 of those 'coins' are ON the Ethereum blockchain.""",2017-12-13 05:28:53+00:00,2017-12-13
"After months of crypto trading, I am now behind the wheel of a brand new Mercedes.",2021-05-23 11:24:48+00:00,2021-05-23
When your portfolio is down 75% instead of 80%,2021-06-28 02:30:57+00:00,2021-06-28
Ethereum gives you financial freedom.,2021-05-01 04:32:38+00:00,2021-05-01
I invested my first $100 into ETH yesterday. I hope to use it to retire by the end of the week.,2021-04-06 13:47:56+00:00,2021-04-06
"""Hi Mom, Send Ethereum"" sign on ESPN College GameDay",2017-09-09 07:31:18+00:00,2017-09-09
Times are tough,2021-05-08 19:44:52+00:00,2021-05-08
Ethereum completed 1 Million+ transactions over the past 24 hours.,2017-12-18 18:29:26+00:00,2017-12-18
This is one reason why we need DeFi!,2021-07-23 00:10:55+00:00,2021-07-23
Love the old reporter who thinks Amazon is a joke. They are doing the same with crypto now.,2021-05-30 18:43:52+00:00,2021-05-30
Never Forget,2021-06-24 05:58:30+00:00,2021-06-24
Watching the Ethereum graph like,2021-03-21 13:27:10+00:00,2021-03-21
Most Popular Story on CNBC Tech: 'Bitcoin‚Äôs main rival Ethereum hits a fresh record high',2017-11-24 03:10:46+00:00,2017-11-24
"Holy shit we did it. $2,500!!!",2021-04-15 13:09:40+00:00,2021-04-15
Buying in at $975,2018-01-06 13:37:01+00:00,2018-01-06
Why no millionaire,2021-03-03 18:48:03+00:00,2021-03-03
As a veteran investor,2017-07-16 01:56:55+00:00,2017-07-16
"Sb transferred ~0.05 BTC (~$900), paying 0.01 BTC in fees (~$180) and the network burned enough electricity for that single transaction to drive a Model S well over 1000km. BUT, BTC is the best you know. /s",2017-12-10 06:30:58+00:00,2017-12-10
Always be humble!,2021-02-14 10:56:27+00:00,2021-02-14
We are ready for liftoff,2021-02-23 09:05:46+00:00,2021-02-23
Me learning Crypto trading,2021-03-21 01:42:54+00:00,2021-03-21
Ethereum & the Hodlors that love them,2017-06-27 22:46:50+00:00,2017-06-27
WARNING: Poloniex is withholding my funds from me,2017-06-22 09:30:06+00:00,2017-06-22
"Who else believes Ethereum will reach $ 10,000 by the end of 2021?",2021-04-27 16:41:31+00:00,2021-04-27
Ethereum progress to $10K ‚ñì‚ñì‚ñì‚ñì‚ñì‚ñë‚ñë‚ñë‚ñë‚ñë‚ñë‚ñë‚ñë‚ñë‚ñë 36%,2021-05-06 09:26:26+00:00,2021-05-06
Send it!!!!,2021-01-29 14:02:39+00:00,2021-01-29
The Easy way to make $150k,2021-03-06 19:38:02+00:00,2021-03-06
HP to Join the Ethereum Enterprise Alliance,2017-08-07 07:10:08+00:00,2017-08-07
Exit Strategy,2021-02-11 07:02:34+00:00,2021-02-11
"This is how simple, and quick, it is to send a payment in El Salvador üá∏üáª. It really feels like magic internet money.",2021-06-22 00:19:47+00:00,2021-06-22
Celebrating 2 ETH üéä,2021-06-21 11:26:03+00:00,2021-06-21
I can‚Äôt be the only one thinking this!?,2021-05-05 01:44:57+00:00,2021-05-05
Made some art to keep inspired. Bear vs. Bull,2021-02-24 02:23:17+00:00,2021-02-24
Very hurtful indeed,2021-04-30 01:06:33+00:00,2021-04-30
Venezuelans using worthless bank notes to make handcrafts!!,2021-06-13 00:37:14+00:00,2021-06-13
Kodak is using ethereum smart contracts to give photographers ownership of photos,2018-01-09 14:48:04+00:00,2018-01-09
HODLING is undefeated,2021-02-13 12:52:58+00:00,2021-02-13
I canceled my Tesla Model X order to buy more ETH!,2021-06-25 16:37:54+00:00,2021-06-25
We invested in our future,2021-03-27 01:45:30+00:00,2021-03-27
ETH at 2100$+ got me likeüòé,2021-04-03 00:16:05+00:00,2021-04-03
Hope you bought the dip! See you at $3k,2021-04-27 08:02:43+00:00,2021-04-27
How I'm feeling right now,2021-02-22 22:52:42+00:00,2021-02-22
You know it's true,2021-02-01 21:42:12+00:00,2021-02-01
Every time when someone asks you about crypto,2021-02-18 04:30:25+00:00,2021-02-18
"If ETH gets over $2,999.99 it‚Äôs going to hit $3,000 for sure !",2021-08-06 14:33:50+00:00,2021-08-06
Stocks VS Crypto,2018-03-18 06:20:38+00:00,2018-03-18
The first 100 ETH have been burned with the 1559 update,2021-08-05 06:24:53+00:00,2021-08-05
Is this the best way to introduce blockchain to a new person?,2021-06-29 02:22:38+00:00,2021-06-29
I finally can afford my own home thanks to ETH,2021-05-12 03:24:55+00:00,2021-05-12
This guy saw Bitcoin‚Äôs potential at $1. He‚Äôs now bullish on Ethereum!,2021-06-06 05:35:13+00:00,2021-06-06
Bitfinex now trades all pairs against ETH. It‚Äôs time for Binance and the rest of the exchanges to do so as well.,2018-01-26 04:22:17+00:00,2018-01-26
Let's find the average age of EthTrader!,2018-10-03 04:15:08+00:00,2018-10-03
ETH made this happen ‚ù§Ô∏è,2021-04-09 03:18:49+00:00,2021-04-09
Crypto doesn't need new heroes. They are amongst us.,2021-05-13 00:41:48+00:00,2021-05-13
‚ö†Ô∏è ETC is *NOT* Ethereum,2021-05-07 05:25:22+00:00,2021-05-07
Manage your emotions,2021-03-14 08:11:05+00:00,2021-03-14
"Bitconnect, Davorcoin and other scams continue being advertised on Coinmarketcap. We should take a stand as a community and push out these people who made a career out of scamming innocents",2018-01-20 05:48:13+00:00,2018-01-20
This is how much the banks trust you. How much do you trust them?,2021-05-02 00:22:40+00:00,2021-05-02
Since when are you into crypto?,2021-04-27 01:22:59+00:00,2021-04-27
Who else Believes Eth will reach $3000 by end of this week?,2021-04-28 12:50:36+00:00,2021-04-28
Destroyer of Shorts,2021-02-04 03:10:17+00:00,2021-02-04
My $20,2021-07-14 06:43:17+00:00,2021-07-14
What it feels like talking about crypto lately lol,2021-07-19 10:41:37+00:00,2021-07-19
We did it!,2021-02-19 20:21:13+00:00,2021-02-19
TWICE IN THE SAME DAY???,2017-12-12 08:22:52+00:00,2017-12-12
"Vitalik Buterin: If all that we accomplish is lambo memes and immature puns about ""sharting"", then I WILL leave.",2017-12-27 05:28:43+00:00,2017-12-27
"I don't want lambos or luxury things. I just want financial independence, man. I just don't want to work till the end of my life. I hope we all make it one day!",2021-07-27 13:00:42+00:00,2021-07-27
Decided to paint something for my fellow apes in here,2021-03-15 06:14:35+00:00,2021-03-15
All of us here at /r/EthTrader,2017-08-10 11:55:40+00:00,2017-08-10
2030 be like,2021-03-30 13:25:09+00:00,2021-03-30
The future has come,2021-03-12 04:59:45+00:00,2021-03-12
How I felt this week,2017-12-06 14:42:27+00:00,2017-12-06
As the Flippening Approaches...,2017-06-12 06:24:37+00:00,2017-06-12
How are they faring now with those 'rich stakeholders'?,2021-05-22 04:50:25+00:00,2021-05-22
Every night.,2021-04-11 00:53:00+00:00,2021-04-11
thats how we roll,2021-04-20 21:04:54+00:00,2021-04-20
My dad asking me how the crypto investment going,2021-07-11 07:35:33+00:00,2021-07-11
Checking my portfolio every 5 minutes,2021-02-07 09:32:05+00:00,2021-02-07
Tweeted today: Casper (Proof of Stake) testnet is coming.,2017-11-28 01:46:56+00:00,2017-11-28
True story,2021-03-15 18:47:08+00:00,2021-03-15
"I heard you guys miss me, looks like we're only going up from here",2017-11-13 13:52:58+00:00,2017-11-13
Me after buying at $380,2017-06-15 05:17:04+00:00,2017-06-15
Fact!,2021-02-27 11:09:18+00:00,2021-02-27
You know what not to do,2021-06-18 06:45:18+00:00,2021-06-18
Yolo'ed my life savings at Eth in the fat dip because I believe that the rest of this year is gonna prove it to be the best decision I've ever made. Holding on for dear life for at least a couple years so I'm going to be smart and stake the lot. Best of luck to us all and I'll see you in two yearsü§ô,2021-05-26 07:44:32+00:00,2021-05-26
I know its tempting - but just stop looking!,2018-03-15 09:29:57+00:00,2018-03-15
Daft Government and politicians.,2021-08-03 12:32:06+00:00,2021-08-03
This is NOT the end,2017-06-15 23:19:58+00:00,2017-06-15
Up 9% that's enough ! ThE BuLL RuN iSnT OvEr,2021-07-21 08:11:36+00:00,2021-07-21
Welcome To Ethtrader,2018-05-21 13:24:12+00:00,2018-05-21
when you buy the dip but it keeps dipping,2021-05-18 19:51:09+00:00,2021-05-18
You know it‚Äôs true,2021-02-20 06:49:24+00:00,2021-02-20
"ETH price has just entered the bottom of a new channel. Next level of resistance well over $2,000.",2018-01-09 05:25:49+00:00,2018-01-09
"Crypto works 24/7, The flippening will be real",2021-01-30 11:03:49+00:00,2021-01-30
How times have changed,2021-03-06 09:08:44+00:00,2021-03-06
Dont Bother Doge Hodlers,2021-03-08 02:45:36+00:00,2021-03-08
Sold all my BTC and alts to go all in on ETH!,2021-07-30 17:16:42+00:00,2021-07-30
The power of $DOGE,2021-05-23 06:50:00+00:00,2021-05-23
Welcome $2100 ETH!,2021-04-02 13:46:32+00:00,2021-04-02
Did you buy the dip at $1700 anon?,2021-07-26 05:25:26+00:00,2021-07-26
What's ethereum ?? Listen to Starboy vitalik,2021-07-23 09:58:04+00:00,2021-07-23
Ethereum right now.,2017-12-05 09:49:35+00:00,2017-12-05
This is how close ETH is to a massive breakout,2021-02-19 02:08:00+00:00,2021-02-19
Crypto Market is very easy,2021-04-07 01:55:17+00:00,2021-04-07
Metamask*,2021-06-23 00:47:34+00:00,2021-06-23
Didn‚Äôt have to call me out like that,2021-03-11 14:47:13+00:00,2021-03-11
Balls Deep,2021-02-16 09:45:54+00:00,2021-02-16
You know it !,2021-01-29 02:47:27+00:00,2021-01-29
Hold and let itüöÄüöÄüöÄ,2021-04-13 18:57:14+00:00,2021-04-13
Let's share our new All-Time-High price for ETH with r/All!,2021-01-24 17:22:58+00:00,2021-01-24
A picture is worth a thousand words,2018-05-11 20:15:18+00:00,2018-05-11
No lies there,2021-06-01 16:34:27+00:00,2021-06-01
How I wish it were that simple,2021-03-22 03:42:27+00:00,2021-03-22
Welcome BACK to r/ethtrader,2017-07-19 05:36:49+00:00,2017-07-19
An anonymous Etherealite donated more than $1million worth of Ether to the Machine Intelligence Research Institute - let's celebrate this forward thinker for using the sick gainz for something other than lambos.,2017-07-26 06:40:38+00:00,2017-07-26
[ETH Daily Discussion] - 15/Jun/2017,2017-06-14 23:09:43+00:00,2017-06-14
You call this blood on the streets?,2021-02-22 08:28:57+00:00,2021-02-22
I can't wait for clubs to reopen,2021-04-14 12:19:40+00:00,2021-04-14
Daily Discussion,2020-12-17 10:43:31+00:00,2020-12-17
This is the way,2021-03-19 09:58:44+00:00,2021-03-19
I think this sums the Miami Conference perfectly,2021-06-06 11:06:29+00:00,2021-06-06
Upvote if you think ethtrader should create a community rating service for ICOs,2017-07-18 06:15:36+00:00,2017-07-18
Flippening comingüöÄ,2021-05-11 18:19:56+00:00,2021-05-11
$800 on GDAX!! The past two weeks summed up in 1 gif.,2017-12-18 19:32:52+00:00,2017-12-18
Send it!!,2021-02-06 11:49:58+00:00,2021-02-06
Me after buying Eth at $1900 and selling at $1910,2021-02-18 13:23:31+00:00,2021-02-18
LoL.,2021-05-16 15:07:20+00:00,2021-05-16
AI is the future,2021-07-11 22:44:19+00:00,2021-07-11
Just a little reminder...,2021-06-20 13:43:37+00:00,2021-06-20
Me who bought Ethereum at $2000,2021-03-05 13:43:53+00:00,2021-03-05
Bezos vs Vitalik: Who is the Tech Billionaire the People want?,2021-05-08 19:35:05+00:00,2021-05-08
And that‚Äôs why we need decentralised finance.,2021-07-15 11:48:15+00:00,2021-07-15
This is a perfect analogy,2021-04-11 10:58:14+00:00,2021-04-11
[ETH Daily Discussion] - 15/May/2017,2017-05-15 01:53:01+00:00,2017-05-15
Surely a peek every five minutes won‚Äôt hurt,2021-04-04 02:29:18+00:00,2021-04-04
Me rn: Checking portfolio every 5 minutes,2021-02-22 04:08:04+00:00,2021-02-22
Reminder to HODL: A year ago I lost a $1 bet to a friend. I told him I'd pay up in ETH. He sent me this a few days ago,2017-12-25 09:11:31+00:00,2017-12-25
Always remember,2021-04-05 01:55:29+00:00,2021-04-05
When‚Ä¶,2021-08-04 06:28:15+00:00,2021-08-04
When you're new to cryptos and are told to hodl,2017-11-30 09:05:00+00:00,2017-11-30
Do you go to your great-grandfather for investment advise on new technology??? Savage reply.....üòÇ,2021-05-07 19:49:10+00:00,2021-05-07
HODLING is everything,2021-02-09 11:00:18+00:00,2021-02-09
I‚Äôm finally the proud holder of 1 whole ETH after 2 months since I first got into crypto. I was also lucky enough to not buy at ATH and I kept DCAing all this time. My wife and I are also getting the keys to OUR first house tomorrow after years of renting. So this is definitely a good week.,2021-07-13 03:13:01+00:00,2021-07-13
This is one of the worst feelings,2021-04-10 04:23:22+00:00,2021-04-10
Mysterious,2021-04-17 07:11:58+00:00,2021-04-17
This is what peak human performance looks like,2021-08-02 04:02:39+00:00,2021-08-02
Just wait until we see the gains that publicly traded companies will see after putting Ether on their balance sheets!,2021-02-17 12:55:56+00:00,2021-02-17
Only Ethtraders understand,2017-11-19 00:05:22+00:00,2017-11-19
Visa is using Ethereum,2021-03-29 04:41:35+00:00,2021-03-29
Ahhh...right,2021-05-24 19:26:08+00:00,2021-05-24
I think he likes ethereum too üòÇ,2021-03-02 01:07:21+00:00,2021-03-02
UP VOTE IF YOUR BULLISH; DOWN VOTE IF YOUR BEARISH.,2017-07-16 21:28:11+00:00,2017-07-16
$ETH $3000 soon,2021-05-02 11:51:57+00:00,2021-05-02
"Me, waking up to check the charts and finding $2000 ETH",2021-04-02 04:31:42+00:00,2021-04-02
Maybe the real gain was the friends we made along the way,2021-06-21 12:05:52+00:00,2021-06-21
What's the Highest Price you think ETH will hit in the last 3 months of 2018?,2018-10-16 06:39:28+00:00,2018-10-16
Be patient.,2021-04-04 10:54:43+00:00,2021-04-04
Casually walking to town after hodling ETH since 2017,2021-03-07 09:40:20+00:00,2021-03-07
High APR !,2021-06-17 22:13:29+00:00,2021-06-17
Free Brittany,2021-07-18 20:10:39+00:00,2021-07-18
Who remembers the days when eth was stuck on $300,2018-01-07 18:10:48+00:00,2018-01-07
Real steep curve,2021-06-13 13:23:08+00:00,2021-06-13
No one wants to Hold Fiat now,2021-02-09 06:44:47+00:00,2021-02-09
Byzantium officially activated Block #4370000!,2017-10-15 22:23:29+00:00,2017-10-15
Let's get that energy going!,2021-04-20 13:47:41+00:00,2021-04-20
If this isn‚Äôt the most accurate portrayal of crypto investing I don‚Äôt know what is,2021-07-05 02:37:17+00:00,2021-07-05
Working the real job instead!,2021-04-19 18:14:55+00:00,2021-04-19
Stay strong üî•üöÄ,2021-03-10 01:36:49+00:00,2021-03-10
"Stock markets closed. Crypto is always hustling. Happy $2,100",2021-04-03 07:19:05+00:00,2021-04-03
Insight,2021-02-28 10:50:12+00:00,2021-02-28
Cryptocurrency Youtuber starterpack,2021-07-22 10:22:15+00:00,2021-07-22
Narrator: He did not speak the truth.,2021-03-31 06:20:33+00:00,2021-03-31
"in celebration of reaching $500. Free gold for everyone! Yes. everyone. No, not a joke.",2017-11-29 06:41:30+00:00,2017-11-29
Normies are confused,2021-07-11 19:31:52+00:00,2021-07-11
Think,2021-03-29 16:14:43+00:00,2021-03-29
[ETH Daily Discussion] - 13/Jun/2017,2017-06-12 23:08:55+00:00,2017-06-12
My man turned into a professional pumper,2021-02-06 04:15:40+00:00,2021-02-06
"Hello westerners, your turn now. We asians have pumped it close to $2900",2021-05-01 11:49:33+00:00,2021-05-01
I bet this guy also got into ETH somehow,2021-02-13 04:03:09+00:00,2021-02-13
New traders:,2021-03-11 04:18:50+00:00,2021-03-11
We are past that here,2021-02-19 11:21:48+00:00,2021-02-19
Buy the dip,2021-02-24 11:14:16+00:00,2021-02-24
Has ETH bottomed?,2018-11-19 05:15:57+00:00,2018-11-19
Pump it.,2021-05-19 23:41:01+00:00,2021-05-19
Exactly this,2021-04-15 02:34:33+00:00,2021-04-15
"Newbies be like ""I am suffering from Success""",2021-04-05 16:19:47+00:00,2021-04-05
Truth,2021-03-10 11:27:42+00:00,2021-03-10
You guys are my only friends,2021-02-24 17:31:30+00:00,2021-02-24
How the internet sees ETH,2017-12-09 09:28:04+00:00,2017-12-09
Worth the waiting,2021-05-02 18:17:02+00:00,2021-05-02
Thoughts on this??,2021-06-27 02:21:52+00:00,2021-06-27
My Goal,2021-07-17 08:10:53+00:00,2021-07-17
"The more I look at this,the more annoyed I am about the way the market has been moving",2021-04-20 04:19:00+00:00,2021-04-20
Foolish individuals,2021-08-06 05:13:24+00:00,2021-08-06
This is how it is,2021-02-03 15:15:58+00:00,2021-02-03
You can now buy a Tesla with B1TCOIN,2021-03-24 00:18:52+00:00,2021-03-24
I guess I‚Äôm in the club?,2021-03-31 02:28:03+00:00,2021-03-31
I feel bad,2021-05-01 00:47:30+00:00,2021-05-01
God this was an underrated tweet there years ago.,2021-07-14 21:40:39+00:00,2021-07-14
Eth tides. Changing the currents! OC,2021-05-06 15:24:22+00:00,2021-05-06
Thanks to Eth. I was able to get a tattoo for every crypto that has made me filthy rich.,2021-03-17 16:13:59+00:00,2021-03-17
I bought a dog with Ether :)... Merry Christmas,2017-12-26 16:36:55+00:00,2017-12-26
When they say they're competing,2021-07-06 07:19:10+00:00,2021-07-06
Not today Satan,2021-05-25 04:00:58+00:00,2021-05-25
Finally Ethereum !,2021-03-25 03:32:18+00:00,2021-03-25
"My lenticular art, hope you guys like it",2021-03-28 11:56:50+00:00,2021-03-28
ETH just broke $1900 all time high! Congrats hodlers! üöÄüöÄüöÄ,2021-02-17 18:35:48+00:00,2021-02-17
waiting for the end of the month salary!,2021-02-28 01:44:06+00:00,2021-02-28
Its harder than it looks,2021-02-07 04:42:10+00:00,2021-02-07
BREAKING NEWS: üö® ETHEREUM FOUNDER VITALIK BUTERIN DONATES $1 BILLION TO INDIA COVID RELIEF. I have major respect for you Vitalik Buterin... well done üòòüòò,2021-05-12 12:21:54+00:00,2021-05-12
"The more helpful we are to new members of the crypto community, the more likely it is to grow!",2021-04-24 18:26:36+00:00,2021-04-24
Quit My Job...,2017-10-13 22:20:49+00:00,2017-10-13
"The more he tweets,the less it affects the market",2021-05-17 02:35:17+00:00,2021-05-17
Sad Part,2021-03-24 15:13:35+00:00,2021-03-24
Reality,2021-02-09 23:06:49+00:00,2021-02-09
Fuck China,2017-09-14 11:20:57+00:00,2017-09-14
Elon is actually an hypocrite,2021-05-13 15:49:41+00:00,2021-05-13
Have some patience,2021-02-20 12:28:57+00:00,2021-02-20
I get satisfaction from buying ETH at 60% off,2021-06-25 04:27:24+00:00,2021-06-25
Second time?,2021-06-18 12:09:01+00:00,2021-06-18
"17 years old, made some money this weekend, and I put it all in buying my first piece of Ethereum. HODL",2021-03-20 14:45:00+00:00,2021-03-20
Ethereum investors this week,2021-04-16 02:28:32+00:00,2021-04-16
"GOODBYE, MORTGAGE!!!! It's my very own Homestead release!",2017-06-23 03:22:03+00:00,2017-06-23
"When you buy ETH at $2000, then sell at $1400 and then it starts going up",2021-02-26 08:06:15+00:00,2021-02-26
Binance literally copy pasted Ethereum and Uniswap's source code... what a failure!,2021-02-21 15:03:46+00:00,2021-02-21
Whose the biggest bagholder of them all?,2018-11-19 17:08:20+00:00,2018-11-19
Facts,2021-02-25 06:04:44+00:00,2021-02-25
If someone need a chuckle,2021-03-17 03:56:14+00:00,2021-03-17
Welcome back boys. $2500 is here,2021-07-31 14:05:47+00:00,2021-07-31
I'm already all in,2021-02-26 15:49:30+00:00,2021-02-26
"ETH breaks $2600, approaching new ATH yet again",2021-04-27 07:31:14+00:00,2021-04-27
There is something wrong with the current financial/economic system‚Ä¶ I think crypto can help.,2021-08-06 19:40:15+00:00,2021-08-06
How would you react to further ETH price declines?,2018-11-20 17:00:40+00:00,2018-11-20
Diamond hands üíéüôåüèΩ,2021-02-28 05:02:50+00:00,2021-02-28
Bet on fastest horse,2021-03-09 07:53:31+00:00,2021-03-09
Crypto for the win üòÇ,2021-02-27 03:28:57+00:00,2021-02-27
Ethereum likely to be #1 by August 5,2017-06-07 05:11:23+00:00,2017-06-07
[ETH Daily Discussion] - 19/May/2017,2017-05-18 23:12:13+00:00,2017-05-18
"Vitalik Buterin: In my opinion, the current sharding spec as described is already good enough to get us to thousands of transactions per second",2017-12-28 04:31:05+00:00,2017-12-28
Buy $20 every single day for the past 56 days - finally breaking even,2021-07-07 11:25:48+00:00,2021-07-07
Cuban smacking Peter on the head,2021-03-02 11:17:55+00:00,2021-03-02
Definitely!,2021-04-08 03:56:21+00:00,2021-04-08
A shitcoin ICO called Prodeum just exitscammed millions of dollars from investors and left them only this message on their ICO website,2018-01-29 04:49:48+00:00,2018-01-29
Yeah I am a day trader,2021-03-08 13:50:09+00:00,2021-03-08
Just want to wish everyone a,2018-04-01 01:42:18+00:00,2018-04-01
"üöÄüöÄüöÄ $2,000 is BACK BABY! üöÄüöÄüöÄ",2021-04-01 19:04:06+00:00,2021-04-01
"When the first 7 out of 10 posts in a trading sub are MEMES, we have a problem.",2017-06-12 13:11:15+00:00,2017-06-12
Absolutely!,2021-05-05 16:59:00+00:00,2021-05-05
"Tron, The $14 Billion Whitepaper With No Product",2018-01-07 06:10:33+00:00,2018-01-07
Most ICO Teams these days,2018-02-23 01:41:29+00:00,2018-02-23
I guess more people need to contact google,2017-07-20 16:50:08+00:00,2017-07-20
Alpha Casper Testnet,2017-12-31 09:06:17+00:00,2017-12-31
You you bought near the ATH and are deeply in the red‚Ä¶ ‚Äúzoom out & chill‚Äù,2021-07-19 23:05:58+00:00,2021-07-19
"If you think CryptoKitties is about cats, you're missing the entire point...",2017-12-03 18:21:00+00:00,2017-12-03
"Same for Crypto, Be patient",2021-02-15 02:36:45+00:00,2021-02-15
"WARNING: Brutal scam. Guy buys a Ledger Nano wallet on Ebay, and it steals all his cryptocurrency ($34,000, which is his life's savings).",2018-01-05 18:43:35+00:00,2018-01-05
Smash the ‚¨ÜÔ∏è if you want to see Eth $700,2020-12-16 13:25:01+00:00,2020-12-16
"Good grief, Elon‚Äôs latest tweet is super cringe",2021-07-01 03:54:13+00:00,2021-07-01
1 Eth = 1 Eth. Nothing is Lost,2021-05-19 12:22:42+00:00,2021-05-19
Ether right now,2017-12-11 01:33:55+00:00,2017-12-11
When did you first buy crypto?,2018-10-08 04:38:26+00:00,2018-10-08
Vitalik drops the mic on r/btc,2017-07-05 12:42:06+00:00,2017-07-05
Factual statement,2021-07-26 09:43:53+00:00,2021-07-26
SEC says they don't believe ETH to be a security.,2018-06-14 09:33:24+00:00,2018-06-14
Eth subs Fact,2021-05-30 00:44:22+00:00,2021-05-30
ETH's marketcap has reached half a trillion dollars!,2021-05-11 21:01:11+00:00,2021-05-11
[Daily Discussion] - 27/Apr/2017,2017-04-26 23:06:22+00:00,2017-04-26
They only believe when it's green,2021-05-24 15:16:19+00:00,2021-05-24
Ethereum progress to $10K ‚ñì‚ñì‚ñì‚ñì‚ñì‚ñì‚ñì‚ñë‚ñë‚ñë‚ñë‚ñë‚ñë‚ñë‚ñë‚ñë 40%,2021-05-09 20:13:04+00:00,2021-05-09
The story behind Ethereum Classic (ETC) - and who's trying to steal your wealth through it,2017-05-24 17:02:54+00:00,2017-05-24
"There is no better feeling than waking up and seeing green, wish you all green portfolios, ETHtraders.",2021-07-03 02:59:27+00:00,2021-07-03
One more generation will see a majority that believe in crypto,2021-03-19 01:09:19+00:00,2021-03-19
Love this gif,2021-06-23 13:22:46+00:00,2021-06-23
GDAX: ETH‚ÄìUSD Update #2,2017-06-23 16:06:41+00:00,2017-06-23
"Been in a coma for 23 days, about to check my portfolio",2018-02-02 04:58:06+00:00,2018-02-02
Quite simple.,2021-04-25 17:34:25+00:00,2021-04-25
I will save some ETH to save the apes too,2021-03-18 13:53:26+00:00,2021-03-18
"Way more than Visa: 800+ open ""Ethereum"" jobs posted by Microsoft, Deloitte, IBM, Oracle, Infosys, TD Bank, more",2018-01-15 12:17:12+00:00,2018-01-15
"""Crypto is the best kept secret in the world"" - Former NYSE president",2021-04-26 02:52:44+00:00,2021-04-26
It's just how it works,2021-05-10 11:10:36+00:00,2021-05-10
Eth üöÄ,2021-03-08 21:33:50+00:00,2021-03-08
"Chinese citizens are using Ethereum to record a heartbreaking story: more than 250k falsely made vaccines were used by newborn babies, causing permanent damage and even death",2018-07-25 17:32:36+00:00,2018-07-25
when in doubt zoom out,2021-05-15 17:34:48+00:00,2021-05-15
"Today, Ethereum has processed 50% more txs than BTC. Ethereum currently has 17 pending TX and BTC has 45k. It takes $0.006 to move Ether in less than 20 seconds.",2017-11-08 14:35:50+00:00,2017-11-08
Rate my wallpaper üî•üöÄ,2021-03-30 05:23:19+00:00,2021-03-30
I hope this captures the reality we are about to see,2021-02-11 16:17:56+00:00,2021-02-11
[OC] Crypto Market Evolution in 80s,2018-05-10 07:40:01+00:00,2018-05-10
Woke up this morning and my life savings is gone.,2017-12-22 07:36:28+00:00,2017-12-22
Inevitable,2021-02-08 21:59:42+00:00,2021-02-08
Broom broom,2021-03-19 20:34:33+00:00,2021-03-19
Edward Snowden on Twitter - I'm with Vitalik.,2017-12-19 12:52:18+00:00,2017-12-19
The United States Currently..,2018-02-06 10:51:22+00:00,2018-02-06
ÕèÕè,2021-07-21 02:36:43+00:00,2021-07-21
Damn right it is,2021-06-24 00:47:52+00:00,2021-06-24
Soon,2021-02-05 19:02:04+00:00,2021-02-05
VISA is looking for a blockchain Engineer with Ethereum and Solidity Experience for B2B Connect,2018-01-15 05:22:56+00:00,2018-01-15
"I work because I want to, not because I need to",2021-03-02 22:54:16+00:00,2021-03-02
Remember Today,2021-04-14 08:24:43+00:00,2021-04-14
Sooner or later fiat currency will disappear,2021-06-10 18:41:46+00:00,2021-06-10
Street art in Melbourne,2021-04-06 02:51:34+00:00,2021-04-06
Probably nothing üëÄ,2021-08-03 04:16:52+00:00,2021-08-03
So much work for just 10%,2021-04-10 12:18:26+00:00,2021-04-10
The government of Thailand will release the ‚Äúdigital passport‚Äù in partnership with Ethereum,2018-02-20 04:19:01+00:00,2018-02-20
Every 3 Min,2021-03-01 02:04:31+00:00,2021-03-01
Trevon James erased 39 of his YouTube videos promoting BitConnect yesterday. Looks like he starts getting worried about the class action lawsuit against him,2018-01-27 08:25:03+00:00,2018-01-27
[ETH Daily Discussion] - 21/May/2017,2017-05-20 23:12:10+00:00,2017-05-20
I don't Feel Pain anymore,2021-03-02 02:27:26+00:00,2021-03-02
Daily Discussion [Serious] - 16/Jun/2017,2017-06-15 23:20:42+00:00,2017-06-15
[ETH Daily Discussion] - 12/Jun/2017,2017-06-11 23:12:19+00:00,2017-06-11
Think you can change my mind?,2021-04-30 01:13:55+00:00,2021-04-30
Congratulations mr. Vitalik!,2021-05-06 03:53:06+00:00,2021-05-06
So accurate it is almost offensive,2021-02-16 20:16:33+00:00,2021-02-16
CNBC: Crypto market could hit $1 trillion this year,2018-02-07 03:12:40+00:00,2018-02-07
This joke has gone too far at this point imo,2021-04-16 04:26:57+00:00,2021-04-16
Robinhood to start offering crypto trading,2018-01-25 10:25:18+00:00,2018-01-25
We're becoming r/bitcoin,2017-07-12 19:33:40+00:00,2017-07-12
[ETH Daily Discussion] - 24/May/2017,2017-05-23 23:10:57+00:00,2017-05-23
WSB + CryptoRevolutionaries Unite!,2021-01-27 03:40:11+00:00,2021-01-27
Mining migration,2021-07-04 13:28:25+00:00,2021-07-04
Me everytime I look at my ETH portfolio every morning,2021-05-08 10:30:14+00:00,2021-05-08
agree or not? ü§£,2021-04-14 20:10:06+00:00,2021-04-14
This is the truth,2021-06-01 07:40:24+00:00,2021-06-01
Video of GDAX during ETH crash to 10 cents,2017-06-30 11:08:33+00:00,2017-06-30
This is wonderful!!,2021-06-25 00:55:48+00:00,2021-06-25
True. We strive to be friendly to newbies here at r/ethtrader !!!,2021-07-11 00:46:18+00:00,2021-07-11
"Fuel The Rockets, Liftoff is Due April 24th",2019-03-11 11:18:09+00:00,2019-03-11
"please, don't ever talk about ethereum, thanks!",2021-05-12 18:04:48+00:00,2021-05-12
"Visa got their lesson, Adopt or Fade away",2021-02-21 06:21:36+00:00,2021-02-21
Me trying to catch these token dips at the right time,2017-10-23 12:56:55+00:00,2017-10-23
Me in 10 years,2021-04-24 11:02:35+00:00,2021-04-24
A message from us,2021-03-21 12:54:34+00:00,2021-03-21
Only Eth üöÄüî•,2021-03-14 19:54:07+00:00,2021-03-14
Get some perspective,2021-02-17 02:47:56+00:00,2021-02-17
Just be careful out there,2021-01-07 10:37:07+00:00,2021-01-07
Not much but it's honest work.,2021-07-03 22:09:23+00:00,2021-07-03
I lold,2021-06-24 16:01:31+00:00,2021-06-24
Personal Finance Rules for Being an Effective Holder,2017-12-21 12:56:12+00:00,2017-12-21
Diversification is the key,2021-05-28 15:44:15+00:00,2021-05-28
"The Ethereum blockchain now processes about as much USD value as all other blockchains combined, including Bitcoin.",2018-01-14 08:54:19+00:00,2018-01-14
‚ÄúWe accept Ethereum (ETH)... or Bitcoin if we have to.‚Äù - My local bike shop.,2018-02-10 10:06:45+00:00,2018-02-10
Mark Cuban wants to bet Peter Mallouk 1 million dollars that BTC and ETH outperform the S&P 500,2021-04-29 15:23:02+00:00,2021-04-29
Nasdaq CEO says they are open to becoming a cryptocurrency exchange (!!),2018-04-25 07:45:14+00:00,2018-04-25
Every time,2021-03-18 04:57:24+00:00,2021-03-18
Happy Birthday Vitalik Buterin!,2018-01-31 00:35:33+00:00,2018-01-31
"POV: Those who sold at 1800 to ""buy back in lower""",2021-07-25 18:10:22+00:00,2021-07-25
The meme that never gets old for OG crypto holders,2021-04-17 21:05:57+00:00,2021-04-17
"Given the ""battle of 2300"", I am damn glad I did! Up we go!",2021-04-13 11:11:58+00:00,2021-04-13
That's crazy high returns,2021-06-27 06:38:04+00:00,2021-06-27
Who's mining Ethereum this time?,2021-02-08 04:34:46+00:00,2021-02-08
Got my first hardware wallet (gotta stay safe) and loaded it with ETH :),2021-03-03 11:13:19+00:00,2021-03-03
How Low Will She Go? What's the lowest you think ETH will hit in 2018?,2018-10-14 15:27:30+00:00,2018-10-14
Vitalik dropped this gem as a reply to an ETH/BTC maximalism post. Reminding us about the vision and values of Ethereum,2021-04-12 03:29:12+00:00,2021-04-12
Don't worry guys we know what to do....,2017-06-25 13:17:24+00:00,2017-06-25
$3000 Ethereum üöÄ,2021-08-07 02:08:17+00:00,2021-08-07
Now we all know how our close ones feel,2021-03-20 02:47:41+00:00,2021-03-20
Every time,2021-03-23 11:19:58+00:00,2021-03-23
New mining center in Texas United States,2021-07-06 15:26:42+00:00,2021-07-06
Only people that should be massively upset are the new Investors,2021-03-25 08:55:50+00:00,2021-03-25
[ETH Daily Discussion] - 23/May/2017,2017-05-22 23:10:39+00:00,2017-05-22
Anyone else feel like they need to own more ETH?,2021-05-01 06:29:38+00:00,2021-05-01
Wow. Coinbase number #1 Free App in the App Store.,2017-12-07 21:40:42+00:00,2017-12-07
I think this is our hope. is that right?,2021-04-19 06:01:19+00:00,2021-04-19
Their reaction to a 10% pump,2021-02-21 01:14:05+00:00,2021-02-21
Doge,2021-02-07 20:20:19+00:00,2021-02-07
When you are trying to buy the dip,2018-03-03 08:34:18+00:00,2018-03-03
The current state of the crypto market in one tweet,2018-01-10 16:40:55+00:00,2018-01-10
Hi,2021-01-28 10:12:25+00:00,2021-01-28
Cryptocurrencies: Last Week Tonight with John Oliver,2018-03-12 00:41:40+00:00,2018-03-12
Is this guy still alive?,2021-07-17 23:15:25+00:00,2021-07-17
Everytime the same üòÇ,2021-02-16 02:39:56+00:00,2021-02-16
"UNITED NATIONS SENDS AID TO 10,000 SYRIAN REFUGEES USING ETHEREUM BLOCKCHAIN",2017-06-13 04:20:20+00:00,2017-06-13
Ethereum's ¬µRaiden - Bitcoin is Falling Behind,2017-11-30 22:19:51+00:00,2017-11-30
Kodak stock soars over 70% after announcing its new cryptocurrency venture using Ethereum's smart contracts,2018-01-10 08:44:24+00:00,2018-01-10
"Joseph Lubin on Twitter: ""#Bitcoin = A single app. #Ethereum = An entire app store. Thanks for having me on @BloombergTV, always a pleasure. https://t.co/LXKX8cF8BR""",2017-12-16 20:08:50+00:00,2017-12-16
Pain,2021-02-13 20:05:30+00:00,2021-02-13
Japan‚Äôs Biggest Energy Giant Invests in Ethereum Blockchain Startup,2018-01-22 05:05:32+00:00,2018-01-22
Someone Just Stoke Over 150k In Crypto From Me. Here's How They Did It. Now Let's Catch Them,2018-05-19 08:19:31+00:00,2018-05-19
Please,2021-07-24 09:43:21+00:00,2021-07-24
PAID OFF MY CABLE BILL,2017-08-23 16:34:52+00:00,2017-08-23
Me everytime I see a new Alt coin pop up...,2017-06-17 12:46:31+00:00,2017-06-17
TruthüíØüíØüíØ,2021-05-21 09:10:31+00:00,2021-05-21
Picking for alt season,2021-01-15 02:29:32+00:00,2021-01-15
It‚Äôs a struggle,2021-02-02 20:40:43+00:00,2021-02-02
One Of The Biggest Crypto Exchanges Chinese Huobi To Add ETH Trading!! Over $217 Million (30% of BTC) Trading Volume In Last 24 Hrs. Yuge.,2017-05-27 05:10:42+00:00,2017-05-27
Should have been a dead giveaway that he was shady.,2021-05-18 04:01:32+00:00,2021-05-18
ETH finally broke the 400USD ceiling !,2017-11-23 03:51:00+00:00,2017-11-23
"American Singer Gene Simmons‚Äô $300,000 Investment in ETH Becomes $1.376 Million in 4 Months",2021-02-14 07:43:51+00:00,2021-02-14
"To all the people hating on MyEtherWallet: It's not their fault, it's YOURS. You don't understand how it works, so please stop.",2017-06-20 09:20:21+00:00,2017-06-20
I am now Master of the world,2021-02-15 19:22:04+00:00,2021-02-15
MRW I have no trading experience and start looking at ETH market charts.,2017-06-01 10:23:07+00:00,2017-06-01
How Ether is made,2021-08-04 18:17:32+00:00,2021-08-04
"Ohh nice name, should I buy 200 of them. Hmm.. we have same first letter I should get a couple",2021-07-24 00:43:34+00:00,2021-07-24
"Congratulations on your ""depreciating asset"" OP",2018-01-01 07:39:11+00:00,2018-01-01
What were you doing in 2016?,2021-07-20 19:21:56+00:00,2021-07-20
$500!!!,2017-12-08 22:38:45+00:00,2017-12-08
When you buy the dip,2021-03-01 15:09:59+00:00,2021-03-01
"A year ago $BTC was $11,000 and $ETH was $320. A year later everyone is panicking because $BTC is $29,000 and $ETH is $1,700. Don't worry about short term price movements when you're in it for the long run .",2021-07-20 07:58:51+00:00,2021-07-20
when 4k,2021-05-09 12:59:21+00:00,2021-05-09
Crypto: The Wrong Bubble?,2018-01-27 23:58:56+00:00,2018-01-27
"Same here, what about you?",2021-04-08 13:55:54+00:00,2021-04-08
Lol! This is so true! Facts indeed.,2021-05-24 22:27:52+00:00,2021-05-24
Ethereum progress to $10k ‚ñì‚ñì‚ñì‚ñì‚ñë‚ñë‚ñë‚ñë‚ñë‚ñë‚ñë‚ñë‚ñë‚ñë‚ñë 24%,2021-04-14 14:43:38+00:00,2021-04-14
Be greedy when others are fearful!,2021-04-22 22:11:47+00:00,2021-04-22
Apple's Steve Wozniak Dumps Facebook And Thinks Ethereum Could Be The New Apple,2018-05-18 05:05:57+00:00,2018-05-18
"TIL Vitalik donated $763,970 to Machine Intelligence Research Institute, which aims to reduce the chance that smarter-than-human artificial intelligence causes human extinction",2018-02-20 19:12:33+00:00,2018-02-20
[ETH Daily Discussion] - 04/May/2017,2017-05-03 23:11:40+00:00,2017-05-03
You gotta keep stacking at all costs.,2021-03-23 06:07:36+00:00,2021-03-23
Why I'm bullish on ethereum!,2021-06-11 11:11:33+00:00,2021-06-11
Poll : Which platform do you consider to be a worthy opponent to Ethereum?,2018-10-25 08:56:59+00:00,2018-10-25
500$ again!! Let the memes begin!,2017-12-11 16:24:09+00:00,2017-12-11
We're identical wdwm,2021-03-05 04:10:13+00:00,2021-03-05
Seinfeld gives trading advice in a bear market,2017-06-21 10:48:07+00:00,2017-06-21
PSA: Never copy/paste your private key on mobile. Any app running can read it.,2018-03-21 02:22:19+00:00,2018-03-21
[ETH Daily Discussion] - 18/May/2017,2017-05-17 23:10:41+00:00,2017-05-17
[ETH Daily Discussion] - 30/May/2017,2017-05-29 23:07:10+00:00,2017-05-29
Disrupt the fk out of big software firms,2021-03-26 02:20:45+00:00,2021-03-26
"OKCoin begins ETH trading on June 1, 2017!",2017-05-30 11:21:33+00:00,2017-05-30
They're watching ETH charts all day!,2021-04-17 15:26:17+00:00,2021-04-17
Me getting ready to talk about crypto ..,2021-03-18 10:31:22+00:00,2021-03-18
Ethereum Broke $1400,2021-01-19 04:27:57+00:00,2021-01-19
Tron's TRX whitepaper raises more red flags than a workers parade in Soviet Union,2018-01-05 14:30:24+00:00,2018-01-05
When im broke and my friends tell me to sell my ETH,2021-05-11 13:34:34+00:00,2021-05-11
To HODLers - What is your average buying price ?,2018-10-18 01:45:39+00:00,2018-10-18
If i had a time machine,2021-05-04 17:41:46+00:00,2021-05-04
Ethereum laughs at this,2021-02-06 19:07:05+00:00,2021-02-06
Germany will not impose tax on users for using Bitcoin as a mode of payment,2018-03-01 07:56:27+00:00,2018-03-01
Legend!,2021-03-09 05:47:06+00:00,2021-03-09
Alive but dead inside.,2021-05-31 08:39:10+00:00,2021-05-31
"‚ÄúWe owe it this new generation to respect their enthusiasm about virtual currencies with a thoughtful and balanced response, not a dismissive one.‚Äù -- CFTC Chairman Giancarlo",2018-02-06 14:40:44+00:00,2018-02-06
"Wondering why I bothered taking the time researching crypto and investing in projects I believed it, instead of blindly investing in doge and being rich....",2021-04-20 05:45:19+00:00,2021-04-20
"Ethereum to $10,000",2021-02-25 03:19:21+00:00,2021-02-25
Bought my first 0.15 Ethereum about a week ago and decided to make this animation!,2021-05-12 06:14:19+00:00,2021-05-12
"""Today Ethereum transacted over $100,000,000 PER HOUR on average, with over 53% of transactions going to smart contracts -- really speaks for Ethereum's success as a contract platform"" --- Paul Kohlhaas",2018-05-05 04:11:00+00:00,2018-05-05
"Real talk on why you are still super early, and how even $10k ETH is nothing",2021-05-09 13:21:59+00:00,2021-05-09
Just passed half a TRILLION market cap!,2021-05-11 20:58:44+00:00,2021-05-11
"""Ethereum"" shatters 4 month high on Google Trends, about to go parabolic!",2017-12-01 10:04:52+00:00,2017-12-01
Absolutely INSANE!! $3300!!!! LET'S GO BULLS!,2021-05-03 10:16:35+00:00,2021-05-03
HE'S BACK,2017-12-12 04:25:38+00:00,2017-12-12
"Let's be honest, this is most of us here on /r/ethtrader...",2017-07-24 21:42:18+00:00,2017-07-24
VISA CONFIRMED. Looking for Ethereum Blockchain Engineer.,2017-06-22 16:16:59+00:00,2017-06-22
This is so true it hurts,2021-05-10 04:12:03+00:00,2021-05-10
This is how ETH price behaving lately!,2021-03-23 07:51:39+00:00,2021-03-23
Fact ‚úîÔ∏è,2021-03-20 07:46:34+00:00,2021-03-20
How I Feel When I Make 5% Gains But The Coin I Decided Against Moons.,2017-11-07 22:38:47+00:00,2017-11-07
A moment of upvote for out lost brothers and sisters. May your ETH rest in peace.,2017-06-21 17:04:54+00:00,2017-06-21
A moment if silence for those who sold their Ethereum at ~$160 during the first big correction back in July.,2017-12-13 21:57:17+00:00,2017-12-13
"Central bank chief: Ether has value, Bitcoin doesn‚Äôt",2017-12-19 04:21:27+00:00,2017-12-19
It‚Äòs December 2023.,2021-04-08 23:59:33+00:00,2021-04-08
Not anymore... just hodl and be carefree,2021-03-10 17:35:13+00:00,2021-03-10
NYT goes all in on Ethereum,2018-01-16 06:38:53+00:00,2018-01-16
"Vitalik Buterin on Twitter: ""Protip: if an ICO does volume bonuses (""buy at least $50000 of coins, get 20% more"") then they do not understand the first thing about the egalitarian spirit of crypto (or at least, the egalitarian spirit that I believe crypto *should* have). Skip them.""",2017-11-19 19:25:45+00:00,2017-11-19
Will Proof of Stake turn ETH into the best Store of Value coin?,2017-12-29 12:09:46+00:00,2017-12-29
[Daily Discussion] - 28/Apr/2017 - Daily Discussion Unlimited,2017-04-28 01:22:25+00:00,2017-04-28
"""I don't have any Real money"".....lol..Eth can help you reduce your spending recklessly.",2021-04-20 13:47:46+00:00,2021-04-20
"Reddit Founder: ""I‚Äôm most bullish about Ethereum simply because people are actually building on it."" [MSN]",2018-05-02 07:20:05+00:00,2018-05-02
HODL!,2017-12-07 10:38:46+00:00,2017-12-07
Welcome $2700,2021-08-04 09:15:40+00:00,2021-08-04
Can you deal with it?,2021-02-28 12:24:19+00:00,2021-02-28
Fyi...,2021-03-08 10:04:46+00:00,2021-03-08
Ethereum will scale!,2021-04-03 10:52:28+00:00,2021-04-03
Stimulus purchase spent all of it on 1 Etherium,2021-03-12 20:57:42+00:00,2021-03-12
It. Has. Arrived!!!,2017-06-16 14:23:01+00:00,2017-06-16
Actual photo of people waiting to be verified.,2017-06-10 15:51:06+00:00,2017-06-10
Really BIG if true!,2021-04-23 19:26:59+00:00,2021-04-23
Risk of Hardfork in r/ethtrader...,2017-06-27 06:59:45+00:00,2017-06-27
"Ethereum's future is bright, the DApps are coming!",2018-03-06 11:35:59+00:00,2018-03-06
"Probably because they want to buy it cheaper, they are paid by banks to shill.",2021-07-29 06:02:07+00:00,2021-07-29
"Just bought $10k worth of ETH taking me well pass 50 ETH!!! It‚Äôs Party üéâ time!!! HODL to $100,000 per ETH in 5 years, or sooner!!! Long and Strong üí™ ETHEREUM!",2021-06-30 11:23:23+00:00,2021-06-30
"ETH price in one year: between $700 and $14,000, averaging around $3,500.",2017-12-07 04:45:34+00:00,2017-12-07
TB to this lol,2021-07-27 02:19:10+00:00,2021-07-27
Saw this at Miami,2021-06-04 16:17:13+00:00,2021-06-04
Financial Renaissance is upon us and is led by an army of developers !,2021-02-10 21:34:04+00:00,2021-02-10
When you've been holding onto shitcoins for a long time and just can't let the bags go...,2017-09-03 06:45:39+00:00,2017-09-03
It‚Äôs finally here!,2021-07-16 14:23:52+00:00,2021-07-16
How it feels to be a crypto trader in the past month,2017-07-10 12:02:31+00:00,2017-07-10
Anyone still holding from 2018?,2020-09-10 10:10:03+00:00,2020-09-10
[ETH Daily Discussion] - 30/Apr/2017,2017-04-29 23:08:50+00:00,2017-04-29
"$ETH just closed a Quarterly candle at ATH for the first time in nearly 4 years. Congrats HODL'ers! This is a 161%+ candle. Legendary. Send it to $10,000.",2021-04-01 02:36:48+00:00,2021-04-01
"Daily General Discussion - November 23, 2017",2017-11-22 23:10:57+00:00,2017-11-22
HUGE. Coinbase releases product for institutions to start investing into crypto including ETH.,2017-11-16 21:50:11+00:00,2017-11-16
When you see other people buying the dips,2021-06-22 05:02:12+00:00,2021-06-22
Oh that's nice,2021-02-09 01:14:40+00:00,2021-02-09
NHL team will begin accepting Ethereum,2021-06-07 13:46:32+00:00,2021-06-07
ETH making dreams come true,2021-04-08 15:41:23+00:00,2021-04-08
Mining is really bad for the environment,2021-08-01 09:26:18+00:00,2021-08-01
Life of a Crypto trader,2017-12-30 14:32:56+00:00,2017-12-30
Sweet Jesus - Looking forward to the future of ETH,2021-06-28 17:04:06+00:00,2021-06-28
"it turns out it's not just me, because sometimes it happens like this üòÅüî•üöÄ",2021-04-20 02:06:17+00:00,2021-04-20
Every one will be using it soon,2021-07-04 07:36:57+00:00,2021-07-04
Buy the dip!,2021-04-18 02:04:30+00:00,2021-04-18
This is the funniest tweet of 2020,2020-12-18 09:25:27+00:00,2020-12-18
Updated fact list: why Ethereum will be the most successful blockchain network,2017-12-26 03:48:36+00:00,2017-12-26
Made 2k over the last two days swing trading Doge then cashed out and bought 1 ETH. (Translation: I left the casino and went strait to the bank) ‚ö°Ô∏è‚ö°Ô∏è,2021-04-17 14:25:23+00:00,2021-04-17
The Flippening is back on: 51.9% ETH/BTC mk ratio and climbing!,2018-01-09 15:53:18+00:00,2018-01-09
[S]ETH Rogen was on my flight from Jamaica,2017-09-29 06:44:22+00:00,2017-09-29
[ETH Daily Discussion] - 25/May/2017,2017-05-24 23:10:38+00:00,2017-05-24
Guys after months of buying the dips working my minimum wage job I finally own 1 ETH,2021-06-28 00:39:13+00:00,2021-06-28
Breaking : EIP 1559 is accepted üéâüéà,2021-03-05 09:18:45+00:00,2021-03-05
Market share of Ethereum-based tokens grows to 91%,2018-01-12 03:26:27+00:00,2018-01-12
Time to party like it's $1999,2021-04-01 12:46:20+00:00,2021-04-01
"[SCAM ACCUSATION] HitBTC.com Scam - Stolen Tokens worth 150 ETH ($50,000 USD)",2017-08-25 07:01:33+00:00,2017-08-25
I am a grammy award winning musician and I want to release my album on the Ethereum network.,2017-05-22 15:18:47+00:00,2017-05-22
"Eth $3,000 wall is cleared! üéä",2021-05-02 18:43:42+00:00,2021-05-02
Pain,2021-02-13 22:34:06+00:00,2021-02-13
Which future do you want to see?,2021-04-24 12:38:14+00:00,2021-04-24
The origin of ETH is quite strange,2021-01-18 00:52:00+00:00,2021-01-18
Welcome to Despair /r/Ethtrader: Ready To Do it All Over Again?,2018-03-29 20:11:06+00:00,2018-03-29
Me at the 3k $ETH watch party,2021-05-02 15:56:22+00:00,2021-05-02
[ETH Daily Discussion] - 10/Jun/2017,2017-06-09 23:09:48+00:00,2017-06-09
So far...,2021-05-22 07:23:02+00:00,2021-05-22
Its been 2 hours,2021-02-20 09:07:51+00:00,2021-02-20
BREAKING: Mark Cuban calls for more stablecoin regulation after trading DeFi token that crashed to zero ü§£,2021-06-17 10:30:14+00:00,2021-06-17
"Close enough dad, close enough #Ether",2018-01-23 21:59:39+00:00,2018-01-23
Every time,2021-04-02 06:18:46+00:00,2021-04-02
A very pleasant evening,2021-03-22 15:33:52+00:00,2021-03-22
üíéüöÄI'm not sellingüöÄüíé,2021-02-03 11:13:04+00:00,2021-02-03
Vitalik boycotting coindesk's Consensus 2018 conference,2018-04-26 09:08:47+00:00,2018-04-26
I've been in r/ethtrader since early 2015,2017-12-12 18:52:46+00:00,2017-12-12
"Buy right, Hodl Tight",2021-01-26 08:35:29+00:00,2021-01-26
Its Harder than it looks,2021-02-02 21:30:33+00:00,2021-02-02
Ethereum hits $1000 in Korea.,2017-12-20 06:10:45+00:00,2017-12-20
Pain,2021-01-04 05:42:07+00:00,2021-01-04
6 of 10 Moderators are leaving Ethtrader. A farewell.,2019-08-18 15:27:22+00:00,2019-08-18
Lmao,2021-07-18 09:11:22+00:00,2021-07-18
Checking my 1 month old portfolio!,2017-07-29 05:13:08+00:00,2017-07-29
Ethereum is strong and won't fail. No need to hate on other coin(s),2021-05-14 01:06:46+00:00,2021-05-14
Not a GME ape but wanted to send all the GME boys some love and well wishes üòò,2021-03-16 07:09:53+00:00,2021-03-16
Elon's negative tweet had absolutely no impact. The market is ignoring him,2021-07-09 01:41:07+00:00,2021-07-09
TIME magazine selling this cover as an NFT on etherum,2021-03-24 11:13:18+00:00,2021-03-24
"$1000 invested in ETH 5 years back would worth $273,000 today",2021-04-13 15:53:26+00:00,2021-04-13
Ethereum is the internet üî•,2021-05-27 17:12:32+00:00,2021-05-27
Well said!,2021-03-27 13:56:35+00:00,2021-03-27
NYTIMES article explains Ethereum,2017-10-01 18:00:59+00:00,2017-10-01
"As of today I officially own 1 ETH. I know it's nothing, but I'm excited in a crypto nerd kind of way.",2021-03-03 14:23:20+00:00,2021-03-03
Moscow Stock Exchange Prepares to Trade Cryptocurrency,2017-08-29 13:33:19+00:00,2017-08-29
This is the way.,2021-04-27 13:14:01+00:00,2021-04-27
Bought a house with ETH gains,2018-05-10 06:29:31+00:00,2018-05-10
"Metcalfs Law has 97% Correlation to ETHUSD Since 2015. Puts ETH value at $8,000",2018-02-01 14:08:59+00:00,2018-02-01
ETH decoupling from BTC,2021-01-24 00:19:26+00:00,2021-01-24
Just hit 300$!,2017-06-10 08:38:54+00:00,2017-06-10
El Salvador has just become the world‚Äôs first nation to adopt cryptocurrency as legal tender.,2021-06-05 22:50:35+00:00,2021-06-05
Has anyone heard of this?,2021-03-02 09:24:34+00:00,2021-03-02
Just cashed out at the bottom and bought my lambo finally,2021-02-23 07:54:33+00:00,2021-02-23
Don't be like this guy!,2021-02-14 08:44:47+00:00,2021-02-14
Means HODL !,2021-02-21 09:11:25+00:00,2021-02-21
Pay day and finally own a full ETH after 18 months of chipping away,2021-04-30 07:47:07+00:00,2021-04-30
[ETH Daily Discussion] - 01/May/2017,2017-04-30 23:10:36+00:00,2017-04-30
**Warning** Reports of MyEtherWallet Site Compromised.,2018-04-24 06:08:33+00:00,2018-04-24
what a beautiful thing to see,2017-10-17 02:53:08+00:00,2017-10-17
Where's Waldo?,2018-02-01 04:10:12+00:00,2018-02-01
WSJ talks about Bitcoin growth but check out the top line on their chart,2017-11-28 14:56:48+00:00,2017-11-28
Fingers Crossed,2021-01-13 03:22:02+00:00,2021-01-13
FOR IMMEDIATE RELEASE: EEA adds 86 new members,2017-05-21 18:08:58+00:00,2017-05-21
Legend!,2021-05-01 13:08:36+00:00,2021-05-01
Ethereum progress to $69420 ‚ñì‚ñë‚ñë‚ñë‚ñë‚ñë‚ñë‚ñë‚ñë‚ñë‚ñë‚ñë‚ñë‚ñë‚ñë‚ñë‚ñë‚ñë‚ñë‚ñë 4.8%,2021-05-03 15:35:30+00:00,2021-05-03
Well said,2021-05-06 05:13:32+00:00,2021-05-06
$475!!! Prepare to hit $500,2017-11-24 16:37:24+00:00,2017-11-24
ETH Is Taking a Dump,2017-08-21 05:17:15+00:00,2017-08-21
Indeed,2021-06-06 11:36:10+00:00,2021-06-06
Announcement: r/ethtrader will no longer use USD as the official currency,2018-03-31 06:42:11+00:00,2018-03-31
"NASA project: ""Ethereum blockchain technology will be exploited to develop a decentralized, secure, and cognitive networking and computing infrastructure for deep space exploration‚Äù",2018-04-16 10:52:10+00:00,2018-04-16
Microsoft helps launch world‚Äôs first blockchain-based investment product: settled on the public Ethereum chain.,2018-03-21 09:33:45+00:00,2018-03-21
Hold,2021-08-03 11:06:59+00:00,2021-08-03
Eth above $1750 üöÄ Congratulations Who held during the dips,2021-03-29 02:50:26+00:00,2021-03-29
Factüëå,2021-05-09 06:51:23+00:00,2021-05-09
Holders Assemble!,2021-07-16 23:22:20+00:00,2021-07-16
Just saw this huge LED billboard in Canary Wharf station,2017-06-06 05:19:02+00:00,2017-06-06
It hurts,2021-03-01 09:20:30+00:00,2021-03-01
I was present!,2020-11-06 01:22:01+00:00,2020-11-06
Feel for them,2021-03-31 16:40:17+00:00,2021-03-31
TFW btc is going full moon,2017-10-20 07:45:48+00:00,2017-10-20
It's a Full time job right?,2021-04-20 06:27:22+00:00,2021-04-20
$900 PLUS,2018-01-03 11:46:16+00:00,2018-01-03
"In Bern, we‚Äôre HODLing for over a century!",2021-03-07 06:11:50+00:00,2021-03-07
1 ETH = 0.1 BTC ON GDAX!!!,2018-01-14 17:28:00+00:00,2018-01-14
Raiden testnet has been deployed!,2017-09-05 05:53:37+00:00,2017-09-05
"Pfizer, Royal Bank of Canada & AMD join EEA",2018-01-31 13:52:15+00:00,2018-01-31
"Your move, Elon",2021-07-15 08:19:53+00:00,2021-07-15
Daily Discussion [Serious] - 17/Jun/2017,2017-06-16 23:06:23+00:00,2017-06-16
Ethereum is the solution,2021-01-29 07:26:55+00:00,2021-01-29
*Crypto,2021-07-31 11:28:20+00:00,2021-07-31
Please stop tipping /u/sharpshaaman. It's very likely his ER visit post is fake.,2017-05-20 06:59:22+00:00,2017-05-20
he might be onto something,2021-05-22 08:22:14+00:00,2021-05-22
Amazon launches AWS Blockchain Templates - Launch Ethereum networks with just a few clicks,2018-04-20 03:36:34+00:00,2018-04-20
"Want a ""Peer-to-Peer Electronic Cash System?"" which actually works in that primary function? That is $ETH, not $BTC. And that is only 1% of what you can do with Ethereum. Money is just the first dapp. - Bob Summerwill",2017-11-10 06:44:07+00:00,2017-11-10
Rocky giving some sound advice.,2017-07-21 12:17:28+00:00,2017-07-21
French authorities reduces crypto tax from 45% to 19%,2018-04-28 03:48:49+00:00,2018-04-28
[ETH Daily Discussion] - 01/Jun/2017,2017-05-31 23:08:17+00:00,2017-05-31
True,2021-05-05 11:19:27+00:00,2021-05-05
Probably >90% of the public don‚Äôt know this yet...ü§Ø,2021-07-02 19:04:40+00:00,2021-07-02
"ETH will be used as a payment option for 50,000 electric vehicle charging stations across Europe!",2021-06-25 13:34:45+00:00,2021-06-25
"The market has been riding on Bitcoins steam for too long. People are now seeing BTC is fundamentally flawed and it's support is falling. It's time for us and the better coins to rise on our own. Keep hodling, this needed to happen.",2018-02-05 03:23:46+00:00,2018-02-05
Microsoft Goes Ethereum: $561 Bln US Company Releases Ethereum-Based Protocol ‚ÄòCoco‚Äô,2017-08-12 10:08:29+00:00,2017-08-12
Me during Bull season,2021-01-14 05:28:05+00:00,2021-01-14
When someone asks about my strategy,2018-05-23 07:59:46+00:00,2018-05-23
The future is bright,2021-05-24 14:02:10+00:00,2021-05-24
Only 10% of Ripple (XRP) is owned by the masses,2018-01-19 18:39:44+00:00,2018-01-19
Casper (Proof of Stake) Code was Published Today by Vlad Zamfir,2017-11-21 14:36:48+00:00,2017-11-21
Pure truth,2021-05-26 05:33:26+00:00,2021-05-26
"Vitalik calling out Craig Wright for what he is, a fraud",2018-04-03 04:29:52+00:00,2018-04-03
Inflation is a silent thief.,2021-06-30 12:35:14+00:00,2021-06-30
Vitalik Buterin makes Forbes 30 under 30 in Finance,2018-01-22 11:05:33+00:00,2018-01-22
"""Sharding is coming."" ~ Vitalik Buterin",2018-04-30 11:30:34+00:00,2018-04-30
"Vladimir Putin Says Russia Needs Blockchain, Cannot be Late in the Race",2018-02-25 08:10:51+00:00,2018-02-25
Request Network (REQ) is LIVE on testnet!,2017-12-18 07:07:11+00:00,2017-12-18
Me the past 24 hrs after seeing Bitcoin and Litecoin go up,2017-12-11 10:31:39+00:00,2017-12-11
Wall Street Has Arrived! Bloomberg adds price tracking for Ethereum!,2017-12-15 02:42:48+00:00,2017-12-15
#DrButerin #VitalikButerin,2018-11-30 13:53:10+00:00,2018-11-30
Real story,2020-02-17 11:07:57+00:00,2020-02-17
Putin Tells Central Bank Not to Create Unnecessary Barriers to Cryptocurrencies,2017-10-10 23:27:02+00:00,2017-10-10
MasterCard and Cisco Join Enterprise Ethereum Alliance,2017-07-18 11:55:26+00:00,2017-07-18
easy to say,2021-07-31 08:49:31+00:00,2021-07-31
2017-2018 kids will remember ...,2021-01-03 05:12:38+00:00,2021-01-03
Cryptocurrency Agencies Says Ethereum Is Better Than Bitcoin And Ripple,2018-01-28 09:22:36+00:00,2018-01-28
What will be the price of ETH in a week?,2018-10-09 04:34:22+00:00,2018-10-09
I believe we can,2021-02-21 06:20:46+00:00,2021-02-21
Hodlers be like during a bull market! üöÄ,2021-02-13 03:11:39+00:00,2021-02-13
"Google co-founder, Sergey Brin is a last minute addition to the Blockchain Summit panel on emerging technologies. Says he is mining Ethereum with his son.",2018-07-08 07:03:32+00:00,2018-07-08
To $400!,2017-08-20 22:46:34+00:00,2017-08-20
"After analysing Ethereum for over 10 years, I've deduced the only possible scenarios for ETH in the coming weeks. You heard it here first folks!",2020-08-21 07:17:20+00:00,2020-08-21
Meme of the Day,2021-03-17 21:14:09+00:00,2021-03-17
"Daily General Discussion - December 12, 2017",2017-12-11 23:11:24+00:00,2017-12-11
Eth price is deliberately sabotaged,2017-10-30 12:25:55+00:00,2017-10-30
"Bois, ETH is under $2k again!",2021-06-21 05:03:48+00:00,2021-06-21
"STOP blaming anyone but YOU for losing money. Pay your bills, feed your kids, get some gas and make sure you are able to do so the next month. Why on earth would you put everything you have into something before maintaining a roof over your head is beyond me. It's YOUR FAULT. Not his, not China's.",2021-05-19 11:48:40+00:00,2021-05-19
"Me in Charge of Managing my Crypto portfolio that got wayyy too big, acting like I have everything under control",2021-04-05 04:31:02+00:00,2021-04-05
The original altcoin,2017-09-07 19:45:26+00:00,2017-09-07
Lmao,2021-06-18 14:08:24+00:00,2021-06-18
""" Ethereum has already won the race for developer mindshare. Several orders of magnitude more developers than any other platform. And if you don't have developers building on your platform, you're building a ghost town. "" James Duffy, Loom Network",2018-05-09 11:42:43+00:00,2018-05-09
Goldman Sachs-Backed Startup just Bought Poloniex,2018-02-26 06:51:06+00:00,2018-02-26
"Visa, IBM, Microsoft and USAA have all posted jobs in the past week looking for Ethereum developers",2017-08-08 11:29:52+00:00,2017-08-08
Hi American friend! Eth hit 2k ‚Ç¨ üòç,2021-04-14 04:53:05+00:00,2021-04-14
JP.Morgan finally declares cryptocurrencies are a threat to their business,2018-02-28 02:46:11+00:00,2018-02-28
Created a change.org petition for Lamborghini to accept ETH. Please up vote,2017-06-10 13:03:52+00:00,2017-06-10
‚ÄúOMG ETH IS DEAD!!!‚Äù ETH HASNT BEEN THIS LOW SINCE........ *checks notes* Two days ago. Lol we are fine y‚Äôall,2021-04-22 20:18:20+00:00,2021-04-22
"Daily General Discussion - May 15, 2019",2019-05-14 23:06:34+00:00,2019-05-14
Ethereum to the Moon üöÄ,2021-02-22 02:20:48+00:00,2021-02-22
A little explanation for what is happening today,2021-05-16 11:24:14+00:00,2021-05-16
Winklevoss Brothers Launch Ethereum Token Backed By U.S. Dollars,2018-09-10 06:13:52+00:00,2018-09-10
Russia's Largest Bank Joins Enterprise Ethereum Alliance,2017-10-18 00:33:05+00:00,2017-10-18
Trader spent .09c to move 45million USD... ETH is the future,2017-07-10 06:01:38+00:00,2017-07-10
No one can stop trading on decentralised exchanges which run on a decentralised blockchain,2021-02-26 13:45:49+00:00,2021-02-26
"Daily General Discussion - November 24, 2017",2017-11-23 23:13:03+00:00,2017-11-23
Goldman-Backed Startup Circle Launches No-Fee Foreign Payments Service. Built on Ethereum.,2017-06-14 16:26:16+00:00,2017-06-14
Nobody want to talk with me,2021-02-16 00:13:34+00:00,2021-02-16
"ETH/BTC ratio is breaking out right now. If this ratio returns to its all-time-high, ETH would be valued at $8250.",2021-04-21 05:30:04+00:00,2021-04-21
Its happening people....,2021-02-17 22:37:49+00:00,2021-02-17
"This can't be more true. The overnight success myth is just what it is, a myth.",2021-04-08 06:45:03+00:00,2021-04-08
Hewlett Packard Enterprise and 47 Organizations Join 200-Member Strong Enterprise Ethereum Alliance,2017-10-18 08:58:03+00:00,2017-10-18
[ETH Daily Discussion] - 16/May/2017,2017-05-15 23:07:46+00:00,2017-05-15
ICOs: Avoid The Lemons,2017-11-21 02:36:32+00:00,2017-11-21
[Daily Discussion] - 16/Mar/2017,2017-03-16 00:06:28+00:00,2017-03-16
Ethereum Ecosystem is financial internet,2021-04-03 19:45:18+00:00,2021-04-03
Please consider posting less memes,2017-06-26 17:37:24+00:00,2017-06-26
I updated this meme to make it more accurate.,2021-01-08 16:31:41+00:00,2021-01-08
The ETHtrader starter pack,2017-06-30 01:09:12+00:00,2017-06-30
Ethereum featured on WSJ Markets today üî•üî•,2017-10-04 17:56:26+00:00,2017-10-04
Decided to sell my ETH to go to college for nursing. Thanks for the good time. Its been fun.,2017-10-21 14:36:26+00:00,2017-10-21
BIG IF TRUE: Hungry Alligator pattern forming on 5 minute chart.,2018-03-26 06:35:47+00:00,2018-03-26
Eth doing more transactions than all other chains combined,2018-01-03 12:03:03+00:00,2018-01-03
Thanks to ETH went from being a janitor to financially independent. Props to ethtrader for showing me the way in early 2017. Much respect to everyone here!,2021-04-12 15:47:39+00:00,2021-04-12
Which one is the better long term investment?,2021-04-20 12:15:22+00:00,2021-04-20
When the market crashes but you‚Äòre used to it,2021-03-23 00:19:56+00:00,2021-03-23
"Coinbase CEO now more focused on ethereum, than bitcoin",2017-11-20 10:36:50+00:00,2017-11-20
Retail be playing the crypto game different,2021-01-31 22:29:38+00:00,2021-01-31
Be a better person than a rich cryptodick and fly to Puerto Rico for free!,2018-05-20 21:55:07+00:00,2018-05-20
"BAT announces major official partnership with DOW JONES ‚Äî (MarketWatch, Barron's, Wall Street Journal, Dow Jones Industrial Average, News Corp.) Dow Jones will use BAT's blockchain advertising platform + free MW or Barron's subscription for Brave users",2018-04-18 08:40:46+00:00,2018-04-18
how to get involved in crypto full time,2021-01-22 09:37:09+00:00,2021-01-22
Fascinating,2021-07-11 03:15:23+00:00,2021-07-11
Only Pain,2021-06-23 03:45:43+00:00,2021-06-23
"This is what leadership looks like -- I present to you, CFTC Chairman Giancarlo",2018-02-06 12:57:10+00:00,2018-02-06
"Daily General Discussion - August 1, 2017",2017-07-31 23:11:24+00:00,2017-07-31
Its a damn miracle if it's during a bull run,2021-01-12 13:33:47+00:00,2021-01-12
Number of Users on Coinbase Surpasses Number of Brokerage Accounts at Charles Schwab,2017-12-02 10:13:21+00:00,2017-12-02
Crypto calculations,2021-03-31 11:40:29+00:00,2021-03-31
[ETH Daily Discussion] - 05/May/2017,2017-05-04 23:09:04+00:00,2017-05-04
Goodbye slavery,2021-02-05 04:30:49+00:00,2021-02-05
Vitalik on Twitter - Please do not put a single ETH into token sales that show a selfie with me to signify endorsement when in reality I barely know who they are,2017-09-24 20:10:34+00:00,2017-09-24
Hard truth!,2021-06-30 19:05:07+00:00,2021-06-30
"I'll be back to repost at $10,000",2021-05-02 18:40:05+00:00,2021-05-02
oh yeah huh,2020-07-28 13:49:18+00:00,2020-07-28
Only a matter of time before people wake up and realize the gravity of Circle acquisition. Leaked photo reveals Poloniex is now 1) ATS certified and 2) the first ever US regulated crypto exchange. Amazing milestone for crypto's quest towards regulatory acceptance,2018-02-26 18:26:49+00:00,2018-02-26
My 'lambo' - thanks ETH!,2017-08-02 05:00:42+00:00,2017-08-02
Hoping to pop this tonight!,2021-05-02 17:37:38+00:00,2021-05-02
"üöÄüåï Congrats on $1,800, next stop $2,000 then $3,000 and then THE MOON üåïüöÄ",2021-03-08 16:09:39+00:00,2021-03-08
Got a whip from my ETH gains boys (dont worry im still hodling the rest),2017-06-28 15:26:11+00:00,2017-06-28
Ethereum processed 4x the amount of transactions as Bitcoin today for the same amount of network fees.,2018-05-07 19:06:06+00:00,2018-05-07
"If you understand why crypto is so volatile, the dips aren't so scary",2018-02-05 22:33:09+00:00,2018-02-05
When friends ask me about ETH reaching 10K,2021-06-29 06:25:09+00:00,2021-06-29
3000 coming soon.,2021-02-13 23:07:38+00:00,2021-02-13
Thanks r/ethtrader! I think I've reached my moon and give-up my HODLER status,2017-12-25 21:05:37+00:00,2017-12-25
[ETH Daily Discussion] - 20/May/2017,2017-05-19 23:10:59+00:00,2017-05-19
He needed to clear some things up,2021-05-22 00:26:49+00:00,2021-05-22
"Daily Discussion - June 19, 2017)",2017-06-18 23:07:55+00:00,2017-06-18
[ETH Daily Discussion] - 26/May/2017,2017-05-25 23:11:48+00:00,2017-05-25
How About We NOT Brigade Online Businesses to Accept Ethereum?,2017-07-04 00:15:45+00:00,2017-07-04
High potential ICOs this week,2017-10-16 07:31:52+00:00,2017-10-16
For all new investors and investor wannabes,2017-05-22 05:50:02+00:00,2017-05-22
Me reading the daily during downtrends,2017-09-12 09:47:35+00:00,2017-09-12
üéÇüéâHappy Birthday Vitalik ! üéâüéÇ,2021-01-31 08:04:39+00:00,2021-01-31
"Shoutout Europe and Asia for working hard to get us to $2,500 as I go to sleep!",2021-04-09 22:20:35+00:00,2021-04-09
One thing,2018-04-29 12:41:59+00:00,2018-04-29
Can we Remove all Doge and Shitcoin Posts on here. This is an Ethereum Sub not a Shitcoin Circus,2021-07-03 09:29:47+00:00,2021-07-03
Even my elevator is BULLISH on ethereum,2021-05-02 08:14:16+00:00,2021-05-02
When they ask me if I'm worried...,2017-09-13 07:12:01+00:00,2017-09-13
Bullish!,2021-06-29 20:32:17+00:00,2021-06-29
Fed-Ex to use Ethereum to improve business processes,2018-05-19 02:58:09+00:00,2018-05-19
The Ethereum Foundation just released an impressive list of 2017 achievements and work to flourish in 2018,2018-01-02 08:23:35+00:00,2018-01-02
FINALLY my broke ass has 1 ETH,2021-07-29 14:46:38+00:00,2021-07-29
Green candles make me happy,2021-03-03 01:04:20+00:00,2021-03-03
Vitalik on Vice,2018-04-20 13:06:40+00:00,2018-04-20
US Regulators Agree That They Will Not Will Not Suppress Cryptocurrencies,2018-05-16 03:58:33+00:00,2018-05-16
CNBC right now,2018-01-12 15:11:36+00:00,2018-01-12
Fact,2021-01-09 23:14:58+00:00,2021-01-09
"Vitalik Buterin: ""And it begins..."" | Scalable Autonomous Smart Contracts",2017-08-09 19:11:43+00:00,2017-08-09
Classical Tweet of Poor Fiat,2021-01-02 20:20:38+00:00,2021-01-02
Perspective,2017-07-13 10:27:11+00:00,2017-07-13
1k today! I‚Äôm so glad to be part of this subreddit and be part of your joy!,2021-01-03 15:37:53+00:00,2021-01-03
Elon musk is bad for this crypto space.He makes you think he cares about you while all he cares about still is his own pockets,2021-05-14 06:03:48+00:00,2021-05-14
[ETH Daily Discussion] - 31/May/2017,2017-05-30 23:07:43+00:00,2017-05-30
Thanks to Ethereum I am now bald,2018-01-20 23:54:00+00:00,2018-01-20
Omise signed an agreement on the development of a national ID utilizing the ETDA and block chains of Thailand government agencies! We will continue to work on a number of projects that utilize block chains!,2018-02-19 05:02:02+00:00,2018-02-19
Daily Discussion - 18/Jun/2017,2017-06-17 23:07:22+00:00,2017-06-17
Do you want the blue or red pill ?,2021-05-05 15:07:18+00:00,2021-05-05
"Millennials are afraid stocks are too risky, so they're investing in crypto",2018-02-08 16:32:33+00:00,2018-02-08
HODL for life,2021-03-03 02:24:10+00:00,2021-03-03
Olaf Carlson-Wee: Ethereum will overtake Bitcoin at end of 2018,2018-02-04 04:59:15+00:00,2018-02-04
[ETH Daily Discussion] - 05/Jun/2017,2017-06-04 23:12:35+00:00,2017-06-04
me and my homie who thought Ethereum would go up forever without a dip,2021-05-13 11:39:57+00:00,2021-05-13
We will always remember you,2021-04-29 06:02:46+00:00,2021-04-29
Ethereum was announced by Vitalik Buterin on the Bitcoin forum seven years ago as on today.,2021-01-25 08:59:16+00:00,2021-01-25
Taking a minute to think about my 1st coin.,2021-04-14 17:48:23+00:00,2021-04-14
I mean he is right,2021-06-07 03:53:25+00:00,2021-06-07
BREAKING: SEC says ICOs activities may provide fair and lawful investment opportunities,2017-08-28 12:37:40+00:00,2017-08-28
Bull Run Confirmed!!,2019-07-11 17:46:08+00:00,2019-07-11
Why I still think Ethereum will pass Bitcoin and never look back,2018-12-24 09:01:12+00:00,2018-12-24
ETH over $2000! We did it boys! Congrats hodlers! üöÄüöÄüöÄ,2021-02-19 20:18:48+00:00,2021-02-19
2021 is in for a ride,2021-04-18 09:03:56+00:00,2021-04-18
"Let's clear up misconceptions about TA (triangles, lines etc), shall we?",2017-06-15 09:56:30+00:00,2017-06-15
ETHEREUM GOOGLE SEARCHES RISE ABOVE BITCOIN FOR THE FIRST TIME EVER,2017-06-13 10:34:46+00:00,2017-06-13
Bigger than bitcoin? Enterprise Ethereum Alliance grows in size,2017-05-23 07:37:49+00:00,2017-05-23
Wait...what? This is new,2021-06-14 03:31:29+00:00,2021-06-14
One of my colleagues asked me how to buy Ripple. I said buy Ethereum instead. He replied it's too expensive.,2018-02-15 20:39:48+00:00,2018-02-15
"THIS IS ACTUALLY AMAZING . El SALVADOR. What you are seeing in a video is a new well, that will provide approximately 95MW of 100% clean, 0 emissions geothermal energy from volcanos üåã",2021-06-11 09:25:55+00:00,2021-06-11
I don‚Äôt have anybody to share this with but I just hit 1 ETHü•≥,2021-05-26 21:45:58+00:00,2021-05-26
This morning: When Its longer than you expect,2021-03-01 03:05:48+00:00,2021-03-01
This room feels like Q4 2016 all over again,2018-03-13 04:40:35+00:00,2018-03-13
Ethereum right now,2017-11-12 04:54:20+00:00,2017-11-12
Who wants to see Vitalik go on the Joe Rogan Experience Podcast (JRE)?,2018-09-10 09:28:54+00:00,2018-09-10
"My wife just talked me out of selling $10,000 eth",2017-06-27 05:11:48+00:00,2017-06-27
Eth will outrun Bitcoin in long run,2021-05-01 03:42:16+00:00,2021-05-01
"It's time to take back the narrative around Ether and Ethereum. Ethereum is the future of digital, decentralized finance.",2018-09-10 11:39:26+00:00,2018-09-10
This is the way,2021-08-02 06:59:47+00:00,2021-08-02
[Daily Discussion] - 13/Mar/2017,2017-03-13 00:07:23+00:00,2017-03-13
One Day we will be on the Moon ... ONE Day ...,2021-02-10 01:53:21+00:00,2021-02-10
Your Thoughts on Tether [Poll],2018-10-15 08:54:13+00:00,2018-10-15
Not looking good for the writer of the CNBC piece that said Crypto was banned. She's been updating it all night. People are gonna try and get her fired it looks like.,2018-01-11 01:05:48+00:00,2018-01-11
How about we get Vitalik NOT on Joe Rogan etc. and leave him alone,2017-06-13 23:01:06+00:00,2017-06-13
New hodlers vs veterans,2018-03-09 04:51:53+00:00,2018-03-09
Spend your money wisely!,2021-03-13 10:28:05+00:00,2021-03-13
"I‚Äôbeen trading on ether since last december... Today I bought this car. Its not a Lambo, but its something.",2017-12-31 20:29:50+00:00,2017-12-31
[ETH Daily Discussion] - 09/Jun/2017,2017-06-08 23:10:53+00:00,2017-06-08
Welcome to ETH,2019-04-09 21:32:45+00:00,2019-04-09
That was quick,2017-11-24 08:48:55+00:00,2017-11-24
Yoooo after months of slowly buying up some ETH I just hit 1 whole ETH!!! Here‚Äôs to many more!,2021-05-10 13:50:48+00:00,2021-05-10
SENS Research Foundation Receives $2.4 Million Ethereum Donation From Vitalik Buterin,2018-02-03 08:04:07+00:00,2018-02-03
OmiseGo Becomes the First Ethereum Unicorn With a Market Cap of $1 Billion,2017-08-30 16:32:38+00:00,2017-08-30
"A thank you, to everyone working countless hours to solve the scaling problem",2017-12-09 08:44:12+00:00,2017-12-09
Who else thinks this is one of the most plausible scenarios?,2021-08-04 13:38:10+00:00,2021-08-04
"Technical Analysis, Liftoff Due June 16th",2017-06-14 12:21:33+00:00,2017-06-14
[ETH Daily Discussion] - 06/Jun/2017,2017-06-05 23:09:44+00:00,2017-06-05
when..,2021-05-24 13:15:30+00:00,2021-05-24
"Errr.... Ethereum is well thought out, many brilliant considerations (non-profit, Difficulty Bomb) made !",2021-05-13 23:08:31+00:00,2021-05-13
Please add back sticky daily discussion,2017-06-18 18:03:00+00:00,2017-06-18
Just another day in the life of ethTrader,2021-05-20 08:16:46+00:00,2021-05-20
HUGE: Government of Canada publishing data to Ethereum,2018-01-19 08:13:55+00:00,2018-01-19
Centralization is now a Business risk,2021-02-18 07:17:43+00:00,2021-02-18
BREAKING: Mt. Gox ‚ÄòBitcoin Whale‚Äô Trustee Won‚Äôt Sell Any More BTC -- (Pretty huge news for entire space and not getting deserved media coverage),2018-06-22 06:41:38+00:00,2018-06-22
"""Ethereum 2 has failed, Ethereum is not secure, etc etc"" We really need Vitalik to debunk the FUD Charles is spewing once and for all. New people are being mislead en-masse as Charles is gaining more and more air time. Up-vote if you'd like to see them debate the tech and get to the bottom of it.",2021-05-16 18:26:04+00:00,2021-05-16
"Daily General Discussion - January 31, 2018",2018-01-30 23:11:26+00:00,2018-01-30
Goldman Sachs is telling clients about Bitcoin & ETHEREUM!!,2017-08-09 13:00:46+00:00,2017-08-09
The real reason why I want to be rich: Every time I go to work my dog and cat miss me and they are sad. I don't want to make them sad!,2021-07-24 14:31:32+00:00,2021-07-24
Who‚Äôs in profit right now from ETH and still holding?,2021-05-05 12:46:18+00:00,2021-05-05
Visa Partners with Ethereum Digital Dollar (USDC),2020-12-02 08:04:46+00:00,2020-12-02
Hi /r/ethtrader! I quit my job to start Cointaxes to answer questions about taxes and digital currencies so you can have confidence even if you're not a HODLer! Sharing our first comprehensive article on the Coinbase & Gemini 1099-K. Would love your input on ANY other topics or questions! :),2018-02-08 07:31:54+00:00,2018-02-08
ETH has grown to process 66% more transactions than bitcoin,2017-11-04 21:42:08+00:00,2017-11-04
Vitalik says Ethereum will eventually support millions of transactions per second,2018-06-02 01:44:05+00:00,2018-06-02
Dont worry. Just HODL,2021-06-21 05:38:12+00:00,2021-06-21
Imagine telling people this 50 years ago. They would have called you crazy!,2021-06-01 13:31:36+00:00,2021-06-01
‚Ä™*hold my butter beer ‚Ä¨,2018-03-08 06:20:39+00:00,2018-03-08
"$ETH to $3000 this weekend? ‚ÄúYes sir, I will join this motion.‚Äù",2021-05-01 10:17:20+00:00,2021-05-01
Attaboy,2021-03-07 14:05:42+00:00,2021-03-07
Puke and rally.... Lets Goooo,2021-01-12 00:45:16+00:00,2021-01-12
"Vitalik Buterin: To be clear, the operative word here is ""all"". No, I won't stop or slow working on crypto just because price memes and stupid jokes exist...",2017-12-29 01:05:40+00:00,2017-12-29
Coinbase now shows ETH2,2021-03-26 12:45:08+00:00,2021-03-26
The Bull: a Three-Term Take on ETH,2018-04-05 14:16:27+00:00,2018-04-05
"The real reason behind the ratio decline: EOS has raised, and sold, 1.7 million ETH",2017-10-12 09:23:01+00:00,2017-10-12
$1000 Ether prediction give away,2017-08-15 03:53:43+00:00,2017-08-15
Sir Isaac Newton got the Fomo despite being one of the most intelligent people on the planet. Control your emotions.,2018-07-16 05:48:01+00:00,2018-07-16
ETH crackhead from 2018 is back,2021-02-03 15:01:28+00:00,2021-02-03
HODLing Bitcoin vs HODLing Ether,2017-11-03 13:24:47+00:00,2017-11-03
How it feels looking at Blockfolio this week,2017-11-01 05:59:28+00:00,2017-11-01
Fake News - There Is No Ruling Expected On ETH Today From SEC. You Have Been Played By The Financial Media FUD.,2018-05-07 08:38:19+00:00,2018-05-07
A very helpful Candlestick Cheat Sheet,2017-10-15 01:09:27+00:00,2017-10-15
[ETH Daily Discussion] - 02/May/2017,2017-05-01 23:13:57+00:00,2017-05-01
Gold Diggers,2021-02-13 12:25:21+00:00,2021-02-13
The last weeks...,2017-08-27 03:53:34+00:00,2017-08-27
"Well, it is..",2021-01-06 17:16:23+00:00,2021-01-06
BAT's Brave browser confirmed as default browser on new HTC phone!,2018-12-08 12:32:20+00:00,2018-12-08
Friendly reminder in Target,2017-12-17 14:19:07+00:00,2017-12-17
"Congratulations fellow ethtraders, hodlers, moonkids and lambros! We passed 420$ and reached a new all time high!!! <3",2017-11-23 10:23:08+00:00,2017-11-23
New traders be like,2021-02-14 22:50:26+00:00,2021-02-14
"I predicted the last two liftoffs, the next one is by May 24th.",2017-05-23 13:30:16+00:00,2017-05-23
This sub over the last few months,2021-05-11 18:20:14+00:00,2021-05-11
This is Ethereum!,2021-05-02 18:50:10+00:00,2021-05-02
Verrrry Interesting...!!,2019-03-12 09:59:28+00:00,2019-03-12
White House looking at public key cryptography as a replacement for social security numbers.,2017-10-04 07:02:49+00:00,2017-10-04
Truly amazing,2017-11-28 05:16:41+00:00,2017-11-28
British Airways in-flight magazine.,2017-07-14 17:12:27+00:00,2017-07-14
That's one way of dispelling the scammers lol.,2018-03-16 12:10:24+00:00,2018-03-16
"I've been here since 2017, Paid my house off 2 months ago. Next step? Retirement!",2021-05-17 06:36:56+00:00,2021-05-17
"ETH futures is VERY close, Joe Lubin: ""Months would be a long, long time... weeks... we will see""",2017-12-17 09:04:01+00:00,2017-12-17
The burn is nearly here.,2021-07-27 02:47:50+00:00,2021-07-27
"It's working, dad!",2021-03-10 13:45:23+00:00,2021-03-10
Ethereum at 1800$,2021-02-14 08:32:23+00:00,2021-02-14
Finally breaking the 1500$ wall!!!,2021-02-02 09:48:40+00:00,2021-02-02
It's the r/ETHTrader way!,2020-08-03 03:21:41+00:00,2020-08-03
Australia‚Äôs Major Banks Confirm that they Won‚Äôt Ban Buying Bitcoin,2018-02-06 06:25:23+00:00,2018-02-06
Vitalik made Forbes 30 under 30 list for Finance,2017-11-14 15:35:24+00:00,2017-11-14
Real-world: Let's get Amazon.com to start accepting Ethereum.,2017-07-03 12:58:28+00:00,2017-07-03
Yesterday Ethereum has processed more than two times as many transactions as bitcoin - for the first time ever,2017-12-11 06:16:29+00:00,2017-12-11
Reality,2021-02-13 03:21:07+00:00,2021-02-13
Some of the best buying opportunities were 12 months ago!,2021-05-15 20:17:48+00:00,2021-05-15
Me holding since December 2017,2019-04-08 11:55:33+00:00,2019-04-08
"Happy Story Time! Ethereum didn't get me a Lambo, something better.",2017-09-13 12:29:09+00:00,2017-09-13
So I just wanna show what eth just bought me... I know it‚Äôs not a Lambo,2021-04-29 07:26:18+00:00,2021-04-29
Where do you think we are in the market cycle?,2018-11-22 12:14:46+00:00,2018-11-22
What did you think it was gonna do?,2021-07-29 10:37:53+00:00,2021-07-29
Sharding is coming soon‚Ñ¢ - Vitalik diligently working,2017-12-08 13:57:07+00:00,2017-12-08
FYI - This time last year BTC was $801 USD,2018-01-11 15:44:25+00:00,2018-01-11
Coinbase will be focusing more on Ethereum in the future,2017-12-06 20:15:04+00:00,2017-12-06
Thought experiment on long term value of ETH,2018-12-13 06:04:17+00:00,2018-12-13
"Chinese Internet security giant 360 has found ""a series of epic vulnerabilities"" in the EOS platform.",2018-05-28 22:34:09+00:00,2018-05-28
Ethereum's Casper Upgrade (Proof of Stake) is Now Being Formalized,2017-09-07 01:57:41+00:00,2017-09-07
Dressing appropriately according to the forecast,2017-08-27 14:44:12+00:00,2017-08-27
Lmao... this market is not for everyone .,2021-05-25 05:16:56+00:00,2021-05-25
Upvote if you are tired of the shitty service the exchanges are providing,2017-06-07 08:46:00+00:00,2017-06-07
[ETH Daily Discussion] - 03/May/2017,2017-05-02 23:20:39+00:00,2017-05-02
"Whenever Vitalik Opens His Mouth, You Listen",2021-08-04 20:19:04+00:00,2021-08-04
Insight,2021-03-24 06:13:28+00:00,2021-03-24
How Eth Changed My Life (and it's not what you think),2018-01-05 00:22:16+00:00,2018-01-05
