421,One of my first NFTs! Check it out!,2020-12-30 10:55:43+00:00,TRUE,2020-12-30,Bull
747,Tip: send small amount to wallet first to confirm everything is correct,2020-12-29 02:44:52+00:00,TRUE,2020-12-29,Bull
491,"Binance CEO, CZ, has pointed out that Ethereumâ€™s market cap is bigger than that of Spotify, GM, Baidu, Ferrari and BMW",2020-12-27 06:12:38+00:00,TRUE,2020-12-27,Bull
536,ethv2,2020-12-27 23:23:12+00:00,TRUE,2020-12-27,Bull
908,"FinCEN wants to force exchanges to keep records on all transactions to and from self-hosted wallets over $3k, and auto-report all transactions over $10k to FinCEN. We only have till Jan 4th to make a public comment. Tell FinCEN to stop this sneak-attack on cryptocurrencies and privacy rights.",2020-12-22 12:35:26+00:00,TRUE,2020-12-22,Bull
959,Just purchased my first ETH!,2020-12-19 02:44:43+00:00,TRUE,2020-12-19,Bull
960,Ethereum generated more than $256 billion in transaction volume in 2020.,2020-12-17 10:09:55+00:00,TRUE,2020-12-17,Bull
917,CME Group announces Ethereum futures product,2020-12-16 07:42:31+00:00,TRUE,2020-12-16,Bull
721,"You can now earn ETH on Wordpress w/ EthereumAds, a competitor to Google Adsense, currently the leading ad monetization platform",2020-12-10 21:19:21+00:00,TRUE,2020-12-10,Bull
944,"In 2020 White hat hackers discovered a security vulnerability and preemptively stole $10mil USD worth of the cryptocurrency Ethereum before anyone else could, stored the funds somewhere else, and then returned all of the funds to their original owners. [x-post from TIL]",2020-12-09 18:14:14+00:00,TRUE,2020-12-09,Bull
870,"The proportion of staked ETH has reached the 1% mark. Currently, over 1,24M ETH.",2020-12-08 05:46:19+00:00,TRUE,2020-12-08,Bull
451,"Prove me wrong. If the United States Government seriously wanted to have a fair and accurate election that nobody could mathematically dispute, it could be done on blockchain and could be done very fast with little effort.",2020-12-04 13:57:33+00:00,TRUE,2020-12-04,Bull
559,Visa Partners With Ethereum Digital Dollar Startup That Raised $271 Million,2020-12-02 08:44:06+00:00,TRUE,2020-12-02,Bull
258,Ethereum 2.0 has officially launched! Genesis - again! A historic moment!,2020-12-01 05:14:18+00:00,TRUE,2020-12-01,Bull
565,ETH 2.0 Party,2020-12-01 19:13:31+00:00,TRUE,2020-12-01,Bull
769,Ethereum 2.0 staking rewards coming to Coinbase in 2021,2020-11-30 12:53:36+00:00,TRUE,2020-11-30,Bull
788,There are now more Ethereum nodes than Bitcoin nodes.,2020-11-29 15:22:01+00:00,TRUE,2020-11-29,Bull
450,I just found 7.5 Ether in an old account I forgot I had,2020-11-26 14:47:51+00:00,TRUE,2020-11-26,Bull
649,Google search interest in Ethereum hits highest point since February 2018,2020-11-25 11:40:54+00:00,TRUE,2020-11-25,Bull
280,ETH 2.0 Contract Fully Funded,2020-11-23 19:27:35+00:00,TRUE,2020-11-23,Bull
961,ETH2 deposit threshold reached on the eve of deadline! Congrats team! ðŸŽ‰,2020-11-23 19:27:17+00:00,TRUE,2020-11-23,Bull
447,ETH 2.0,2020-11-22 19:33:34+00:00,TRUE,2020-11-22,Bull
672,ETH2 Deposit Contract Reaches 50%!!,2020-11-22 11:08:35+00:00,TRUE,2020-11-22,Bull
770,Staked Ethereum increases by 8% in just 12 hours,2020-11-21 09:41:52+00:00,TRUE,2020-11-21,Bull
588,"Crossed 100,000 ETH staked for ETH2 launch",2020-11-17 15:07:42+00:00,TRUE,2020-11-17,Bull
834,Saw this poster in Warsaw metro today,2020-11-17 05:27:32+00:00,TRUE,2020-11-17,Bull
953,Solid progress towards Serenity's Minimum Required Stake,2020-11-15 11:43:05+00:00,TRUE,2020-11-15,Bull
627,I decided to make this after I found out that just 7 wallets currently account for 51% of the deposited ETH in the deposit contract. Every single unique validator counts!,2020-11-13 02:34:19+00:00,TRUE,2020-11-13,Bull
973,"Alexandra Botez, prominent Chess player & Twitch streamer, asks Vitalik to play",2020-11-13 13:23:14+00:00,TRUE,2020-11-13,Bull
641,Never thought Iâ€™d see the day,2020-11-12 08:37:41+00:00,TRUE,2020-11-12,Bull
950,"Vitalik Buterin Adds 3,200 ETH worth $1.3 Million to the Ethereum 2.0 Deposit Contract Address",2020-11-05 14:51:20+00:00,TRUE,2020-11-05,Bull
459,"ETH 2.0 deposit contract is live! Genesis launch scheduled for December 1st, 2020, 12pm UTC",2020-11-04 09:02:07+00:00,TRUE,2020-11-04,Bull
654,"Today, the Associated Press (AP) will be using an Ethereum account to post U.S. Presidential race calls to an Ethereum smart contract",2020-11-03 06:00:18+00:00,TRUE,2020-11-03,Bull
826,What running a Geth node on a Raspberry Pi feels like,2020-10-31 17:51:27+00:00,TRUE,2020-10-31,Bull
543,"PayPal to allow cryptocurrency buying, selling and shopping on its network",2020-10-21 04:46:21+00:00,TRUE,2020-10-21,Bull
582,Ethereum now transacts two times more value than Bitcoin daily,2020-10-21 09:24:59+00:00,TRUE,2020-10-21,Bull
858,Luxury watch maker Breitling issues digital certificates on the Ethereum blockchain -- Techcrunch,2020-10-15 03:54:02+00:00,TRUE,2020-10-15,Bull
818,"Vitalik tweet from 2018, for anyone who thinks Uniswap appeared overnight",2020-10-14 10:25:18+00:00,TRUE,2020-10-14,Bull
518,I know to a lot of you it might seem picky. But as someone with OCD I needed to say something.,2020-10-09 00:34:08+00:00,TRUE,2020-10-09,Bull
840,SEC chair: Perhaps all stocks could become blockchain tokens,2020-10-02 16:37:40+00:00,TRUE,2020-10-02,Bull
683,"Couldnâ€™t decide between a Tesla, or to increase ETH stake...",2020-09-27 19:59:41+00:00,TRUE,2020-09-27,Bull
275,Ethereum 2.0 was finally released 2055,2020-09-19 06:04:54+00:00,TRUE,2020-09-19,Bull
448,Ethereum just hit its highest ever transactions in one day. 1.4 Million transactions. Congrats everyone!,2020-09-18 13:02:02+00:00,TRUE,2020-09-18,Bull
572,"Bitcoin is a single application while Ethereum is an application layer. If Bitcoin is email, Ethereum is the World Wide Web.",2020-09-11 06:00:24+00:00,TRUE,2020-09-11,Bull
544,Swiss accepts taxes in ETH and BTC from next year.,2020-09-03 05:08:21+00:00,TRUE,2020-09-03,Bull
356,Something we can agree on. #fullcircle,2020-09-01 21:38:18+00:00,TRUE,2020-09-01,Bull
537,"Me, a non-whale, trying to use the network",2020-09-01 01:54:01+00:00,TRUE,2020-09-01,Bull
367,Uniswap takes over Coinbase in trading volume. Congrats brothers and sisters :),2020-08-30 05:03:44+00:00,TRUE,2020-08-30,Bull
561,Ethereum scam ad on YouTube? We should all report this to YouTube,2020-08-23 22:19:50+00:00,TRUE,2020-08-23,Bull
616,Back to when we were first supported on Coinbase!,2020-08-19 18:45:11+00:00,TRUE,2020-08-19,Bull
500,The USPS' recently published mail-in voting patent mentions the Ethereum blockchain,2020-08-17 05:04:12+00:00,TRUE,2020-08-17,Bull
918,It's time to get real because the market is going up and all the new users here could lose their crypto. Here are the 10 best things you can do to protect yourself & your funds:,2020-08-17 16:46:11+00:00,TRUE,2020-08-17,Bull
967,6 BILLION USD is now locked in DeFi,2020-08-16 02:52:56+00:00,TRUE,2020-08-16,Bull
765,Coca Cola bottlers to trial public Ethereum for supply chain transparency,2020-08-05 01:45:26+00:00,TRUE,2020-08-05,Bull