title,mentions
"Vitalik Buterin: Cryptocurrency Should Focus Less on Profit, More on ""Achieving Something Meaningful""",True
Yesterday I received my very first payment for a haircut in Ethereum!,True
Reddit announces partnership with the Ethereum Foundation,True
"Bitcoin Miami Conference warns attendees it's a ""Bitcoin"" not ""Crypto"" conference and not to talk about other coins. Floyd Mayweather:",True
"The Ethereum blockchain now processes about as much USD value as all other blockchains combined, including Bitcoin.",True
Mark mic dropping,True
I see everyone getting exited over burning ETH.... Am I doing this right?,True
"Goldman Sachs calls Ethereum ""The Amazon Of Information"" and sees it overtaking Bitcoin",True
If only it were this easy...,True
Fight to save Net Neutrality today!,True
On the door to my European repair shop! Looking forward to a great 2018!!,True
Canada trialing use of Ethereum blockchain to enhance transparency of govt funding,True
Poll: Should we ban NFT advertisements from r/Ethereum?,True
"Since I'm a great fanboy of Ethereum, I created this. You can use it however you want. It also comes with a great soundtrack:)",True
Ethereum to Reduce Energy Consumption by 99.95 Percent: Research,True
‚ÄúEveryone is talking about Ethereum‚Äú at Bitcoin 2021,True
Wonderful explanation of what's Ethereum.,True
"For the first time in my life I could purchase Ethereum directly from an ATM here in Geneva (Switzerland)! I could also purchase Bitcoin, Litecoin and Monero",True
"This street art recently appeared in Melbourne, Australia.",True
"""Hey Craig Wright's legal team, do you hear me? Yes. I still think your client is a scammer""",True
I thought it WOOD be cool to make an Ethereum piece to go with my Bitcoin one,True
r/Ethereum - I wrote this to explain Ethereum in depth to newbies. Please check for accuracy!,True
Anyone else feel like this lately?,True
Vitalik Buterin donates 500 ETH to the India Covid Crypto Relief Fund after selling meme coins,True
This is the way,True
"Goldman Sachs Believes Ethereum Beats Bitcoin, New Leaked Report Reveals",True
"PSA: Ethereum Classic (ETC) is a dead, insecure chain with no fundamental value",True
Great visualization of transactions being done on Ethereum vs. Bitcoin ‚Äî this is why ETH is the future!,True
Ethereum Render I made after learning 3D for a Week!,True
After scanning QR Code on the Covid Vaccination Passport from my hometown. It's verified with Ethereum.,True
I just warranty deeded my house into an Ethereum smart contract. AMA,True
Vitalik donates 100 ETH and 100 MKR for COVID-19 Relief in India,True
Soon in the near future we will no longer use Dollars. We will only use Gweis and Sats.,True
"I've gained ownership of /r/Etherium, which previously had no mods and was rampant with scammers. If the mods of /r/Ethereum would like ownership I'd be happy to hand over",True
The 8 Bullish Elements of Ethereum!,True
Sold my Doge and bought 1 ETH,True
Shut just got real...Vitalik responds,True
Give a man a steak and he'll eat for a day. Teach a man to stake he eats forever.,True
This really puts ETH‚Äôs energy consumption in perspective.,True
Forbes Quote Of The Day: Vitalik Buterin,True
78% of you wanted ethereum art over bitcoin so I made this,True
GameStop Is Hiring for New NFT Platform on Ethereum,True
Why Vitalik Made a 500 IQ Play Today With the 1 Billion Dollars Donation,True
Mastercard partners with Consensys to build payment solutions on Ethereum,True
US House Committee and senators proving they know nothing about the future ü§°,True
"5,000,000 staked",True
Not your keys not your crypto!!,True
"As more and more people are restricted from their right to trade in by the likes of Robinhood and other platforms, I am here to propose my solution. A Decentralized Stock Exchange Discussion",True
GAS fees are super low,True
There is now ~$14billion (~5mil ETH) of value committed to the security of Ethereum through staking,True
Visa to Allow Cryptocurrency Purchases at U.S. Banks,True
Found in Minnesnowta. Ethereum Man.,True
This was my first introduction to Ethereum... when I finished high school in my state of Australia my ATAR (final school leaver marks) were signed on Ethereum!,True
"Mark Cuban believes that Ethereum is ""the closest to a true currency"" -- CNBC",True
Ethereum settled $1.5 trillion in transactions in Q1 2021,True
ETH 2.0 will be the ‚ÄúEthereum Killer‚Äù.. nothing else.. tell em‚Äô Vitalik ..,True
2 Days to go.,True
"For the first time in crypto history, ETH address activity is above BTC address activity -- Santiment",True
"Binance, a centralized exchange, is taking total advantage of the absurdly high gas fees. And unfortunately they‚Äôre doing a damn good job of it.",True
Brazil Becomes The First Country In Latin America To Approve Ethereum Exchange Traded Fund (ETF),True
Ethereum Ecosystem,True
Visa now settles payments in USDC stablecoin on Ethereum blockchain,True
"Eth 2.0 and ""what will happen to your ETH""",True
Wyoming Senate Bill Proposes to Exempt Cryptocurrencies from Taxes,True
Just finished installing this large art commission made from cut up fiat currency and white papers,True
Ethereum is a no more a ‚Äúcoin‚Äù than the iPhone is a ‚Äúphone‚Äù. It‚Äôs a platform.,True
Finally joined the 1.0 ETH Club,True
Vitalik Buterin made Forbes 30 under 30,True
Ethereum Network Revenue Set to Smash Monthly Record of $722 Million,True
Reddit Co-Founder Says 'A Lot' of His Holdings Are in Ethereum,True
Made this Ethereum animation,True
Learning a ton about the early days of Vitalik and the Ethereum crowd,True
Impromptu technical AMA on statelessness and Verkle trees and state expiry,True
"Vitalik just donated 100 ETH to the Internet Archive! P.S. I'm matching all donations, up to $1 mil üçç",True
"Can the mods enforce their policy of no price discussion and the ""i have one whole eth"" please? This sub turned onto ethtrader",True
The flippening mentioned on UK Parliament floor! People are finally understanding Ethereum,True
Ethereum is now processing more transactions a day than all other cryptocurrencies combined.,True
"Visa May Add Cryptocurrencies to Its Payments Network, Says CEO",True
"A pilot program is now providing crop insurance to over 10,000 farmers in Kenya, powered by Ethereum and Chainlink",True
"Alexis Ohanian, co-founder of Reddit, is now sporting a .ETH name as his Twitter handle",True
Mark Cuban says politicians can‚Äôt stop #DeFi live on the Bankless podcast. Link in comments.,True
Please spread this about BitConnect,True
Ebay CEO says they are exploring how they can enable selling NFTs on Ebay,True
"Today, Ethereum has processed 50% more txs than BTC. Ethereum currently has 17 pending TX and BTC has 45k. It takes $0.006 to move Ether in less than 20 seconds. ‚Ä¢ r/ethtrader",True
Steve Wozniak Considers Ethereum to Become as Influential as Apple,True
"Mark Zuckerberg ""Centralization vs Decentralization""",True
Ether watercolor I painted. Hope you guys like it,True
Milestone: ETH Set to process its 1 Billionth transaction sometime today!,True
ETH gas fees dropped! LOVE IT! But what caused the drop?,True
Buying/holding ETH is a bigger F*ck you to Wall Street than holding $GME,True
We Are Still Early. WAGMI,True
This sub has become a cesspool of coindweebs,True
This sub has just crossed the 1 million builders mark! ü•≥,True
"""Ethereum Now Races Toward Becoming The Foundation Of A New Global Financial System""",True
Nvidia: Ethereum's shift to proof-of-stake could reduce demand for GPUs,True
Singapore Will Not Ban Cryptocurrencies Says Deputy Prime Minister,True
"At the moment Cryptokitties is the busiest smart contract on the Ethereum network, accounting for 13 % of all gas use - Ethereum is now primarily a platform to trade digital cats",True
>1 Million Ethereum Transactions in the Past 24 Hours,True
Just some nice Ethereum art to celebrate the gains. Not an NFT! Just made it for fun :),True
Confession : Vitaliks some lad,True
Crypto-convert JPMorgan is hiring developers skilled in Ethereum,True
"""ETH has an advantage over BTC as a store of value"" - - Mark Cuban on the latest Defiant podcast",True
To everyone new to Ethereum ‚Äî ethereum.org is the best starting point to learn!,True
Ethereum is practically a Superset of Bitcoin,True
Cardano Creator: Ethereum (ETH) Will Beat Bitcoin (BTC) In the Long Run,True
India to adpot Ethereum blockchain to avoid certificate forgery; says government of Maharashtra,True
Arizona Could Allow People Pay Taxes in Cryptocurrencies,True
NASA Awards Grant For Ethereum Blockchain-Related Research,True
"Nvidia CEO: Ethereum Is Going To Be Quite Valuable, Transactions Will Still Be A Lot Faster",True
US Congress Releases Extraordinary Report Praising Cryptocurrency and Blockchain Technology,True
"Vitalik ""Not giving away selfies"" Buterin",True
So Fortnite added a new skin ‚ÄúEtheria‚Äù. Could be nothing right?‚Ä¶,True
"""Ethereum added a property rights layer to the Internet. We‚Äôre just at the very beginning of understanding what that means.""",True
The Mayor of Miami hosts Vitalik Buterin and The Cryptex Finance team to discuss Ethereum‚Äôs role in making Miami the Crypto Capital of the World.,True
Brisbane Airport to Accept Payments in Ethereum,True
MetaMask surpasses 5 million monthly active users,True
I just bought enough to have one full Ethereum!,True
Poland's Central Bank Secretly Paid Youtubers to Slander Cryptos,True
Ready for the next Ethereum upgrade #420 üöÄ,True
"European Investment Bank is issuing 2 year digital bonds on Ethereum through Goldman Sachs, Santander, and Societe Generale!",True
"""We estimate that staking is currently a $9bn business for the crypto economy, will grow to $20bn following the Ethereum merge, and could get to $40bn by 2025 should proof-of-work grow to the dominant protocol."" - J.P. Morgan Equity Research",True
"If this was you, thank you.",True
The NFT community is a joke.,True
Tesla buys $1.5 Billion on BTC paving way for Cyrpto and ETH to go mainstream!,True
Fantastic Read To Learn The Ins and Outs of Blockchain. First chapter is written by Vitalik. Highly Recommend,True
"When PoW miners think it is a good idea to take a ""show of force"" approach",True
"250,000 bitcoin has now been wrapped onto Ethereum",True
An ethereum statue in my home town.,True
Addressing common criticisms about Ethereum,True
"Ethereum Breaks 200,000 Validators Milestone, Over $14 Billion Now Staked In ETH 2.0",True
[WARNING] MyEtherWallet.com highjacked on Google Public DNS,True
"First licensed blockchain based casino is launching, and it's on the ethereum network!",True
Vitalik Buterin is one of Bloomberg's 50 Most Influential People of 2017,True
Reddit now tracks user information by default. Link to the page to disable it.,True
Gassed,True
My wife got me an Ethereum birthday cake!,True
"Vitalik: ""Good news: we just surpassed 10 tx/sec for an entire day yesterday.""",True
Amazing how people suddenly realize they don‚Äôt own their data on Facebook. Let‚Äôs see how they react when they find out they dont own the money in their bank accounts either!,True
Happy 5 millionth!,True
Correcting r/bitcoin's misinformation: I just fully verified the entire ethereum blockchain on a 2+ years old desktop and it only took 25 hours (full log included),True
Official MyEtherWallet Statement,True
Anybody else annoyed that Binance basically copied all of Ethereum's innovations and centralized it?,True
"‚ÄúPayPal's crypto unit is experimenting with smart contracts, and testing Ethereum and other blockchains as potential candidates to help the company improve payments and other transactions.‚Äù",True
"Vitalik Buterin‚Äôs father: fiat currencies are backed by collective hallucination, just like cryptos",True
A block was just mined with 112 ETH in rewards. This is out of control. It's time to activate EIP-1559.,True
"We did it, Reddit! My 40 gwei transaction finally cleared after 46 days lmao",True
I drew the Ethereal using spray and paper.,True
ETH staking on Coinbase coming very soon!,True
Found a new use for my Ether rig.,True
ETH gas is the lowest it has been for a long time even before EIP 1559!,True
New graphic for Ethereum‚Äôs upgrade path moving forward. To The Merge and beyond! We‚Äôre hungry for ü•© stake! :D,True
The ETH DeFi Ecosystem,True
Lost $94 in fees for nothing in Metamask-Uniswap. If this is normal its unacceptable.,True
"We Met The Founder Of Ethereum, VICE on HBO",True
Switzerland Issues Guidelines in Order to Start ICOs and Become a ‚ÄúCryptoNation‚Äù,True
Ethereum is transitioning from ‚ÄòRewards to miners‚Äô to ‚ÄòRewards to owners‚Äô.,True
"JPMorgan releases Bitcoin, Bitcoin Cash and Ethereum funds to its customers",True
"Ethereum co-founder Buterin donates $600k in ETH, MKR towards India's Covid-19 relief",True
United Nation World Food Programme using Ethereum Blockchain instead of Banks,True
Ethereum Single Sign On Might be the Future of Internet App Log in.,True
It's happening: EIP-1559 is officially scheduled for London (July hard fork),True
This guy gets it,True
US Treasury announces that banks can settle trades on Ethereum public main net and other blockchains,True
"The biggest security threat to Ethereum is not a 51% attack, it's getting replaced by centralized pseudo-cryptocurrency",True
Ethereum 2.0 Merger Devnet Completes Successfully,True
Almost 6m staked on ETH2.0,True
¬µRaiden has now officially been deployed on the Ethereum main net!,True
The most beautiful part of Ethereum is the community. Clip of Vitalik being interviewed for the upcoming documentary ‚ÄúThe Infinite Garden‚Äù. I hope you enjoy this as much as I did. üôèüèª,True
DeFi > WallStreet,True
Ethereum now settles $12 billion in transactions daily - $3 billion more than Bitcoin.,True
Four university level courses that cover Ethereum and smart contracts,True
"Worlds first NFT backed sample/Loop pack, from a Grammy winning producer. Amazing.",True
Vitalik Buterin: Ethereum 2.0 Will Bring Scalability and Open the Door to More Dapps and Enterprise Use Cases,True
"It‚Äôs official. EIP1559 goes live August 4, 2021 (11-17 UTC). Double & triple checked. Press announcement will be on blog.ethereum.org - Thank you for all of your hard work! The community appreciates everything Ether developers do. This is why I love this project! Next stop, The Merge! üöÇ",True
"Gas prices on the MacBook Pro touchbar (updates automatically, open source script, link in comments)",True
A dApp for whistleblowers! Are we ready to encourage this development?,True
"Only 100,000 Blocks left until London activates on Ethereum Mainnet ‚è±",True
WARNING! SCAM ICO!! Othor.org list Vitalik as a team member. DO NOT SEND FUNDS TO OTHOR.ORG STAY SAFE,True
The Great Reddit Scaling Bake-Off,True
Germany Legalizes crypto‚Äôs,True
The Ethereum Merge to Full POS Still Planned for End of 2021,True
"Please stop posting pictures of things that look like the ethereum logo. Memes and irrelevant content have ruined r/bitcoin, do not let this happen with r/ethereum",True
CFTC to Take 'Do No Harm' Approach on Crypto Regulation,True
How convince my friends to buy productive coins like ETH instead of Dogecoin,True
Deep diving on the whitepapers. I want to understand this at its depths.,True
"As a Bitcoin holder, Eth makes complete sense to me.",True
Elon Musk Cybertruck spotted in Decentraland. (Ethereum backed application),True
99.98% less power -- Lighthouse‚Äôs first Ethereum and Eth2 merge transaction,True
Lockdown project almost done!,True
Gaming Giant Ubisoft Partners With Ethereum-based NFT Platform Sorare,True
"Vitalik offering $50,000 up to $1,000,000 to join the Sharding client subsidy program - Registrations Now Open",True
"Christie‚Äôs, the world's largest art Auction House is now accepting ETH for auction bids",True
SmartBillions lottery contract just got hacked!,True
What Happens When you Send a Transaction via MyEtherWallet (A Very Simple Illustration),True
Vitalik Buterin Calling Craig Wright a Fraud in Public,True
Ethereum fees at 4 gweis üòÅ,True
"Vitalik: ""[after Berlin] now that the chain is safer, we can increase the gas limit, which makes every application [fees] cheaper."" So, should we do it? Are we ready to lower the fees and make ETH live up to its true potential?",True
GME Trading - Best example of why we need Decentralized Exchanges (DEXs),True
Anyone know how to turn USD into transferable ETH fast?,True
VISA is looking for an engineer with Ethereum and Solidity experience for distributed application / blockchain solution B2B Connect,True
Merriam-Webster Dictionary Auctions Non-Fungible Token Definition as an NFT on Ethereum's OpenSea,True
Ethereum processed nearly 800k transaction today. A new all time high and more than all other decentralized blockchains combined by a wide margin.,True
"It is not the Ethereum Foundation's responsibility to create custom hard forks to fix buggy smart contracts written by other teams. This will set a future precedent that any smart contract can be reversed given enough community outcry, destroying any notion of decentralization and true immutability.",True
Cryptos in this moment,True
The ICO Documentary (Trailer) üí∏üí∞üé∞üíµüöÄüåùüí©üìâüëÆ,True
Actor William Shatner tags Reddit Co-Founder Alexis Ohanian on Twitter asking about .ETH names [itshappening.gif],True
Bank of America Sees DeFi as Potentially More Disruptive Than Bitcoin,True
I'm a 3D artist and wanted to make something with Ethereum,True
Vitalik says hey hey heyyy! ‚ù§Ô∏è,True
It‚Äôs been great a week but...,True
Over $15 Billion Now Staked In ETH 2.0,True
"Visa, IBM, Microsoft and USAA have all posted jobs in the past week looking for Ethereum developers",True
JPMorgan begins hunting for skilled Ethereum developers,True
Elon Musk wants to buy Ethereum ü§≠ü§îü§´,True
If only there were a reputable Blockchain moving from PoW to PoS soon... üßê,True
The French national football team have become the first national football team to issue NFTs on Ethereum üá´üá∑,True
Enterprise Ethereum Alliance Becomes World‚Äôs Largest Open-source blockchain Initiative,True
German law allowing institutions to hold crypto comes into effect tomorrow Aug. 2,True
"Finally, It‚Äôs official! ‚ÄúThe scarcity engine‚Äù AKA ‚ÄúThe Triple Halvening‚Äù or the London upgrade will be added to Ether‚Äôs main net on august 4th. Real ETH will be set ablaze within a month‚Äôs time üî•",True
Proof of Stake is Solved,True
First Ethereum Developer Workshop in Vancouver,True
Beginners‚Äô Guide to Ethereum,True
"MyCrypto hostile takeover of MyEtherwallet twitter handle: If they just take a twitter handle like that, it shows severe lack of ethics. Why would you trust them not to take your balance in the future too?",True
Local Gym in Cincinnati,True
[Mod Request] Can we clean up the sub and get back to technical threads only?,True
Ethereum Breaches 600k Transactions,True
Ether is not a security!,True
/r/ethereum hit 800k subscribers yesterday,True
"""2018 [within the Ethereum space] will be the year of action""",True
"The power of Ethereum is in its DApps, DO NOT use robinhood or any other exchange to hold ETH as you're missing out on on the entire point of crypto - freedom to do with your money as you please.",True
"We got married on the blockchain and exchanged NFTs, like digital wedding rings",True
Adding ERC20 Support to Coinbase,True
I bought a bike using ETH today.,True
Announcing General Availability of Ethereum on Amazon Managed Blockchain,True
"Megathread: ""24 reasons Ethereum is extremely undervalued...""",True
"ETH gas is through the roof right now, driven exclusively by ‚ÄúStoner Cats‚Äù minting",True
This condo building has the Ethereum logo but it‚Äôs not really Ethereum,True
Janet Yellen's Treasury Department is Behind The Sneaky Insertion of Anti-Crypto Language Into the Infrastructure Bill,True
Anyone else see this? Almost seems like a hidden message in the new Netflix movie The Mitchels Vs The Machines. Pretty coincidental!,True
Ethereum has updates in 27 of its repos in the last 24 hours. There is no other cryptocurrency that compares to this level of development. This doesn't even include all the Dapps being built on top of the core technology itself.,True
"Putin endorses Blockchain: The Stone Age has not ended due to the lack of stones, but because new technologies have appeared.",True
Spain Wants To Attract Blockchain and Cryptocurrency Companies With Lower Taxes,True
"ICOs are an illusion of progress. They produce tokens we don't need, incentivize marketing and speculation over development, and neglect end-user utility.",True
3 million ETH deposited into Eth2 POS deposit contract!!,True
JP Morgan Chase: Cryptocurrencies Pose A Risk To Our Business Model,True
Welcome to r/ethereum - the Reddit frontpage of the Web 3.0! Read this to get started :),True
Nvidia bets big on Ethereum mining with new dedicated graphic chip,True
Platform using Ethereum-based protocol enables Universal Basic Income to continuously drip into accounts verified by humans.,True
A good indicator for the adoption and growing usage of Ethereum is the number transactions per day as seen here compared to Bitcoin. We live in an exponential era.,True
"Because of Coinbase Commerce, I was able to add Ethereum as a payment option on our store today!",True
If you can decode this you can take what's on it (1ETH),True
The DAI stablecoin has been perfectly stable during this market crash. Congrats MakerDAO!!,True
Vitalik Buterin: 90% of token startups will fall,True
Just received this from my 86 yr old Nanna - adoption is coming!,True
Key Ethereum Researchers Vote to Ship Proof-of-Stake in 2021,True
I make laser engraved posters and am wondering if people in this community like this sort of stuff. Thanks!,True
Ethereum is the top ranked project on Coinrank for the second month in a row,True
Ethereum 2.0 has officially launched! Genesis - again! A historic moment!,True
Someone at The Guardian wrote an article about NFTs without using the word ‚ÄòEthereum‚Äô.,True
"""If bitcoin is a pocketcalculator ethereum is a brand new iphone"" - Germanys second biggest Newspaper on bitcoin",True
Noob gets rekt by ETH gas fees,True
First Purchase with ETH,True
Today I made my grandparents proud owners of 10 ethers each! It‚Äôs never too late to get into crypto no matter how old you are! I hope everyone have a very happy eth Christmas!,True
A great ethereum explanation,True
First US Real Estate Transaction In Blockchain Completed. Vermont is headed towards blockchain-recording of real estate transactions. Other states will follow... What's Next?,True
"""Don't defy DeFi"" -- Elon Musk say Ethereum!",True
Everytime I try explaining Ethereum to skeptics,True
Aya Miyaguchi & Vitalik Buterin Are Involved in a New Documentary About Ethereum called The Infinite Garden,True
"""Whether it is wealth inequality, corruption, identity fraud, theft or confiscation, Ethereum holds the potential to improve upon the status quo by many orders of magnitude. """,True
"Because of the technological innovation, Ethereum will utilize even less energy than Bitcoin and It‚Äôs conceivable that more investors will be drawn to Ethereum in the future.",True
Ethereum‚Äôs Proof-of-Stake May Happen Sooner Than You Think,True
Vitalik Teases Sharding Release on Twitter,True
"Coinbase has unveiled Solidify, a new tool that can automatically audit smart contracts built on Ethereum that use Solidity",True
"President Dump is going to send us to the moon, with all of this free advertisement.",True
Ethereum 2.0 was finally released 2055,True
UniSwap V3 now surpasses the UniSwap V2 and Bitcoin. It has now become the largest decentralized exchange (DEX) on Ethereum.,True
I posted a video of my cat and converted it to an NFT as a joke but I think I accidentally just posted the first cat video to the ethereum blockchain,True
300k Etherians!,True
Coinbase Launches a PayPal Like Plugging For Ethereum,True
ETH 2.0 Contract Fully Funded,True
Would you support a hard fork that obsceletes ETH ASICs?,True
ETH Gas Fees Are TOO D*** HIGH,True
My wife made me an Ethereum Lamp üí°üòç,True
"To encourage crypto adoption, I'm building a worldwide directory of businesses who accept crypto payments",True
"We're just a small indie game but we added the ability to connect to your ETH wallet and play with skin NFTs in our game, King Rabbit - Puzzle!",True
Wyden: Crypto language in infrastructure bill 'fails to understand how the technology works',True
Ethereum's Biggest Pro is Also One of It's Biggest Cons,True
"More Than 85,000 Ethereum Burned On Ropsten Testnet Through EIP-1559",True
An extensive list of earning strategies and DeFi protocols in the Ethereum ecosystem,True
Looks like 2021‚Äôs DeFi Summer is going to be a lot more accessible and not just for whales,True
"""World Cup? Sorry I thought you said Ethereum, but now that you've mentioned it...""",True
"WTF!?! Mailchimp is closing ""Week in Ethereum"" account because the newsletter is about blockchains.",True
1 ETH Metal Wallet design.,True
I created Wednesday Coin - a coin that can only be sent on Wednesdays and I will be airdropping them to whomever wants some,True
Vitalik Buterin Lays Roadmap for Ethereum Visa Levels Quadratic Sharding,True
Bank of America is looking for developers with a background in Ethereum to help build a new Card Account and real-time settlement system.,True
Ethereum is under social attack.,True
"Finally hit 1 ETH today, what should I do next?",True
Just bought this Ethereum inspired painting,True
I want to thank the Ethereum community for getting me back into what I love. I used to code but eventually lost interest and my work shifted into sales. Ethereum has ignited my coding passion again. Im currently studying Solidity. I‚Äôm getting back into Python. May take a course for C+ & Java. üôèüèª,True
So I've been busy watching Vitalik this week,True
South Korea To Reverse Ban on ICOs,True
Beyond the Bitcoin Bubble,True
"""Welcome to Ethereum."" Explanation sung to you.. :D .. ENJOY!",True
Merry Merkle Everyone: Ethereum Cheat Sheet for the Family Holiday Dinner.,True
"Charged a BMW i3 at a ""blockchainified"" Share&Charge station today. Paid with Ethereum ERC20 Euro tokens through their app. People are now using Ethereum without ever having heard of it.",True
Ethereum node will be delivered by SpaceX at International Space Station,True
MetaMask announce mobile wallet - Devcon!,True
"With all these banks hating on crypto, I thought i'd show USAA's embracing of crypto through their online tools.",True
Ethereum Tech Used to Build a Smart Contract Platform for 5G Mobile Networks,True
"IBM's 10√ß tiny computer is blockchain ready. Due to this low price, it means anything could be tied to the blockchain, even the food you buy or the clothes you wear.",True
"YCombinator (funded Reddit, Stripe, Dropbox, AirBnb, etc) wants to let people invest in its startups through the blockchain",True
A post was posted just yesterday being happy about the low gas fees... guess that didn't last long,True
Chainlink integration will now allow Filecoin to connect with Ethereum and other smart contract-enabled blockchains,True
"I've built CryptoCribs, an alternative to Airbnb for the crypto community, here's a link to the world's largest podcast for Airbnb hosts where I try to convince them to start accepting Ether :)",True
"üçæ Happy 2018, dear Ethereum community! üåï",True
"Ethereum Whale Addresses Holding 10,000 or More ETH Hold Over 70% of the Total Supply for the First Time Since September, 2017 (Heart of Bull Run)",True
Thank You Vitalik Merry Christmas.,True
"FYI: Atomic swaps between Ethereum, Erc20 tokens and Bitcoin-based coins have now be completed successfully on mainnet!",True
Ethereum‚Äôs Proof of Stake Casper Testnet Nears Launch,True
German Law Allowing $415B Investment Into Crypto Takes Effect,True
"Fucking hell Coindesk, check the shitty ads you host. No wonder Vitalik boycotted consensus",True
I stumbled upon this mini-documentary about the DAO. It does a good job summarizing the hack and the ETC fork.,True
Welcome to r/ethereum - the Reddit frontpage of the Web 3.0; seriously: Read this to get started! :),True
Huge Milestone: Ethereum Stack Exchange graduates as one of the top-35 world technology sites.,True
The WHG has Returned 100% of the Rescued Funds to their Rightful Owners,True
Decentralizing Everything with Ethereum's Vitalik Buterin | Disrupt SF 2017,True
Amazon Web Services Introduces Ethereum and Hyperledger Blockchain Templates,True
Brazil Analysing the Possibility to Process Petitions and Laws on Ethereum,True
[UPDATED] It‚Äôs Time to Get Real: Stop Relying on Third Parties to Protect You & Your Funds. You are responsible for your security.,True
"""If someone puts a gun to my head & tells me to write a hardfork patch, I will definitely write it. If I publish a patch to delete a bunch of accounts, how many people here would download & install the update & switch to that chain? I see few raised hands. This is called decentralization."" -Vitalik",True
Think I found a car for Vitalik...,True
My new wallpaper,True
#SupportEIP1559 - Protect Ethereum‚Äôs transaction user experience from attack by a cartel of miners. Educational resource and unfortunately necessary counterpoint to the detrimental #StopEIP1559 initiative being led by Flexpool.,True
üî•Ethereum Will Never Work,True
A little particle logo animation I made for you guys,True
Cornell Professor Claims Ethereum is More Distributed and Decentralized Than Bitcoin,True
Ethereum Enterprise blockchain project wins 2021 Process or Technology Innovation of the Year & 2021 Supply Chain Breakthrough of the Year in Annual Gartner Power of the Profession Awards,True
GAS FEES ARE LOW AGAIN!,True
The Most Important Scarce Resource is Legitimacy - Vitalik Buterin,True
People have spent over $1M buying virtual cats on the Ethereum blockchain,True
"There is now more than 10M Ethereum Unique Addresses... Today is a big day, long live Ethereum!",True
EIP-1559 story on front page of Bloomberg! Author won‚Äôt #SayEthereum tho.,True
History record?,True
Solidity 0.4.19 released,True
"Can we get real about Optimism, please?",True
Vitalik: First Part of Ethereum's Sharding Roadmap Is Nearly Done,True
Goldman-Backed Startup Circle Launches No-Fee Foreign Payments Service. Built on Ethereum.,True
How ETH 2.0 will help with scaling,True
Everything Ethereum touches,True
"Greg Abbott, Governor of Texas, has long been a crypto supporter. Today he signed a law that puts virtual currency under the Texas Uniform Commercial Code to be a secured transaction.",True
"Vitalik: ""While everyone wasn't looking, Ethereum's layer 2 scaling strategy has *basically* succeeded""",True
"India is more interested in Ethereum than Bitcoin, Jana study shows",True
Vitalik Buterin: ‚ÄúI definitely hope centralized exchanges go burn in hell as much as possible‚Äù,True
Bank of Korea selects major Ethereum software company ConsenSys for South Korean CBDC tests,True
Something we can agree on. #fullcircle,True
Ethereal HyperCube - NFT drop on Rarible.,True
"Welcome to r/Ethereum, the Reddit front page of the Web 3, read this to get started.",True
CoinMarketCap Starts Listing Prices In Lambos,True
The Associated Press will be calling the winner of the Super Bowl on Ethereum!,True
"Episode 5 of ""explained"" on Netflix is about crypto",True
Vitalik says Ethereum will eventually support millions of transactions per second,True
"Listen to the Prime Minister of #Malta aka ""The Blockchain Island"", an EU and Eurozone member country say to UN General Assembly: ""Blockchain makes cryptocurrencies the inevitable future of money"".",True
Smartex.io - Payment gateway running on smart contracts,True
"This is why EIP 1559 is good- and why Vitalik, developers and most community members support it. If miners have a problem with it, then please argue your case in a livestream with the actual researchers and developers. I'll bring the popcorn.",True
Sign seen on college gameday,True
Uniswap takes over Coinbase in trading volume. Congrats brothers and sisters :),True
Manipulated ETH network gas prices look connected to EOS funded bot accounts in possible indication of corporate network attack.,True
Brazil Are Looking To Ethereum To Improve Their Voting System!,True
45% chance that EIP-1559 is live before August 5th according to prediction market Polymarket,True
"Chinese Internet security giant 360 has found ""a series of epic vulnerabilities"" in the EOS platform.",True
"Over 5 Million ETH, Worth $13 Billion, Has Been Deposited to the Staking Contract",True
New Ethereum painting at the L4 Ventures office in Toronto. (Oil on canvas),True
Tim Beiko Announcement,True
For those who are new to Ethereum and are constantly saying the gas prices are too high.,True
Got my next batch in of gift cards. I added a few new ones to give out to some of my students if they pass a quiz at the end. It's not much but they get excited to get into crypto.,True
"Ethereum Developer: How To Become One, Beginners Guide",True
Mozilla offering $2M to anyone who can decentralize the web,True
"Made these Ethereum wallpapers for fun, figured I would share incase anyone else wants them!",True
"Eth Game Gods Unchained: ""@Blizzard_Ent just banned @blitzchungHS and stripped his Hearthstone winnings because they care about money more than freedom. We will pay for ALL his lost winnings and a ticket to our $500k tournament: no player should be punished for their beliefs. #freegaming""",True
CoinMarketCap should remove Bitconnect and other scam coins just like CoinCodex.com,True
First time wood burning and this is what I decided to burn.,True
Are you in Favour Of ‚ÄòHard Fork‚Äô to Resist ASIC Miners?,True
"Someone had a transaction fee of 22.89eth (almost $11,000). To all users new and old, make sure to review your gwei and gas limit before sending.",True
IKEA just allowed an invoice to be paid via the Ethereum blockchain,True
"Yesterday Ethereum surpassed BTC. ETh processed 240,490 transactions, Bitcoin ""only"" 222,746",True
"Consensus starts today. Vitalik, Charles Hoskinson and Jun Hasegawa lead the way on the boycott",True
I just sent my dad some Ethereum for Father's Day!,True
Donating $2k to a Ethereum gaming Twitch Streamer,True
"What do you think is the biggest risk to the success of Ethereum? If we imagine Ethereum were to fail, how/why do you think it would fail?",True
Any interest in an Ethereum-Tycoon game where you can earn (or lose) ETH by flipping virtual properties on the blockchain? (screenshots inside),True
JP Morgan acknowledges that Ethereum has more potential than Bitcoin,True
At this point what CAN‚ÄôT the Ethereum blockchain do? It‚Äôs only a matter of time until the Ether chain provides verification for NYSE securities. But until then let‚Äôs keep pushing the envelope. This isn‚Äôt posted for price or trading discussion just an amazing example of what Ether is capable of.,True
If only it was that easy!,True
How to save gas fee üëá,True
Crypto won't be advertised: Google informally removing ICO ads,True
Happy Byzantium hard-fork from the Parity offices! :),True
Blockchain bill passes: Smart Contracts Now Recognized Under Tennessee Law,True
EIP-3675: Upgrade consensus to Proof-of-Stake merged!,True
"First completed Game on EthernalGo.com !!! Winners were paid over 0.6 ETH, congrats!",True
Ethereum.org needs a big update. Documentation is a old (doesn't follow newer versions of geth etc). And overall informations are deprecated (Still talking about 1-2GB blockchain for ex). That's not good for Ethereum and Ether market. Is anyone working on this ?,True
"Today marks the 6th month after the beaconchain launch!ü•≥ >5M ETH staked (~5% of the $ETH supply)üí∞ >153,000 active validatorsüíª >30,000 unique #Ethereum deposit addressesüì§ >99.x% blocks were successfully proposedüü© Source: Bitfly @etherchain.org",True
These results represent the first time a Blockchain was used in a presidential election. Link to see it in comments,True
MIT Has Started Issuing Diplomas Using Blockchain Technology,True
"Apple Co-Founder Praises Ethereum (ETH), Says It Can Outlive the Hype",True
Best Bday Cake Ever.,True
Ethereum Berlin Upgrade Announcement,True
Ethereum ‚ÄúLondon‚Äù upgrade to be implemented on testnet this week,True
"Python is the most used programming language in the world. My friend made a tutorial on how to use Python for Ethereum. You will learn how to connect to an Ethereum node, manage your account, and make transactions using Python.",True
"Had a 2 week gap between my last job and my new job so I made it a goal to learn iOS development and get an app published on the App Store, thus Coin Trade Alerts was born",True
Ethereum 2.0 Chain Merge Proposal Gets Formal Approval,True
Jaxx mobile hacked.. 973 eth gone. AMA,True
For all your friends who don't understand ethereum,True
Ethereum Yellow Paper has been updated,True
Gas prices are INSANE. I have never seen it this high,True
"""The law deserves respect, but technological progress should not be bound by the limits of the regulator‚Äôs lawyerly imagination."" SEC Commissioner Peirce gave an incredible speech about tokens and regulation. Read it all:",True
Amazon is soon adding Ethereum as a Managed Blockchain Service,True
Ethereum Will Be the Backbone of the New Internet,True
Coinbase Aims to Obtain Banking Licenses,True
The etherdelta domain was hijacked. Please do not use the site right now.,True
One of my first NFTs! Check it out!,True
Interview with Founder of Ethereum Vitalik Buterin,True
Ethereum Payment Channels in 50 Lines of Solidity Code - Ethereum is Scalable RIGHT NOW,True
Wait for it...,True
"Vitalik almost interned at Ripple (2013), but visa complications stopped him. Thanks US customs, we truly avoided the worst <3",True
Bank of America Acknowledges Cryptocurrencies as a Threat to Their Business,True
Link discovered Ethereum long ago...,True
"Over $10,000,000 is circulating in Ethereum games each week",True
"The 0x team donated ~$12,000 to Etherscan and ~$22,000 to MyEtherWallet",True
How Layer 2 Is Primed To Solve Scalability Issues of Ethereum before the Launch of ETH 2.0,True
Geth v1.8.0: Iceberg! Go and sync mainnet within a minute!,True
$AVAGE reply by Vitalik,True
"UBS to Launch Live Ethereum Platform with Barclays, Credit Suisse and More",True
"Casper v0.1 ""First Release"" - Casper work showing continuing progress!",True
"The Spanish media is increasingly shit-talking about cryptocurrency, especially ETH and BTC",True
"Posted about ETH in a BTC sub, I feel sad for that group",True
My friend loves ethereum so I made cupcakes,True
Ethereum testnet just verified a zcash transaction,True
"United Nations Sends Aid to 10,000 Syrian Refugees Using Ethereum Blockchain",True
A Summary of Sharding Phase 1- Ethereum's scaling solution,True
"Scaling Ethereum starts in 8 days! Build on Layer 2, ETH 2.0, and Zero Knowledge scaling solutions",True
"I remade an american classic as my first NFT, anyone else collecting/creating nft art?",True
The Ethereum-blockchain size will not exceed 1TB anytime soon.,True
Ethereum Founder (Vitalik Buterin) donates to charity: Proceeds from the ‚ÄúStoner Cats‚Äù NFT series will be donated to the SENS Foundation to further longevity and anti-aging research.,True
"Software Firm Meitu Buys $22M of Ether, $17.9M Bitcoin for Its Treasury",True
"US SEC is hunting down pump & dump groups - preparing for legal action, and offering rewards to whistleblowers!",True
ETH 2.0,True
Ethereum just hit its highest ever transactions in one day. 1.4 Million transactions. Congrats everyone!,True
Microsoft buys GitHub for $7.5 billion.,True
I just found 7.5 Ether in an old account I forgot I had,True
"Prove me wrong. If the United States Government seriously wanted to have a fair and accurate election that nobody could mathematically dispute, it could be done on blockchain and could be done very fast with little effort.",True
Spiderman NFT sells for 12.75 ETH as Marvel comic artists land on Ethereum,True
Hacker Recovers $26 Million Worth of Ethereum Stolen From CoinDash,True
Winklevoss Brothers Launch Ethereum Token Backed By U.S. Dollars,True
"The Quantum Threat: ""Anyone who collects that data now will be able to crack it later, so it‚Äôs safe to assume governments and their spying agencies are hoovering up anything that‚Äôll be useful,",True
"France will not tax crypto-to-crypto trades; will tax gains converted into ""traditional"" currency",True
Ropsten London hard forked successfully,True
My 12 ETH gone using CoinSwitch!,True
"ETH 2.0 deposit contract is live! Genesis launch scheduled for December 1st, 2020, 12pm UTC",True
Lol,True
Everyone is fucked with gas right now so here's a refresher course: what is gas?,True
Gemini CEO Says Ethereum ($ETH) Is 'Decentralized Amazon Cloud Computing',True
"Steve Wozeniak is co-founding a new project, EQUI, using the Ethereum network",True
Code Your First Smart Contract on Ethereum | Beginner Tutorial,True
Elon Musk asks ‚Äúwhat should be developed on Ethereum?‚Äù,True
Ethereum had accidentally solved a major problem of the Internet: true Single Sign-On,True
"Congrats to @naterush1997 and @dannyryan for releasing v0.2 of the cbc Casper prototypes, last night!",True
Lost all my ETH. Help my understand how.,True
Scaling Reddit‚Äôs Community Points with Arbitrum,True
Getting Started with MyEtherWallet.com,True
My wife made me a birthday present,True
Ethereum Now Has Three Times More Nodes Than Bitcoin,True
Visa's patent to digitise dollars shows that they plan to use Ethereum. (Also if you check the patent there's no indication that this will be a fork or private version of ethereum.),True
It's now clear EOS is behind Sybil attack on Ethereum that's why the gas price is almost 100 Gwei,True
"Announcing our Full, Portable Solidity Debugger | Truffle Suite",True
Singaporean Dollar Tokenized Through Ethereum‚Äôs Blockchain by the Monetary Authority of Singapore,True
EOS might be a money laundering scheme - Suspicious activity inside,True
"IMPORTANT: Wallets created with Parity's ""Multisig"" feature have a critical vulnerability. Move your funds!",True
New Ethereum artwork!,True
"DANGER. There is a new ad on Google for ""EtherDelta."" It IS NOT the real EtherDelta. It WILL steal your private key. DO NOT use it.",True
JPMorgan Says Ethereum Upgrades Could Jumpstart $40 Billion Staking Industry!,True
"Ethereum Just Made History, Surpassing 1 Million Transactions in a Day - What's Next?",True
What is Ethereum ? To beginners and not quite,True
NASDAQ: Golem launches on Ethereum mainnet,True
"Thailand gives a green light to ""cryptocurrency"" ETH and six other digital assets",True
"AAVE is scaling with Polygon, expecting to reduce fees substantially",True
Video shows you 3 ways hackers steal crypto currency inclduing printed paper wallets,True
"Vitalik Buterin: ""Putin knows what blockchain is ‚Äì this is the hype"" [Article translation from Russian]",True
Amazon.com registers cryptocurrency domain names (amazonethereum.com) - Domain Name Wire,True
Opera's desktop browser now has built-in Ethereum support,True
"Binance CEO, CZ, has pointed out that Ethereum‚Äôs market cap is bigger than that of Spotify, GM, Baidu, Ferrari and BMW",True
‚ÄúMark Cuban Says Mavs Will Accept Cryptocurrency Next Season‚Äù,True
Coindash website HACKED! $5.5 mil gone!,True
Introducing Prism: The world‚Äôs first trustless asset portfolio platform,True
"ETH had about 200K more daily active addresses than BTC on Sunday, June 27th. This was only the third day since January 1st, 2017 that ETH has had more active addresses than BTC. The other two times that ETH topped BTC were June 5th and 6th, 2021.",True
Words are Hard: Defining Common Terms in the Ethereum / Crypto Space,True
Google gets a new rival as Brave Search opens to the public - CNET,True
MetLife Plans To Disrupt $2.7 Trillion Life Insurance Industry Using Ethereum Blockchain,True
That‚Äôs some cheap banking service here! Muuhahaa ü§© Crypto Whale pays $7 in fees to move over $1 Billion on Ethereum,True
The USPS' recently published mail-in voting patent mentions the Ethereum blockchain,True
Now Shopify merchants can accept Ethereum on their stores,True
I just created a website that list more than 120 site that accept cryptocurrency as a payment method,True
"I bought a home in Ukraine entirely on blockchain yesterday, using PRO and Ether",True
Porsche Is Testing Ethereum Blockchain Tech In Their Cars!!!,True
"Misplaced ETH in hardware wallet, can I recover?",True
NFTs on SNL,True
"How to PWN FoMo3D, a beginners guide",True
The cleaning lady I hired through Amazon Services gets 50% of what I paid for cleaning my apartment. What ethereum project can connect me directly through my phone to local services so she gets 99.9%? She deserves every penny and no one else.,True
"We built a DApp, an Ethereum address book with private chat. No need for ICO : )",True
"A new Bank of Canada report, ""The Positive Case for a CBDC"", sites Ethereum as the standard from smart contracts and programmable money",True
Why we need transparent gov funding. $443m awarded to a sham foundation to line politician pockets,True
Plasma: Scalable Autonomous Smart Contracts,True
Why sharding is great: demystifying the technical properties,True
How to keep your Eth safe ?,True
"Strange activity involved with the address the attacker of the DAO used to start the attack, thousands upon thousands of ethereum being transacted to hundreds of difference addresses. Including a transaction to Bittrex's smart contract wallet",True
Vitalik Buterin Awarded Honorary Doctorate from University of Basel,True
"You've met with a terrible fate, haven't you?",True
I know to a lot of you it might seem picky. But as someone with OCD I needed to say something.,True
Rep Sherman tries to ban crypto - top campaign contributor at risk from crypto,True
"NFT adoption is booming: Crypto.com invests in eBay for NFTs, NBA tickets as NFTs, Hot Wheels tokenized, NFT cosmetics",True
I made a shooting ETH for a game I'm working on,True
The WHG has Returned ~95% of the Funds and Now Hold Less Than $10 Million Worth of Rescued Funds.,True
Spotted in Miami today,True
NFTs as artwork in the wild,True
WTF is üõ†ETH.BUILD,True
Frustration that I‚Äôm late to the party.,True
Crypto Millionaire Matthew Mellon Dies Leaving More than $500 Million Lost - BTCNN,True
"Intel and IBM showed 49/50 qubits Quantum Computers on CES. As there are more and more progresses on the development of Quantum Computers, this is a real threat to blockchains and we need to solve this ASAP.",True
ETH block reward reduction to 2 ETH/Block confirmed and accepted for Constantinople.,True
Scaling Ethereum - hundreds to thousands of transactions per second - today!,True
"Numerai abandons Bitcoin to move 100% to Ethereum. NMR can only be earned through 'Proof of Intelligence"" on Numerai",True
Improving EIP 1559 by making it work more like an AMM curve,True
Ethereum‚Äôs Inflation Will Be Reduced 80% With Casper‚Äôs Adoption,True
"I'm making a 4X-ish strategy game on Ethereum, somewhat similar to the Civilization series",True
Introduced Ethereum to my Company,True
ethv2,True
"Me, a non-whale, trying to use the network",True
Google lifts ban on crypto ads!,True
Microsoft Announcement,True
"Ethereum 2.0 Surpasses 200,000 Validators",True
Elon Musk admits he holds Ethereum,True
"Ethereum is Gaining 50,000 Developers per Month, King of Dapps",True
"PayPal to allow cryptocurrency buying, selling and shopping on its network",True
Swiss accepts taxes in ETH and BTC from next year.,True
WikiLeaks now accepts donations in CryptoKitties,True
South Korea‚Äôs Largest Banks Go Pro-Cryptocurrency as OmiseGo Secures Deal,True
Ethereum and OmiseGO,True
"Did you know the UN gave ETH vouchers to 10,000 Syrian refugees so they could buy food? Ethereum is helping global human rights!",True
Bloom's blockchain credit app sees record signups after more bad news from Equifax,True
Announcing ŒûXTŒûND - a Chrome browser extension that lets you tip or buy gold with ETH on reddit!,True
CoinDesk: Ethereum Foundation Strikes Deal with Russian Development Bank,True
"‚ÄúIf we want crypto to get more adoption, it has to be by providing real value to people‚Äù - Vitalik Buterin at ETHSingapore",True
"Three huge names that are making Ethereum their platform of choice - JP Morgan, Amazon (AWS) and Microsoft (Azure)",True
A proposal to issue crypto tokens would make the Republic of Estonia the first country with an Initial Coin Offering (ICO).,True
First Ethereum (ETH) ATM in Toronto By LocalCoinATM,True
Ethereum Meetup,True
Georgia May Be the Next State to Accept Cryptocurrencies for Tax Purposes,True
Over 700k transactions processed today,True
Visa Partners With Ethereum Digital Dollar Startup That Raised $271 Million,True
Vitalik impersonating the BitConnect guy,True
Ethereum scam ad on YouTube? We should all report this to YouTube,True
BEWARE: MyEtherWallet.io is NOT the real MyEtherWallet!,True
"I‚Äôm home, bois.",True
This is how BTC's Lightning Network is supposed to work - please learn from their mistake,True
ETH 2.0 Party,True
Ethereum ATM in Hong Kong,True
"Ethereum-based freelancing platform CanYa have just acquired Bountysource - strong developer community and high profile user base (IBM, FB, Ripple and Uber), big step towards ETH adoption!",True
US CLOUD Act Gives Government Access to Private User Data,True
Atari is creating a giant arcade within the Ethereum-based Decentraland metaverse,True
"Light client, Geth 1.8.1 are great, only 1-3% cpu, 8% of 16GB memory, ~0% disk",True
"New York preschools accept Bitcoin, Ether and Litecoin for tuition payments",True
"Bitcoin is a single application while Ethereum is an application layer. If Bitcoin is email, Ethereum is the World Wide Web.",True
SEC decided to not regulate bitcoin and other cryptocurrencies in 2021,True
US Lawmakers File Bill to Exempt Cryptocurrencies from Securities Laws,True
NASA to link Etherum blockchain technology with their deep space network,True
Why I Can't Defend Coindesk Any Longer. Take Action. Support Omar.,True
ETH gas fees dropped below 2$ on Sunday. The latest drop in gas fees now sees #Ethereum transactions as being more viable once again.,True
Painted Vitalik Buterin tonight.,True
"I got fed up with cries of ""Tulip Mania"" so I'm making cryptulips.co, its CryptoKitties, but with Tulips.",True
Holographic Ethereum Art,True
Germanys biggest bitcoin market place adds Ethereum trading soon,True
Ethereum now transacts two times more value than Bitcoin daily,True
"Creating useful dapps is easier than people think (way easier than CryptoZombies, for example). Starting next week, I'll show this with a series of live seminars, demonstrating the design and development of several simple dapps, start to finish.",True
MyEtherWallet: An Appreciation,True
"Vitalik Buterin: "" People often complain that the Ethereum narrative 'keeps changing'. This is false. Rather, the Ethereum narrative is inherently pluralist, containing bets that at least one of many kinds of applications will grow and prosper. """,True
Some less-appreciated benefits of Ethereum's PoS,True
My first ever Eth!,True
"Crossed 100,000 ETH staked for ETH2 launch",True
"Google Says Russia's Interest in Bitcoin up 220%, Mining 560%, Ethereum 760%",True
Swiss Private Bank to Add Support for Ether,True
VISA - BlockChain Engineer Wanted experience in Solidity,True
Google blacklisted Ethereum in Google Ads,True
Original painting I got back from the framer today,True
Scam! Alert!: Multiple imposter accounts with variation of Vitalik's handle asking for money,True
"Hi! We are Gav Wood and Andreas M. Antonopoulos and we are writing ""Mastering Ethereum"". Join us July 12 at 13:00 UTC for an AMA",True
Ethereum DeFi Ecosystem Has Hit 3 Million Users,True
gasnow.org has a new section with ethereum gas cost estimations of common operations,True
"Satellite named ""EtherX"" as an ode to Ethereum to be launched on SpaceX Falcon 9 in Winter 2019",True
Exposing Ethereum Honeypots,True
"SmartBillions just put $451,137.17 (1500 ETH) to their smart contract for the hackathon. If you break their contract you get 450K",True
Creator of Ethereum donated $763k worth ETH to Machine Intelligence Research Institute,True
Coinbase bug made it possible to reward yourself with unlimited Ethereum,True
"Hey MetaMask? If .02 ETH = $6, then 1 ETH = $300, which is super wrong. Are you playing a trick on me?",True
"Understand why Ethereum exists, and you‚Äôll get why it‚Äôs a big deal [MIT Technology Review]",True
Blockchain.info now supports ETH,True
What exactly IS ethereum?,True
[Research] Game Channels: state channels for the gambling industry with built-in PRNG,True
Public blockchain ratings by China's ministry is out: #Ethereum ranks top of the 28 cryptos evaluated Source,True
Coinbase and Circle announce the launch of USDC ‚Äî a Digital Dollar (built on Ethereum),True
zkSNARKs: A Tutorial for Building Applications,True
Over ¬£8.7 Million Spent On Virtual Cats,True
"$44 Million in Ethereum Moved With $0.13 Fee, How Can Bitcoin Reach Similar Scalability? - Coinjournal",True
I made an app last night that lets you make links that only NFT holders can see,True
"I have never been more excited about Ethereum than now, here is why",True
Brave reaches 2.7M monthly active users,True
Back to when we were first supported on Coinbase!,True
A challenge that also needs to be adressed by the community,True
SpankChain Presents: What is Ethereum? Explained by Porn Star Brett Rossi,True
Swiss City Plans Blockchain Voting Pilot Using Ethereum-Based IDs,True
What is Ether Backed by is the wrong first question,True
"Vitalik Buterin: Ethereum to process 270,000 transactions per second using layer 2 ""rollup"" scaling",True
Introducing Trusted Relay Networks -- a lightweight scaling solution for Ethereum (with an implementation!),True
Chat App Kik will launch Ethereum token,True
The Ethereum $ETH Ecosystem,True
FOR IMMEDIATE RELEASE: EEA adds 86 new members,True
How Layer 2 solutions solve high gas fees on Ethereum,True
I decided to make this after I found out that just 7 wallets currently account for 51% of the deposited ETH in the deposit contract. Every single unique validator counts!,True
"45% of miners now accept 4 GWei gas cost (80% cheaper than the ""standard"" 20 GWei we were used to)",True
The amount of work that goes into Ethereum is mind blowing. That doesn't even include all the projects that built on top of it.,True
"I've built this low cost alternative to Airbnb, scaled it to 1000 properties in just 3 months and now have some of the major tech companies supporting me in this. All bootstrapped without a scammy ICO, just building the product and talking to users",True
Vitalik on the cover of a British magazine (found on airline British Airways),True
"Today, Uber drivers are striking due to a 25% cut in pay, and an upcoming $10b IPO (half of Ethereum's mcap). Where is our functioning, decentralized Uber?",True
Vitalik just said second python implementation of Casper (PoS) is almost done during Core Dev meeting. Awesome!,True
AXA Is Using Ethereum's Blockchain for a New Flight Insurance Product - CoinDesk,True
Messari: Ethereum Is Poised To Settle $8 Trillion In 2021. Here‚Äôs The Primary Reason for the Increase,True
Is it about time?,True
Brave Ads (BAT) has been officially released! Users can now receive BAT token rewards for seeing ads in Brave (desktop); first advertising partners also announced,True
"Crypto-Compatible Browser API Being Adopted By Google, Apple, and Mozilla",True
"Welcome to r/Ethereum, the Reddit front page of the Web 3, read this to get started or ask questions.",True
Why projects being built on Ethereum don't need Silicon Valley,True
Never thought I‚Äôd see the day,True
Gas fees killing my wallet,True
"Greg Maxwell calls Vitalik Buterin a liar, VB comes to clarify why he didn't build Ethereum on top of Bitcoin",True
Facebook's Libra Will Do For Blockchain What America Online Did for the Internet,True
First transaction on Ethereum's proof-of-stake Nocturne testnet!,True
Largest Bank U.S JPMorgan to Merge Its Blockchain Unit With Ethereum's ConsenSys,True
TRON violated LGPL by copying code from Ethereum without attribution,True
Highlight for discussion: EIP 648 (make ethereum highly parallelizable within a single node; possible pre-sharding scalability improvement),True
Google search interest in Ethereum hits highest point since February 2018,True
Althea mesh early alpha demo: A cryptocurrency powered decentralized ISP,True
Happy Birthday Ethereum!,True
Just a little Ethereum animation I made for an announcement,True
Companies Using The Ethereum Platform Have Contributed $100M+ Grant Back To Ethereum To Improve The Network,True
"Today, the Associated Press (AP) will be using an Ethereum account to post U.S. Presidential race calls to an Ethereum smart contract",True
A few months ago I got my first Ethereum!,True
"Happy 5th Birthday, Ethereum!",True
Do you realize this ?,True
Personal statement regarding the fork,True
Cloudflare now supports .crypto domains in top browsers like Chrome and Firefox.,True
8 weeks ago I knew nothing about Solidity and web-development. Yesterday I deployed my first dApp!,True
Ethereum-Based Electric Car Charging Comes to California,True
Lighthouse produced its first #Eth1 & #Eth2 merge transaction,True
The game I have been working on :) (Influence - Space Strategy MMO built on Ethereum),True
You can now stake on Coinbase!,True
Argentina will have more than 200 crypto ATMs in October (ETH included),True
Binance Launches Ethereum 2.0 Staking,True
Ethereum founder Vitalik Buterin says his creation can‚Äôt succeed unless he takes a step back [MIT Technology Review],True
Anything they don't ban?,True
Real estate title transfer on-chain. The property keys were finally exchanged at Devcon3!,True
"Metropolis to be released October 17th, blocknumber 4.37 million",True
Vitalik Explains Ethereum Scalability: Upto Million Transactions per sec! Ultimate Scalability solution and plans. The future is bright,True
ETH2 Deposit Contract Reaches 50%!!,True
Let's all hard fork the kitties!,True
Into the unknown: An image this community can appreciate..,True
"Lawyer here. Zero knowledge. Felt tingling sensation when started reading all the smart-contracts and property rights in introductory pages. Can anyone direct me to where my legal expertise can be best used? I INTEND TO DO THE HEAVY LIFTING STARTING THIS LONG WEEKEND, but GUIDANCE WOULD BE AWESOME!",True
"Apple, Google, Facebook, Amazon, Tesla Stocks to be Tokenized on Ethereum's Blockchain",True
Stanford students build 16 blockchain projects in Dapp Showcase,True
Musican Imogen Heap is using her Ethereum gains to fund new blockchain project,True
"By The End Of This Year 50,000 People Will Have Ethereum Wallets & Never Know Thanks To The GET Protocol",True
"Hacker Returns 20,000 ETH to Coindash",True
Vitalik on Wechat: We have started developing a test version of Ethereum with sharding using python.,True
"Motherboard: Okay, WTF Is Ethereum?",True
"Couldn‚Äôt decide between a Tesla, or to increase ETH stake...",True
OMG Network's Great Reddit Scaling Bake-Off Proposal,True
"""Ethereum...can employ the decentralized architecture that can protect and authenticate data and ‚Äúaddress the evils of the Google Age: porous Internet security, unmoored money, regulatory overreach, network concentration, officious delays, and diminishing returns of big data.‚Äù [The National Review]",True
Can We Talk About How Mist Wallet Is Totally Unusable After Almost 3 Years Of Development?,True
Heads Up: Many accounts from other subs appear to be using VPN upvote manipulation/sockpuppeting in attempt to manufacture discord & fake consensus on r/Ethereum.,True
"Ethereum's Byzantium Hard Fork Is Running Smoothly, Developers Say",True
"Vitalik about Bitcoin implementation on Ethereum : ""Does someone want to take on this project?""",True
China‚Äôs Coronavirus Whistleblower Is Now Memorialized on Ethereum ‚úä,True
MicroStrategy CEO Michael Saylor Warms Up To Ethereum (ETH) ‚Äì AronBoss,True
Games Will Be the Key to Onboarding Millions of New Users onto Ethereum in the Immediate Future,True
Ethereum is for the internet what Bitcoin was for the banking system,True
Mainstream Browser Opera Fully Launches Its in-Built Crypto Wallet Feature And Fully Supporting Ethereum,True
"Why Ethereum matters, why we should root for Ethereum over almost all competing smart contract platforms",True
China Ranks Ethereum as the World‚Äôs Best Blockchain Network,True
Be careful not to get scammed with sob stories. User photoshopped their own QR code on the image,True
"Mist v0.9.0 ""It's happening"" - with Swarm and ENS support. Also important note for dapp developers.",True
Satisfied yet?,True
Parity Multi-Sig Wallets Deployed After 7/30 Issue,True
Ethereum creator Vitalik Buterin's bold idea: let people change their mind on ICO's and get their money back.,True
"Microsoft has released the Confidential Consortium (Coco) Framework, an Ethereum-based protocol which commercial companies and large-scale organizations will be able to utilize to process information on the Ethereum Blockchain with increased privacy.",True
Market price ticker - uses a Raspberry Pi,True
Gavin Andresen on Twitter: Scaling BTC in three easy steps: 1. Scale ethereum 2. Trustlessy tokenize your BTC 3. Transact using the wrapped tokens on the eth2 chain,True
Blockchain.info adds Ethereum to worlds most popular bitcoin mobile wallet,True
Wallpaper,True
"We have devs fighting w/ miners, fighting with each other, talking about the network crashing and burning, how burnt out they are.. In public, on twitter. This is fucking stupid & makes it seem like the future of this project is totally uncertain....",True
HK should use Cryptocurrency NOW!!!,True
Arbitrum first real EVM capable L2 just launched on mainnet!,True
Meet The Millennials Saving For Retirement Using Bitcoin,True
üî∫ We Decided to Distance Ourselves from Bitconnect | CoinCodex,True
Bounties For The Oceans: We paid people $5 in cryptocurrency to pick up trash in Manila Bay #trashchallenge,True
"Stealth Ethereum-Based Company pays ~$1 billion for land in Nevada next to Tesla, Google, Apple.",True
Dow Jones Media Group Partners With Brave (BAT) Software To Offer Premium Content To Users and Test Blockchain-Based Payment Technology,True
Introducing the New Whitepaper for the Dai Stablecoin System,True
"Constantinople fork will be occurring at block #7080000 (~January 16th, 2019)",True
"Ethereum 2.0 Research Has Stabilized Says Vitalik Buterin, Implies it Might Launch Next Year",True
"Samsung Blockchain: Official Introduction, built w/ Ethereum",True
"JPMorgan just became the first big bank to give retail wealth clients access to cryptocurrency funds. Yes, that JPM, James Dimon's bank, the ‚Äúi will fire every employee who touches Crypto‚Äù bank.",True
What is it that makes something a thing you could only ever do using blockchain?,True
"You can now earn ETH on Wordpress w/ EthereumAds, a competitor to Google Adsense, currently the leading ad monetization platform",True
Microsoft releases an open-source formal verification tool for Solidity smart contracts,True
Augur Launches,True
Buterin Proposes ‚ÄòMinimal Sharding Protocol‚Äô For Immediate Development,True
Ethereum has 30 times more developers than the next blockchain community,True
Congress is Trying to Push Through Terrible Crypto Regulation,True
Mexican Company Launches Cryptocurrency Backed by the Habanero Chili,True
"We are Gav Wood and Andreas M. Antonopoulos and we are writing ""Mastering Ethereum"". Join us in 20 minutes and ask us anything!",True
Joe Lubin is the cover photo on the U.S. Chamber of Commerce website,True
Confidential Transactions on Ropsten,True
Legally Binding Smart Contracts? 9 Law Firms Join Enterprise Ethereum Alliance,True
The DAO hacker gives an interview.,True
A New York Pub is Selling for Bitcoin and ETH Only,True
"The Associated Press will be publishing their US Senate Runoff race calls on Ethereum. Watch this dashboard on Jan. 5 for unbiased, uncensored race calls.",True
Why is a total scam being run on Youtube ads? What can we do about this?,True
Ethereum developers say an upgrade that will destroy coins is very popular with users after tensions with miners rise,True
Microsoft announces Azure Blockchain Service: its first managed blockchain service running on Ethereum,True
"Thank you, Ethereum Foundation and friends!",True
Bancor Is Flawed,True
In case someone missed the Vitalik Interview where he tells the story about how he used the Shiba tokens that he was gifted. What a legend!!,True
"These institutions have failed us time and time again, yet we still keep coming back. This is why we need Ethereum.",True
All videos from EthCC '18 in Paris,True
Russian State Bank Will Open a Cryptocurrency Exchange in Europe,True
Ouch,True
Doing my part... setting up a full node at home,True
Microsoft is talking about buying GitHub. If this deal goes on is Ethereum Foundation willing to move the code production to a more neutral place?,True
Tip: send small amount to wallet first to confirm everything is correct,True
Utah County verifies marriage licenses on Ethereum,True
Vitalik posts a 70 tweet update on Casper history and status,True
"xDai, a Layer 2, is literally the 3rd most used blockchain by transactions.",True
Largest bank in Australia (Commbank) uses Ethereum in global trade experiment,True
SpaceX Dragon CRS-22 Mission Delivered The First Ethereum Crypto Node To The Space Station For SpaceChain,True
Google Play Lifts Ban on Ethereum Browser Extension MetaMask,True
Germany‚Äôs Energy Giant Launches 100s of Ethereum Based Electric Cars Charging Stations,True
When I started DeFi on Ethereum I was totally lost. Now I want to help beginners through educational website. What do you guys think ?,True
Grid+ license to sell retail electricity in the state of Texas approved -- making it one of the first crypto projects to have literal govt approval outside of centralized exchanges,True
How did I miss this? Great TED talk about blockchain and special interest about Ethereum!,True
Coinbase raises $100M Series D,True
"Zcash and Monero Have Been Turned Into an Ethereum Smart Contract, Zero-Knowledge Proofs Are Now Just a Dapp",True
Were people this skeptical in the early days of the Internet?,True
"[Announcement] Ethereum Conference in Paris - 8th,9th & 10th March 2018",True
Videogame Giant Ubisoft Plans to Leverage Ethereum‚Äôs Blockchain Technology,True
EIP 1011 - the specification for Ethereum Casper FFG hybrid PoS/PoW - was just published.,True
"Omise Go, Vitalik meet with the Central Bank of Thailand together",True
Coca Cola bottlers to trial public Ethereum for supply chain transparency,True
Ethereum is now for the first time the blockchain with highest mining incentive or simply put 'the most secured',True
MLB Launching Crypto Baseball On Ethereum Blockchain,True
Nasdaq to Add Bitcoin and Ethereum Indices to Global Data Service,True
Ethereum 2.0 staking rewards coming to Coinbase in 2021,True
Staked Ethereum increases by 8% in just 12 hours,True
Microsoft Ignite event Amsterdam. Microsoft is now talking about Azure Blockchain service being available to enterprises for $9 a day. Based on Ethereum solidity framework. In the future other crypto frameworks.,True
Brave now uses BAT for Brave Payments instead of Bitcoin,True
Radar Relay Announces Ledger Integration,True
"I confess, I doubted I'd see a definitive statement from SEC clarifying that a great swath of potential token sales would not be securities... even giving examples! What a day. ETH has a clear, legal use case.",True
"Insurance Giant MetLife announces 'Lifechain', an Ethereum pilot program that aims to revolutionise the insurance industry.",True
ETHMail is an email provider like Gmail but you don't register an account -- you just use your Ethereum wallet (pub/prv key pair) signature ability to prove that you are in control over given mail account,True
Geth v1.8.4: Dirty Derivative (40% faster blocks) released!,True
"Geth v1.7.2 (Urgent Update) out! Yes, Byzantium hotfix. Please update ASAP! (yay fuzzer)",True
"Today is the largest Ethereum meetup in history - Ethereum, Casper, Plasma, OmiseGO - Seoul, 25 Sept",True
Vitalik Buterin donates $300k in ether to startups building on Ethereum - The Block,True
"Vitalik Buterin and Joseph Lubin in a selfie with Eric Schmidt after ""brainstorming""",True
Our commitment to Ethereum and a decentralised future,True
A Grab Bag of Thoughts on ETC and Forks,True
"I support ""unfreezing"" the parity multi-sig funds as part of the already scheduled Constantinople hardfork.",True
Vladimir Putin Is Getting Interested in Bitcoin's Biggest Rival Ethereum - Bloomberg,True
Uniswap v3 is LIVE!,True
"Web 3.0 and casinos, a new era of gambling is upon us",True
There are now more Ethereum nodes than Bitcoin nodes.,True
Congrats on the Istanbul upgrade! Great job Ethereum team.,True
Google CEO Sundar Pichai's 11yr old son is mining Ethereum on a rig his father built,True
South Korean Government Plans to Re-Legalize ICO,True
Ethereum's Vitalik Buterin says IBM's corporate blockchain is missing the point [Quartz],True
Overview of Ethereum - Infographic Providing Basic Info & A Few Interesting Facts,True
"Cloudflare reaches out to Ethereum to ""bridge the gap between traditional and decentralized Internet""",True
"We've been working on an uncensorable platform for content creators that uses Ethereum, IPFS and Web Torrents. It's open source and has no token or monetization scheme. We just released the first version.",True
Ethereum has more core devs than any other currency. It's time to get familiar with the code checkins.,True
"Vitalik: This is NOT technically Plasma (the usual name is ""rollup"") but it's still amazingly cool. I did not expect it to be implemented so quickly. Great job TheMatter team.",True
I am f--king stunned.,True
How DeFi creates a fairer economy for the marginalized communities,True
Vitalik Buterin - Why we need wide adoption of social recovery wallets,True
To the community,True
GameStop (GME) planning on selling NFTs on Ethereum,True
Opera mobile now supports Ethereum & web3,True
"Ethereum has 'much higher utility' than Bitcoin, says Guggenheim co-founder Todd Morley",True
New Ethereum artwork,True
Opera's Browser With Built-In Ethereum Wallet Launches for iPhones,True
95% of blockchain startups at techstars building on ETH,True
Hewlett Packard Enterprise and 47 Organizations Join 200-Member Strong Enterprise Ethereum Alliance,True
Isn't it a huge issue that recent ICOs are basically a DDoS on the entire Ethereum network?,True
Intercepting and returning $5000 worth of phished ETH back to the victim,True
Less Than 24h Until Hard Fork: UPDATE!,True
Vitalik in alpacca Tshirt at Singapore meetup now omg!!,True
Ethereum is Growing Exponentially in China,True
Here on Valentine's day wishing EIP-1559 goes through seamlessly üôè,True
Bahamas to launch state backed cryptocurrency,True
Golem Arrives: One of Ethereum's Most Ambitious Apps Is Finally Live,True
Nike receives patent to tokenize shoes on Ethereum - The Block,True
"Vitalik tweet from 2018, for anyone who thinks Uniswap appeared overnight",True
I have an idea - and can't stop thinking about it. Perhaps you could help?,True
‚ÄúWhat Eth 2.0 Validators Can Expect After the 'Altair' Upgrade‚Äù London and Altair updates coming very soon. PoS & low fees.,True
Ethereum is eth1 is eth2 is Ethereum - a super simple diagram,True
Constantinople Hard Fork Will Be Postponed.,True
Solidity 0.4.20 released,True
"Canada Looks to Blockchain for Airline Security, Government Transparency",True
Pointless Posts,True
What running a Geth node on a Raspberry Pi feels like,True
Italian University will start registering Degrees on Ethereum Blockchain (Italian Article),True
EIP: Modify block mining to be ASIC resistant. ¬∑ Issue #958 ¬∑ ethereum/EIPs,True
DONT let this bill pass!,True
Why should the Parity Multisig Wallet be bailed out when all the other contract mistakes and Ether losses aren't?,True
Olaf Carlson-Wee from Polychain still believes Ethereum will surpass BTC in 2018. Also mentions erc20 0x protocol.,True
"Fuck it I am so done with both /r/btc and /r/bitcoin, tell me what Ethereum has that Core, Cash and SegwitX2 don't have.",True
"Ethereum mentioned in Season 4 of Silicon Valley, main theme of season 4 is Decentralized internet.",True
Saw this poster in Warsaw metro today,True
U.S. authorities arrest Ethereum research scientist Virgil Griffith for assisting North Korea in evading sanctions,True
Solidity version 0.4.16 released,True
Starter guide: (almost) all the links you'll need to start understanding ethereum.,True
Exclusive: US Congress members to submit major pro-cryptocurrency bill - early support coming from both parties...,True
"NFT -- Lets have a serious talk, a lot of you don't seem to understand what they are.",True
SEC chair: Perhaps all stocks could become blockchain tokens,True
‚ÄúA shared computing environment that anybody can build and run stuff on is still a totally legitimate and valuable thing to emphasize.‚Äù -- Vitalik Buterin on Ethereum to Quartz,True
Lets discuss ASIC RESISTANCE in this week core dev meeting,True
Ethereum Users Support Hard Fork to ‚ÄòBrick‚Äô Ethereum ASIC Miners: Poll,True
The Ethereumization Of Wall Street Is Inevitable : Upvotes club News,True
Parity 1.8.6 stops filling up your disks and allows you to synchronize the Ethereum blockchain again within a reasonable time; even if you are on an HDD. ü§ó,True
Coinbase adds support for Ethereum,True
Bitmain paid shills and trolls are out in full force trying to downvote and fight against a PoW change. They are doing their best to protect their centralized cartel which will destroy Ethereum,True
"Thanks to all the Ethereum newcomers, ""Etherium"" (misspelled) is trending.",True
Analyzing Token Sale Models,True
Geth apparently is the 5th fastest growing project on GitHub!!! :D,True
"Ethereum 2.0 Validators Top 60K, Eclipsing ‚ÄòKiller‚Äô Rivals, Total Value Staked Over $2.7 Billion",True
I'll just drop this here ;) #ethereum #mainnet #11km-high,True
Buying ETH with BTC a Taxable Event?,True
"Banks in South Korea Have $2 Billion in Cryptocurrency, is an Emerging Asset Class",True
Knocked out some Ethereum art recently!,True
go-ethereum: improved gas price estimation is going to be huge,True
EtherDelta - The Biggest Decentralized exchange on Ethereum hits $2.6m in volume last 24 hours!! Awesome!!,True
Luxury watch maker Breitling issues digital certificates on the Ethereum blockchain -- Techcrunch,True
ETH might soon have an EU Bank built from the ground up on its blockchain!,True
On the next episode of Silicon Valley: Pied Piper Coin & it's upcoming ICO,True
Metamask Reaches One Million Users,True
"Received my Kong banknotes and they are absolutely stunning,great art and amazing use of a flex PCB",True
You Can Spend Ethereum on Amazon With Bitrefill now!,True
The world‚Äôs first ‚Äòall you can fly‚Äô airline is now accepting payments in ethereum,True
Ethereum Core looking for additional hands.,True
Vitalik Vs. Justin,True
"As a very new person in the crypto currency world, I just wanted to make an observation that this subreddit compared to the Bitcoin subreddit.",True
Ethereum is Processing More Transactions Than Bitcoin After Byzantium Fork,True
"Updated Ethereum POS: ""The first full implementation of Casper is basically done! A preliminary Casper testnet is on its way.""",True
"The proportion of staked ETH has reached the 1% mark. Currently, over 1,24M ETH.",True
"Mastering Ethereum is progressing rapidly - Please review, comment, contribute!",True
Spotify acquires blockchain startup Mediachain to solve music‚Äôs attribution problem,True
A note on how the latest Casper PoC accomplishes its fast block times safely,True
A brain dump on PoS vs PoW arguments,True
[AMA] We are the Eth 2.0 Research Team (Pt. 3),True
"Cancun was a fine choice, Vitalik",True
What is Ethereum Metropolis: The Ultimate Guide,True
Understanding Vyper: The slick New Ethereum language,True
Send Vitalik some love!,True
Santander Vies to Become First Bank to Issue Cash on Blockchain using Public Ethereum Chain,True
Ethereum Has 4x More Developers Than Any Other Crypto Ecosystem,True
The Truth about voting software,True
Federal Reserve Endorses Ethereum-Backed Alternative To Libor,True
"An Ethereum app was just featured to Apple‚Äôs 4.5million followers on Twitter. Audius, an audio streaming app built on Ethereum/IPFS is going mainstream.",True
Bosch confirms trials on Ethereum,True
Criticisms of Ethereum from someone who works in the Ethereum Ecosystem,True
"Positive art during exciting times: ""Miner"" by Nelly Baksht, oil on canvas",True
BTC HODLers when they realize ETH is the future now,True
CryptoZombies: Learn to Code Ethereum DApps By Building Your Own Game,True
New Code Released for Vlad Zamfir's Ethereum 'Casper' Upgrade,True
The Economist on blockchain as the next evolution of double-entry accounting,True
Stolen Ethereum,True
Why is the network being clogged by a single normal address?,True
My Ledger Nano S is finally here!!,True
115+ speakers at EthCC and no one is talking about it?,True
"The Venezuelan ""Petro"" is going to be an ERC20 coin. (Proof Inside)",True
"Etherscan now supports ENS reverse resolution, which makes reading Etherscan *much* easier",True
Ethereum's Next Upgrade Could Be the $29 Billion Blockchain's Biggest Test Yet,True
A proof-of-concept of a better crowdsale contract,True
Great news! Microsoft adopts Ethereum blockchain for gaming royalties,True
"""Ether absolutely can be money if the community wants it to be"" - Vitalik",True
Andy Warhol Art To Be Sold For Bitcoin Via Ethereum Blockchain,True
"Ethereum now world's 17th most valuable currency, ahead of Turkey and Singapore",True
"Jimmy Wales (Founder of Wikipedia) is taking ETH donations to employ blockchains-centric journos for their new fact-check news platform, Wikitribune",True
localethereum.com trading has begun! Over 700 offers to buy and sell ether in more than 70 currencies.,True
MyEtherWallet Ether Cards Are Now Available,True
Bitcoin fees are getting high. Should @OpenBazaar support multiple crypto currencies?,True
"FinCEN wants to force exchanges to keep records on all transactions to and from self-hosted wallets over $3k, and auto-report all transactions over $10k to FinCEN. We only have till Jan 4th to make a public comment. Tell FinCEN to stop this sneak-attack on cryptocurrencies and privacy rights.",True
"Automated patient triage design on Ethereum blockchain wins $10,000 Grand Prize",True
How to Build a Ethereum Blockchain Explorer Dapp,True
"Anyone heard of ""Project Ethereum""? Smh...",True
"Ethereum Founder Anthony Di Iorio on twitter: I urge Ethereum (foundation) including @VitalikButerin to separate from 3rd party dapps/contracts/companies. Focus on education, protocol, scale.",True
I finally have 32 ETH and I build a fun way of viewing it.,True
"Some may not care, but its a big deal to me. My paper on using ERC721s to track assets was published in the IEEE.",True
"Can we PLEASE clean up this sub? I.e. Does the entirety of the new page need to be ""can't see transaction on Etherscan""?",True
"Jack Dorsey is currently selling his first ever Tweet as a NFT on Ethereum for $88,888 atm",True
CME Group announces Ethereum futures product,True
It's time to get real because the market is going up and all the new users here could lose their crypto. Here are the 10 best things you can do to protect yourself & your funds:,True
Say My Name,True
"Solana: Reddit's 5-Day Scaling Challenge in 5 minutes, 40 seconds. Play break.solana.com to experience it for yourself!",True
"Joseph Lubin on Ethereum 2.0: ETH to Become 1,000 Times More Scalable Within 24 Months",True
CoinShares Launches Ethereum ETP With $75 Million in Funds,True
"I think NFTs are the future of video game assets, so I made 50 crypto weapon NFTs that all come with their 3D files to kick start that future!",True
"Serious post. How setting up staking in ETH 2.0 should and shouldn't look for the average person. (the picture on the right is an example, more information is probably needed, but you get the idea)",True
Ernst & Young Doubles Down On Their Bet With Ethereum.,True
Germany's Finance Regulator Chief: Blockchain Can Turn the Entire Financial Sector 'Upside Down',True
Weiss Ratings: Cryptocurrency Will Become 'Fundamentally Safer' Than Banks - Bitcoinist.com,True
Introduction: Smart Contract Development,True
People who think Bitmain can be trusted: you're wrong.,True
SEC charges two ICO's with fraud,True
Porn star Janice Griffith Tweets Ethereum adoption to the porn industry!,True
INFOGRAPHIC: The Road to Serenity,True
Ethereum dev landscape (comic),True
"The Head of Funding at the European Union's investment bank EIB, calls Ethereum technology ""Revolutionary"" -- Bloomberg",True
The Road Ahead for Dai,True
Kevin McCarthy Urges US Government to Go All-In on Blockchain and Make the Government More Transparent,True
[AMA] We are the Eth 2.0 Research Team,True
Blockchain DApp Platforms Comparison (Latest December 2018),True
Dodging a bullet: Ethereum State Problems,True
Ethereum 2.0 Planned For Launch on the 3rd of January 2020,True
This bs SCAM ico is back up. warning!,True
Vitalik at Lex Fridman soon - collecting questions now,True
"Seems that like Cuban, the respected Tyler Cowen thinks Ethereum has more chance of becoming ""money"" than Bitcoin.",True
"In 2020 White hat hackers discovered a security vulnerability and preemptively stole $10mil USD worth of the cryptocurrency Ethereum before anyone else could, stored the funds somewhere else, and then returned all of the funds to their original owners. [x-post from TIL]",True
"ProtonMail is seeking an ""expert in developing secure Ethereum smart contracts""",True
Ethereum Looks To Process 1 Million Transactions Per Second With Raiden‚Äôs Red Eyes Protocol,True
"PSA: In the past 24 hours Tether traded down to $0.92, and TrueUSD up to $1.10. Meanwhile DAI stayed at $1. Remember to stay away from centralized 'stablecoins' with default risk! Congratulations to DAI and the MakerDAO team!",True
"[EIP-999] The Self-Destructed Parity Multi-Sig Wallet With 306k ETH Voted ""Yes"" - **This vote is a fraud**",True
The Reserve Bank of Australian is experimenting with Ethereum for a potential digital AU Dollar,True
"Vitalik Buterin Adds 3,200 ETH worth $1.3 Million to the Ethereum 2.0 Deposit Contract Address",True
We made the New York Times morning briefing!,True
How does EIP 1559 impact Gas issues?,True
Solid progress towards Serenity's Minimum Required Stake,True
MetaMask is back! üéâ,True
OmiseGO (OMG) | Next generation financial network and decentralized economy,True
A new date has been set,True
NIKE's Decision To Go 'Crypto' Will Benefit Ethereum More Than The Shoemaker,True
Questions for Vitalik Buterin - post from Lex Fridman,True
Just purchased my first ETH!,True
Ethereum generated more than $256 billion in transaction volume in 2020.,True
ETH2 deposit threshold reached on the eve of deadline! Congrats team! üéâ,True
"Send ETH to any Reddit username, Google email, or Discord ID with Torus regardless of whether the recipient has logged in before.",True
"Announcing Truffle University, a low-cost program to turn existing software engineers into professional blockchain engineers",True
REAL WORLD USE,True
Geth v1.10.1 - Berlin hard fork ready!,True
FORTUNE.com writes article about Bitcoin. Talks the whole time about... Ethereum. ;),True
6 BILLION USD is now locked in DeFi,True
What is Monolith? An overview of the all-in-one solution to living on Ethereum,True
Crypto‚Äôs Next Catalyst: Gaming,True
The State of Cryptocurrency Mining,True
100k subs,True
You Can Now Accept Ethereum on Twitch,True
"Alexandra Botez, prominent Chess player & Twitch streamer, asks Vitalik to play",True
Ethereum 2.0 Phase 0 spec v0.10.0 has been released,True
